Key,Year,Competition,Squad,O. CrdY,O. CrdR,O. Fld,O. Int,O. TklW,
2019-AFC Asian Cup-au Australia,2019,AFC Asian Cup,au Australia,1.32,0,11.9,9.43,11.7,
2019-AFC Asian Cup-bh Bahrain,2019,AFC Asian Cup,bh Bahrain,1.4,0,10.5,11.2,10,
2019-AFC Asian Cup-cn China PR,2019,AFC Asian Cup,cn China PR,1.4,0,15.2,8.8,10.6,
2019-AFC Asian Cup-in India,2019,AFC Asian Cup,in India,1.33,0,15.3,11.3,6.67,
2019-AFC Asian Cup-ir IR Iran,2019,AFC Asian Cup,ir IR Iran,2.17,0,13.5,9.5,9.67,
2019-AFC Asian Cup-iq Iraq,2019,AFC Asian Cup,iq Iraq,2,0,13.5,10.8,11.3,
2019-AFC Asian Cup-jp Japan,2019,AFC Asian Cup,jp Japan,2.14,0,15,9.14,8.29,
2019-AFC Asian Cup-jo Jordan,2019,AFC Asian Cup,jo Jordan,1.4,0,10.7,10,8.14,
2019-AFC Asian Cup-kp Korea DPR,2019,AFC Asian Cup,kp Korea DPR,1.33,0,16.3,9.67,8.67,
2019-AFC Asian Cup-kr Korea Republic,2019,AFC Asian Cup,kr Korea Republic,2.08,0,10.6,10.6,7.92,
2019-AFC Asian Cup-kg Kyrgyz Republic,2019,AFC Asian Cup,kg Kyrgyz Republic,1.63,0,13.5,7.91,9.77,
2019-AFC Asian Cup-lb Lebanon,2019,AFC Asian Cup,lb Lebanon,2,0,15,9.67,9.67,
2019-AFC Asian Cup-om Oman,2019,AFC Asian Cup,om Oman,2.5,0.25,10.3,9,10.3,
2019-AFC Asian Cup-ps Palestine,2019,AFC Asian Cup,ps Palestine,2,0,14.7,8.33,5.67,
2019-AFC Asian Cup-ph Philippines,2019,AFC Asian Cup,ph Philippines,2.33,0,14.7,10,9,
2019-AFC Asian Cup-qa Qatar,2019,AFC Asian Cup,qa Qatar,2.86,0.29,11.6,14.4,7.71,
2019-AFC Asian Cup-sa Saudi Arabia,2019,AFC Asian Cup,sa Saudi Arabia,3,0.25,11.3,11,9.25,
2019-AFC Asian Cup-sy Syria,2019,AFC Asian Cup,sy Syria,2,0.33,10,11.7,10.3,
2019-AFC Asian Cup-th Thailand,2019,AFC Asian Cup,th Thailand,1.25,0,13,12.3,10.3,
2019-AFC Asian Cup-tm Turkmenistan,2019,AFC Asian Cup,tm Turkmenistan,2,0,13,7.33,10.3,
2019-AFC Asian Cup-ae UAE,2019,AFC Asian Cup,ae UAE,1.75,0,9.68,11.1,7.46,
2019-AFC Asian Cup-uz Uzbekistan,2019,AFC Asian Cup,uz Uzbekistan,1.16,0,12.3,10,6.51,
2019-AFC Asian Cup-vn Vietnam,2019,AFC Asian Cup,vn Vietnam,1.32,0,11.3,10.6,11.1,
2019-AFC Asian Cup-ye Yemen,2019,AFC Asian Cup,ye Yemen,0.67,0,12.7,8.67,12.7,
2021-UEFA Euros-at Austria,2021,UEFA Euros,at Austria,1.16,0,13.7,14,9.3,
2021-UEFA Euros-be Belgium,2021,UEFA Euros,be Belgium,1.6,0,14.4,14.8,11.4,
2021-UEFA Euros-hr Croatia,2021,UEFA Euros,hr Croatia,1.16,0,13.3,14,7.91,
2021-UEFA Euros-cz Czech Republic,2021,UEFA Euros,cz Czech Republic,0.6,0.2,12,20.4,7.2,
2021-UEFA Euros-dk Denmark,2021,UEFA Euros,dk Denmark,1.9,0.16,13.5,13,8.25,
2021-UEFA Euros-eng England,2021,UEFA Euros,eng England,1.82,0,10.1,13,9.35,
2021-UEFA Euros-fi Finland,2021,UEFA Euros,fi Finland,1,0,11.3,9.67,9.67,
2021-UEFA Euros-fr France,2021,UEFA Euros,fr France,1.4,0,14.4,14,12.3,
2021-UEFA Euros-de Germany,2021,UEFA Euros,de Germany,1.5,0,12,13,9.25,
2021-UEFA Euros-hu Hungary,2021,UEFA Euros,hu Hungary,1.33,0,14.7,13.7,12.7,
2021-UEFA Euros-it Italy,2021,UEFA Euros,it Italy,1.5,0.13,12.9,15.9,11,
2021-UEFA Euros-mk N. Macedonia,2021,UEFA Euros,mk N. Macedonia,0.67,0,13.7,15.3,13.7,
2021-UEFA Euros-nl Netherlands,2021,UEFA Euros,nl Netherlands,2,0,10.8,14.5,12.8,
2021-UEFA Euros-pl Poland,2021,UEFA Euros,pl Poland,1.33,0,16.7,14,8.67,
2021-UEFA Euros-pt Portugal,2021,UEFA Euros,pt Portugal,2.5,0,11,12.8,11.3,
2021-UEFA Euros-ru Russia,2021,UEFA Euros,ru Russia,1,0,13.7,13,7,
2021-UEFA Euros-sct Scotland,2021,UEFA Euros,sct Scotland,0.33,0,11.7,14.7,8,
2021-UEFA Euros-sk Slovakia,2021,UEFA Euros,sk Slovakia,1.67,0.33,13.3,9,8.33,
2021-UEFA Euros-es Spain,2021,UEFA Euros,es Spain,1.86,0.14,10.9,18.4,10,
2021-UEFA Euros-se Sweden,2021,UEFA Euros,se Sweden,1.63,0,13.3,6.51,8.37,
2021-UEFA Euros-ch Switzerland,2021,UEFA Euros,ch Switzerland,1.4,0,12.5,11.1,7.19,
2021-UEFA Euros-tr Turkey,2021,UEFA Euros,tr Turkey,1,0,17.7,16.7,7.33,
2021-UEFA Euros-ua Ukraine,2021,UEFA Euros,ua Ukraine,0.75,0.19,8.3,11.9,6.42,
2021-UEFA Euros-wls Wales,2021,UEFA Euros,wls Wales,1.25,0,10,8.25,6,
2016-UEFA Euros-al Albania,2016,UEFA Euros,al Albania,2,0,11.7,12.3,17,
2016-UEFA Euros-at Austria,2016,UEFA Euros,at Austria,2.33,0,10.7,15,9.67,
2016-UEFA Euros-be Belgium,2016,UEFA Euros,be Belgium,3,0,9.6,14.2,6.8,
2016-UEFA Euros-hr Croatia,2016,UEFA Euros,hr Croatia,1.16,0,11.2,18.6,9.07,
2016-UEFA Euros-cz Czech Republic,2016,UEFA Euros,cz Czech Republic,1.67,0,14,16.7,7,
2016-UEFA Euros-eng England,2016,UEFA Euros,eng England,1.25,0,9.5,17.8,13.8,
2016-UEFA Euros-fr France,2016,UEFA Euros,fr France,2.6,0.14,9.59,12.5,13.2,
2016-UEFA Euros-de Germany,2016,UEFA Euros,de Germany,2.06,0,10.5,13.7,11.4,
2016-UEFA Euros-hu Hungary,2016,UEFA Euros,hu Hungary,2.25,0.25,14.3,11.3,9.5,
2016-UEFA Euros-is Iceland,2016,UEFA Euros,is Iceland,1.2,0,13,10.8,9.8,
2016-UEFA Euros-it Italy,2016,UEFA Euros,it Italy,1.7,0,14,12.1,6.98,
2016-UEFA Euros-nir Northern Ireland,2016,UEFA Euros,nir Northern Ireland,1.5,0,13.3,10.3,9.75,
2016-UEFA Euros-pl Poland,2016,UEFA Euros,pl Poland,1.75,0,10.5,17.4,11.9,
2016-UEFA Euros-pt Portugal,2016,UEFA Euros,pt Portugal,2.5,0,11.5,12.6,12,
2016-UEFA Euros-ie Rep. of Ireland,2016,UEFA Euros,ie Rep. of Ireland,2,0,12.5,10.3,10.5,
2016-UEFA Euros-ro Romania,2016,UEFA Euros,ro Romania,2,0,16,15.3,13,
2016-UEFA Euros-ru Russia,2016,UEFA Euros,ru Russia,1,0,11,17.7,5,
2016-UEFA Euros-sk Slovakia,2016,UEFA Euros,sk Slovakia,0.75,0,11.8,14.8,12.8,
2016-UEFA Euros-es Spain,2016,UEFA Euros,es Spain,2.5,0,12.5,14.3,10.5,
2016-UEFA Euros-se Sweden,2016,UEFA Euros,se Sweden,2,0,13,11.7,7.67,
2016-UEFA Euros-ch Switzerland,2016,UEFA Euros,ch Switzerland,3.02,0.23,12.3,13,14.2,
2016-UEFA Euros-tr Turkey,2016,UEFA Euros,tr Turkey,1.67,0,13,13,10.3,
2016-UEFA Euros-ua Ukraine,2016,UEFA Euros,ua Ukraine,1.33,0,14.7,16.3,6.67,
2016-UEFA Euros-wls Wales,2016,UEFA Euros,wls Wales,2,0,9.83,13.2,9.5,
2018-World Cup-ar Argentina,2018,World Cup,ar Argentina,2.25,0,14.8,18.8,10.3,
2018-World Cup-au Australia,2018,World Cup,au Australia,1.67,0,12.7,7.67,14,
2018-World Cup-be Belgium,2018,World Cup,be Belgium,1.86,0,14.3,10.3,6.86,
2018-World Cup-br Brazil,2018,World Cup,br Brazil,2.6,0,11.4,7.2,12.2,
2018-World Cup-co Colombia,2018,World Cup,co Colombia,1.4,0,14.2,13.5,9.07,
2018-World Cup-cr Costa Rica,2018,World Cup,cr Costa Rica,2.33,0,16.3,5.67,11,
2018-World Cup-hr Croatia,2018,World Cup,hr Croatia,1.5,0,13.9,8,6.5,
2018-World Cup-dk Denmark,2018,World Cup,dk Denmark,0.23,0,12.8,6.05,5.12,
2018-World Cup-eg Egypt,2018,World Cup,eg Egypt,0.33,0,14,16,8,
2018-World Cup-eng England,2018,World Cup,eng England,2.08,0,9.61,7.53,7.66,
2018-World Cup-fr France,2018,World Cup,fr France,2.43,0,13.6,9.71,11.9,
2018-World Cup-de Germany,2018,World Cup,de Germany,2.67,0,9,10.7,8,
2018-World Cup-is Iceland,2018,World Cup,is Iceland,1,0,14,6,9.67,
2018-World Cup-ir IR Iran,2018,World Cup,ir IR Iran,1.67,0,15.3,7.33,5.33,
2018-World Cup-jp Japan,2018,World Cup,jp Japan,1.25,0.25,10.5,8.25,8.25,
2018-World Cup-kr Korea Republic,2018,World Cup,kr Korea Republic,0.33,0,20,9.33,12,
2018-World Cup-mx Mexico,2018,World Cup,mx Mexico,2.5,0,13.5,8,13.8,
2018-World Cup-ma Morocco,2018,World Cup,ma Morocco,1.33,0,20,8,10,
2018-World Cup-ng Nigeria,2018,World Cup,ng Nigeria,1.67,0,13.7,11.3,7.67,
2018-World Cup-pa Panama,2018,World Cup,pa Panama,2.33,0,16.7,10,9.33,
2018-World Cup-pe Peru,2018,World Cup,pe Peru,2.67,0,12.3,13.3,9.67,
2018-World Cup-pl Poland,2018,World Cup,pl Poland,1,0,11,10,6,
2018-World Cup-pt Portugal,2018,World Cup,pt Portugal,1,0,12.3,13.8,10.5,
2018-World Cup-ru Russia,2018,World Cup,ru Russia,1.4,0,16.1,6.32,7.37,
2018-World Cup-sa Saudi Arabia,2018,World Cup,sa Saudi Arabia,1,0,11,8.67,10,
2018-World Cup-sn Senegal,2018,World Cup,sn Senegal,1.33,0,15.3,8,8,
2018-World Cup-rs Serbia,2018,World Cup,rs Serbia,1,0,15,9,9.33,
2018-World Cup-es Spain,2018,World Cup,es Spain,2.56,0,8.6,10.9,7.44,
2018-World Cup-se Sweden,2018,World Cup,se Sweden,2,0.4,15.2,6.8,5.4,
2018-World Cup-ch Switzerland,2018,World Cup,ch Switzerland,2.25,0,14.8,13.5,7.25,
2018-World Cup-tn Tunisia,2018,World Cup,tn Tunisia,1.33,0,16,12.3,7.67,
2018-World Cup-uy Uruguay,2018,World Cup,uy Uruguay,1.6,0.2,14.2,13.6,10,
2021-Copa America-ar Argentina,2021,Copa America,ar Argentina,2.88,0.14,20.8,13.8,10.8,11.1
2021-Copa America-bo Bolivia,2021,Copa America,bo Bolivia,1,0,10.3,12.8,16,11.8
2021-Copa America-br Brazil,2021,Copa America,br Brazil,2.86,0,18.9,13.7,15.3,13
2021-Copa America-cl Chile,2021,Copa America,cl Chile,1.4,0.2,13.2,13.4,18,8.8
2021-Copa America-co Colombia,2021,Copa America,co Colombia,2.47,0,14.9,18.4,14.1,11.9
2021-Copa America-ec Ecuador,2021,Copa America,ec Ecuador,1.2,0,14,16.2,14.4,14.4
2021-Copa America-py Paraguay,2021,Copa America,py Paraguay,2.26,0.38,11.5,15.1,13.6,7.55
2021-Copa America-pe Peru,2021,Copa America,pe Peru,1.64,0.14,15.6,14,12.9,13.3
2021-Copa America-uy Uruguay,2021,Copa America,uy Uruguay,1.8,0,14.4,13.6,15.6,10
2021-Copa America-ve Venezuela,2021,Copa America,ve Venezuela,1.75,0.25,12.8,13,12.5,10.8
2019-Copa America-ar Argentina,2019,Copa America,ar Argentina,3.17,0.17,16.3,11,12,
2019-Copa America-bo Bolivia,2019,Copa America,bo Bolivia,1,0,9,10.7,8.33,
2019-Copa America-br Brazil,2019,Copa America,br Brazil,2.54,0.16,15.6,12.2,13.7,
2019-Copa America-cl Chile,2019,Copa America,cl Chile,2.54,0.32,15.9,10.8,10.5,
2019-Copa America-co Colombia,2019,Copa America,co Colombia,2.33,0,12.6,14,8.37,
2019-Copa America-ec Ecuador,2019,Copa America,ec Ecuador,2.33,0,15.3,7,10.3,
2019-Copa America-jp Japan,2019,Copa America,jp Japan,1.33,0,16,13,15.3,
2019-Copa America-py Paraguay,2019,Copa America,py Paraguay,2.79,0,15.6,7.44,9.3,
2019-Copa America-pe Peru,2019,Copa America,pe Peru,2.54,0.32,16,7.62,11.9,
2019-Copa America-qa Qatar,2019,Copa America,qa Qatar,1.67,0,11,7.33,8.67,
2019-Copa America-uy Uruguay,2019,Copa America,uy Uruguay,0.93,0.23,12.6,10.2,8.14,
2019-Copa America-ve Venezuela,2019,Copa America,ve Venezuela,1.75,0,14.3,8.5,10.5,
2016-Copa America-ar Argentina,2016,Copa America,ar Argentina,3.65,0.32,16.2,11.4,14.6,11.9
2016-Copa America-bo Bolivia,2016,Copa America,bo Bolivia,2.67,0,15,18,7.67,11.7
2016-Copa America-br Brazil,2016,Copa America,br Brazil,1.67,0,14,12.7,15.3,13.3
2016-Copa America-cl Chile,2016,Copa America,cl Chile,2.86,0.32,14,14.3,14.8,10.6
2016-Copa America-co Colombia,2016,Copa America,co Colombia,2.7,0.32,16.5,12.7,12.7,10.5
2016-Copa America-cr Costa Rica,2016,Copa America,cr Costa Rica,2,0,11,16,18.3,12.3
2016-Copa America-ec Ecuador,2016,Copa America,ec Ecuador,2.25,0.25,12.8,13.8,12.3,14.5
2016-Copa America-ht Haiti,2016,Copa America,ht Haiti,1.33,0,12.3,13,14.3,17
2016-Copa America-jm Jamaica,2016,Copa America,jm Jamaica,0.67,0,9.67,15.3,10,14.7
2016-Copa America-mx Mexico,2016,Copa America,mx Mexico,2.5,0.25,15.3,12.3,12.3,13
2016-Copa America-pa Panama,2016,Copa America,pa Panama,2,0,17.3,16,9.67,11
2016-Copa America-py Paraguay,2016,Copa America,py Paraguay,3,0.67,18.7,14,17,12.7
2016-Copa America-pe Peru,2016,Copa America,pe Peru,2.09,0.23,13.7,12.8,11.4,11.4
2016-Copa America-us United States,2016,Copa America,us United States,1.67,0.33,13.7,13.2,13.5,11.7
2016-Copa America-uy Uruguay,2016,Copa America,uy Uruguay,2.67,0.33,16.3,12.7,11,12.7
2016-Copa America-ve Venezuela,2016,Copa America,ve Venezuela,1.25,0.25,13.8,16,10.8,18.5
2021-Gold Cup-ca Canada,2021,Gold Cup,ca Canada,1.2,0.2,15.6,11.4,11.8,
2021-Gold Cup-cr Costa Rica,2021,Gold Cup,cr Costa Rica,2,0.25,18,16.8,10.3,
2021-Gold Cup-sv El Salvador,2021,Gold Cup,sv El Salvador,2,0,16,13.8,10,
2021-Gold Cup-gd Grenada,2021,Gold Cup,gd Grenada,0,0,8,10.3,7.33,
2021-Gold Cup-gp Guadeloupe,2021,Gold Cup,gp Guadeloupe,3,0,14,7,7.67,
2021-Gold Cup-gt Guatemala,2021,Gold Cup,gt Guatemala,1,0,13,10.3,7,
2021-Gold Cup-ht Haiti,2021,Gold Cup,ht Haiti,2,0.67,12,10,9,
2021-Gold Cup-hn Honduras,2021,Gold Cup,hn Honduras,1,0,11.3,11.3,6.75,
2021-Gold Cup-jm Jamaica,2021,Gold Cup,jm Jamaica,1,0.25,16.5,9,8.75,
2021-Gold Cup-mq Martinique,2021,Gold Cup,mq Martinique,2,0,13.7,13,6,
2021-Gold Cup-mx Mexico,2021,Gold Cup,mx Mexico,2.22,0,14.1,14.3,9.68,
2021-Gold Cup-pa Panama,2021,Gold Cup,pa Panama,1.67,0,12.3,11.7,9,
2021-Gold Cup-qa Qatar,2021,Gold Cup,qa Qatar,1.4,0,8.2,6.2,5.8,
2021-Gold Cup-sr Suriname,2021,Gold Cup,sr Suriname,3,1,12.3,11,6.67,
2021-Gold Cup-tt Trin & Tobago,2021,Gold Cup,tt Trin & Tobago,0.67,0,11.3,11,7,
2021-Gold Cup-us United States,2021,Gold Cup,us United States,1.27,0,14.6,12.9,10.3,
2019-Gold Cup-bm Bermuda,2019,Gold Cup,bm Bermuda,1.67,0,11.3,1.67,10,
2019-Gold Cup-ca Canada,2019,Gold Cup,ca Canada,1.25,0,13,1.75,15,
2019-Gold Cup-cr Costa Rica,2019,Gold Cup,cr Costa Rica,1.86,0,17.4,1.4,8.14,
2019-Gold Cup-cu Cuba,2019,Gold Cup,cu Cuba,1.33,0,11.7,3,14,
2019-Gold Cup-cw Curaçao,2019,Gold Cup,cw Curaçao,0.25,0,13.5,2.5,13,
2019-Gold Cup-sv El Salvador,2019,Gold Cup,sv El Salvador,2.33,0,13.7,1,6.33,
2019-Gold Cup-gy Guyana,2019,Gold Cup,gy Guyana,0.33,0,12.3,2.67,9.33,
2019-Gold Cup-ht Haiti,2019,Gold Cup,ht Haiti,1.51,0,15.7,2.08,11.7,
2019-Gold Cup-hn Honduras,2019,Gold Cup,hn Honduras,0.33,0,13.3,0.33,10.3,
2019-Gold Cup-jm Jamaica,2019,Gold Cup,jm Jamaica,1.6,0,14.4,0.4,9.8,
2019-Gold Cup-mq Martinique,2019,Gold Cup,mq Martinique,2.33,0.33,15,5,7,
2019-Gold Cup-mx Mexico,2019,Gold Cup,mx Mexico,1.49,0,11.8,1.64,8.36,
2019-Gold Cup-ni Nicaragua,2019,Gold Cup,ni Nicaragua,2,0,10.7,2,11,
2019-Gold Cup-pa Panama,2019,Gold Cup,pa Panama,1.5,0,12.3,0.5,7.75,
2019-Gold Cup-tt Trin & Tobago,2019,Gold Cup,tt Trin & Tobago,0.67,0,13.7,1.67,10,
2019-Gold Cup-us United States,2019,Gold Cup,us United States,1.5,0,14.2,1.5,10.3,
2017-Gold Cup-ca Canada,2017,Gold Cup,ca Canada,1.25,0,15,20,13.8,
2017-Gold Cup-cr Costa Rica,2017,Gold Cup,cr Costa Rica,1.2,0.2,11.8,12.6,11.8,
2017-Gold Cup-cw Curaçao,2017,Gold Cup,cw Curaçao,0.67,0,15.3,14.3,12,
2017-Gold Cup-sv El Salvador,2017,Gold Cup,sv El Salvador,1.25,0,16.5,16.3,15,
2017-Gold Cup-French Guiana,2017,Gold Cup,French Guiana,1.33,0,12.7,11.7,16.3,
2017-Gold Cup-hn Honduras,2017,Gold Cup,hn Honduras,2.5,0,12.3,11,9,
2017-Gold Cup-jm Jamaica,2017,Gold Cup,jm Jamaica,1.5,0,14.3,14.3,12,
2017-Gold Cup-mq Martinique,2017,Gold Cup,mq Martinique,1.33,0,16,12.7,8,
2017-Gold Cup-mx Mexico,2017,Gold Cup,mx Mexico,2.4,0,10.8,17.4,15.2,
2017-Gold Cup-ni Nicaragua,2017,Gold Cup,ni Nicaragua,2,0,12,11.7,13,
2017-Gold Cup-pa Panama,2017,Gold Cup,pa Panama,1.75,0,13,15.8,13.5,
2017-Gold Cup-us United States,2017,Gold Cup,us United States,2,0.17,15,18.2,13.5,
2021-Africa Cup of Nations-dz Algeria,2021,Africa Cup of Nations,dz Algeria,2.67,0,15.3,9.33,13.3,
2021-Africa Cup of Nations-bf Burkina Faso,2021,Africa Cup of Nations,bf Burkina Faso,2.6,0.14,17.1,8.22,7.67,
2021-Africa Cup of Nations-cm Cameroon,2021,Africa Cup of Nations,cm Cameroon,2.05,0.14,12.5,8.49,10.4,
2021-Africa Cup of Nations-cv Cape Verde,2021,Africa Cup of Nations,cv Cape Verde,1.25,0.25,11,8.75,5.5,
2021-Africa Cup of Nations-km Comoros,2021,Africa Cup of Nations,km Comoros,1.5,0.25,12.3,10.3,9.75,
2021-Africa Cup of Nations-ci Côte d'Ivoire,2021,Africa Cup of Nations,ci Côte d'Ivoire,1.4,0,15.6,11.2,6.28,
2021-Africa Cup of Nations-eg Egypt,2021,Africa Cup of Nations,eg Egypt,1.81,0,15.7,8.07,9.52,
2021-Africa Cup of Nations-gq Equ. Guinea,2021,Africa Cup of Nations,gq Equ. Guinea,2.64,0.19,17.7,12.1,7.36,
2021-Africa Cup of Nations-et Ethiopia,2021,Africa Cup of Nations,et Ethiopia,1,0,10.3,9.67,8,
2021-Africa Cup of Nations-ga Gabon,2021,Africa Cup of Nations,ga Gabon,2.79,0.23,22.6,14.4,9.07,
2021-Africa Cup of Nations-gm Gambia,2021,Africa Cup of Nations,gm Gambia,2,0.4,12.6,7.6,7.2,
2021-Africa Cup of Nations-gh Ghana,2021,Africa Cup of Nations,gh Ghana,1.67,0,15.7,9.67,9.33,
2021-Africa Cup of Nations-gn Guinea,2021,Africa Cup of Nations,gn Guinea,2.25,0.25,17.5,6.25,6.75,
2021-Africa Cup of Nations-gw Guinea-Bissau,2021,Africa Cup of Nations,gw Guinea-Bissau,1,0,13,9.67,10.3,
2021-Africa Cup of Nations-mw Malawi,2021,Africa Cup of Nations,mw Malawi,1.25,0,14.5,5.75,7,
2021-Africa Cup of Nations-ml Mali,2021,Africa Cup of Nations,ml Mali,2.33,0,14.9,9.77,8.37,
2021-Africa Cup of Nations-mr Mauritania,2021,Africa Cup of Nations,mr Mauritania,2.33,0,13.7,5.67,9.33,
2021-Africa Cup of Nations-ma Morocco,2021,Africa Cup of Nations,ma Morocco,2.45,0,14.7,7.55,7.55,
2021-Africa Cup of Nations-ng Nigeria,2021,Africa Cup of Nations,ng Nigeria,0.5,0,14.3,10.3,11,
2021-Africa Cup of Nations-sn Senegal,2021,Africa Cup of Nations,sn Senegal,1.64,0.27,13.2,10,7.53,
2021-Africa Cup of Nations-sl Sierra Leone,2021,Africa Cup of Nations,sl Sierra Leone,1.33,0,15.3,6.67,8.33,
2021-Africa Cup of Nations-sd Sudan,2021,Africa Cup of Nations,sd Sudan,1.33,0,13.3,9.67,10,
2021-Africa Cup of Nations-tn Tunisia,2021,Africa Cup of Nations,tn Tunisia,2,0.6,15.2,7.8,8.2,
2021-Africa Cup of Nations-zw Zimbabwe,2021,Africa Cup of Nations,zw Zimbabwe,2,0,12.7,9.33,10.7,
2019-Africa Cup of Nations-dz Algeria,2019,Africa Cup of Nations,dz Algeria,2.05,0,21.5,7.95,8.08,
2019-Africa Cup of Nations-ao Angola,2019,Africa Cup of Nations,ao Angola,1.33,0,10,4,3,
2019-Africa Cup of Nations-bj Benin,2019,Africa Cup of Nations,bj Benin,2.08,0.19,17.4,8.87,8.87,
2019-Africa Cup of Nations-bi Burundi,2019,Africa Cup of Nations,bi Burundi,0.67,0,18,8,9.67,
2019-Africa Cup of Nations-cm Cameroon,2019,Africa Cup of Nations,cm Cameroon,1.25,0,17.8,10.3,10.5,
2019-Africa Cup of Nations-cd Congo DR,2019,Africa Cup of Nations,cd Congo DR,1.4,0,22.8,10,9.07,
2019-Africa Cup of Nations-ci Côte d'Ivoire,2019,Africa Cup of Nations,ci Côte d'Ivoire,1.13,0,21.7,8.87,12.6,
2019-Africa Cup of Nations-eg Egypt,2019,Africa Cup of Nations,eg Egypt,2,0,16.3,10.8,7.75,
2019-Africa Cup of Nations-gh Ghana,2019,Africa Cup of Nations,gh Ghana,1.4,0,11.6,5.81,10,
2019-Africa Cup of Nations-gn Guinea,2019,Africa Cup of Nations,gn Guinea,2,0.25,15,12,9,
2019-Africa Cup of Nations-gw Guinea-Bissau,2019,Africa Cup of Nations,gw Guinea-Bissau,1.67,0,10,5.67,6.67,
2019-Africa Cup of Nations-ke Kenya,2019,Africa Cup of Nations,ke Kenya,1,0,22.7,7.33,13.3,
2019-Africa Cup of Nations-mg Madagascar,2019,Africa Cup of Nations,mg Madagascar,0.57,0,14.2,9.06,12.1,
2019-Africa Cup of Nations-ml Mali,2019,Africa Cup of Nations,ml Mali,2.5,0,14,7.75,9,
2019-Africa Cup of Nations-mr Mauritania,2019,Africa Cup of Nations,mr Mauritania,2,0,13,9.33,7.33,
2019-Africa Cup of Nations-ma Morocco,2019,Africa Cup of Nations,ma Morocco,2.09,0.23,13.7,9.07,8.37,
2019-Africa Cup of Nations-na Namibia,2019,Africa Cup of Nations,na Namibia,0.33,0,16,11,13.3,
2019-Africa Cup of Nations-ng Nigeria,2019,Africa Cup of Nations,ng Nigeria,2.14,0,16.6,10.7,9.43,
2019-Africa Cup of Nations-sn Senegal,2019,Africa Cup of Nations,sn Senegal,2.88,0.27,17.7,7.26,12.5,
2019-Africa Cup of Nations-za South Africa,2019,Africa Cup of Nations,za South Africa,1.6,0,17.2,12.4,8,
2019-Africa Cup of Nations-tz Tanzania,2019,Africa Cup of Nations,tz Tanzania,2,0,17,7,6,
2019-Africa Cup of Nations-tn Tunisia,2019,Africa Cup of Nations,tn Tunisia,1.69,0,16.2,10.3,8.57,
2019-Africa Cup of Nations-ug Uganda,2019,Africa Cup of Nations,ug Uganda,1.25,0,18,7.75,10.8,
2019-Africa Cup of Nations-zw Zimbabwe,2019,Africa Cup of Nations,zw Zimbabwe,1.33,0,16,13,11,
2017-Africa Cup of Nations-dz Algeria,2017,Africa Cup of Nations,dz Algeria,1,0,18.7,9,13.7,
2017-Africa Cup of Nations-bf Burkina Faso,2017,Africa Cup of Nations,bf Burkina Faso,1.59,0,14.9,11.1,12.2,
2017-Africa Cup of Nations-cm Cameroon,2017,Africa Cup of Nations,cm Cameroon,0.79,0,21.3,12.4,13.5,
2017-Africa Cup of Nations-cd Congo DR,2017,Africa Cup of Nations,cd Congo DR,1,0,22.3,9.75,15,
2017-Africa Cup of Nations-ci Côte d'Ivoire,2017,Africa Cup of Nations,ci Côte d'Ivoire,1,0,22,14,17.3,
2017-Africa Cup of Nations-eg Egypt,2017,Africa Cup of Nations,eg Egypt,1.27,0,12.9,13,11.6,
2017-Africa Cup of Nations-ga Gabon,2017,Africa Cup of Nations,ga Gabon,1,0,17.7,8,15.3,
2017-Africa Cup of Nations-gh Ghana,2017,Africa Cup of Nations,gh Ghana,1.17,0,15.2,12.5,11.2,
2017-Africa Cup of Nations-gw Guinea-Bissau,2017,Africa Cup of Nations,gw Guinea-Bissau,1.33,0,14,11.3,12.3,
2017-Africa Cup of Nations-ml Mali,2017,Africa Cup of Nations,ml Mali,1.67,0,14,12.3,14.7,
2017-Africa Cup of Nations-ma Morocco,2017,Africa Cup of Nations,ma Morocco,2,0.25,23.5,13.5,9.75,
2017-Africa Cup of Nations-sn Senegal,2017,Africa Cup of Nations,sn Senegal,1.86,0,15.3,10.9,9.53,
2017-Africa Cup of Nations-tg Togo,2017,Africa Cup of Nations,tg Togo,0.67,0,17.7,11.3,15.3,
2017-Africa Cup of Nations-tn Tunisia,2017,Africa Cup of Nations,tn Tunisia,2.75,0,17.3,16,13,
2017-Africa Cup of Nations-ug Uganda,2017,Africa Cup of Nations,ug Uganda,0.33,0,20.7,8.33,10,
2017-Africa Cup of Nations-zw Zimbabwe,2017,Africa Cup of Nations,zw Zimbabwe,1.67,0,17.7,17.3,12,
2015-Africa Cup of Nations-dz Algeria,2015,Africa Cup of Nations,dz Algeria,1.25,0,20.3,10.8,13.8,
2015-Africa Cup of Nations-bf Burkina Faso,2015,Africa Cup of Nations,bf Burkina Faso,1.33,0,11.7,13.3,15.3,
2015-Africa Cup of Nations-cm Cameroon,2015,Africa Cup of Nations,cm Cameroon,2,0,18.3,17.7,16,
2015-Africa Cup of Nations-cv Cape Verde,2015,Africa Cup of Nations,cv Cape Verde,1,0,13.7,17.7,11.3,
2015-Africa Cup of Nations-cg Congo,2015,Africa Cup of Nations,cg Congo,1.25,0,18,9.25,12.3,
2015-Africa Cup of Nations-cd Congo DR,2015,Africa Cup of Nations,cd Congo DR,1.43,0,17.5,12.1,13.2,
2015-Africa Cup of Nations-ci Côte d'Ivoire,2015,Africa Cup of Nations,ci Côte d'Ivoire,1.11,0,22.4,10.8,13.5,
2015-Africa Cup of Nations-gq Equ. Guinea,2015,Africa Cup of Nations,gq Equ. Guinea,2.09,0,16.6,11.6,13,
2015-Africa Cup of Nations-ga Gabon,2015,Africa Cup of Nations,ga Gabon,1,0,12.3,9.33,14.3,
2015-Africa Cup of Nations-gh Ghana,2015,Africa Cup of Nations,gh Ghana,2.86,0.16,15.4,15.9,11.3,
2015-Africa Cup of Nations-gn Guinea,2015,Africa Cup of Nations,gn Guinea,1,0.25,17.8,17.8,15,
2015-Africa Cup of Nations-ml Mali,2015,Africa Cup of Nations,ml Mali,0.67,0,19,11.3,7.67,
2015-Africa Cup of Nations-sn Senegal,2015,Africa Cup of Nations,sn Senegal,1.67,0,15.7,15,8.67,
2015-Africa Cup of Nations-za South Africa,2015,Africa Cup of Nations,za South Africa,0.67,0,18.3,15,11.3,
2015-Africa Cup of Nations-tn Tunisia,2015,Africa Cup of Nations,tn Tunisia,0.7,0,22.3,12.1,11.9,
2015-Africa Cup of Nations-zm Zambia,2015,Africa Cup of Nations,zm Zambia,0.33,0,19,12.7,10.3,
2022-UEFA WCQ-al Albania,2022,UEFA WCQ,al Albania,1.9,0,12.2,12.1,8.3,
2022-UEFA WCQ-ad Andorra,2022,UEFA WCQ,ad Andorra,2.3,0,18.3,5.9,7,
2022-UEFA WCQ-am Armenia,2022,UEFA WCQ,am Armenia,2.2,0.1,11.7,9.3,9.1,
2022-UEFA WCQ-at Austria,2022,UEFA WCQ,at Austria,1.91,0,12.3,12,8.27,
2022-UEFA WCQ-az Azerbaijan,2022,UEFA WCQ,az Azerbaijan,1.38,0,12.1,11.4,8.25,
2022-UEFA WCQ-by Belarus,2022,UEFA WCQ,by Belarus,1.88,0.13,11.5,9.25,8.88,
2022-UEFA WCQ-be Belgium,2022,UEFA WCQ,be Belgium,1.25,0,8.25,16.5,8.13,
2022-UEFA WCQ-ba Bosnia & Herz'na,2022,UEFA WCQ,ba Bosnia & Herz'na,1.63,0.25,8.88,10.6,7.88,
2022-UEFA WCQ-bg Bulgaria,2022,UEFA WCQ,bg Bulgaria,2.38,0,10.8,8.75,6.63,
2022-UEFA WCQ-hr Croatia,2022,UEFA WCQ,hr Croatia,1.7,0,10.5,13.5,8.9,
2022-UEFA WCQ-cy Cyprus,2022,UEFA WCQ,cy Cyprus,1.8,0,9.3,9.6,10.5,
2022-UEFA WCQ-cz Czech Republic,2022,UEFA WCQ,cz Czech Republic,2.47,0.11,11.4,9.25,7.2,
2022-UEFA WCQ-dk Denmark,2022,UEFA WCQ,dk Denmark,1.8,0.1,8.8,12.1,9.4,
2022-UEFA WCQ-eng England,2022,UEFA WCQ,eng England,3,0.1,8.4,9.6,7.6,
2022-UEFA WCQ-ee Estonia,2022,UEFA WCQ,ee Estonia,1.63,0,13.1,9.38,5.38,
2022-UEFA WCQ-fo Faroe Islands,2022,UEFA WCQ,fo Faroe Islands,1.5,0,13.1,11.8,7.5,
2022-UEFA WCQ-fi Finland,2022,UEFA WCQ,fi Finland,1.5,0.13,7.75,13.8,9,
2022-UEFA WCQ-fr France,2022,UEFA WCQ,fr France,1.5,0,10,9.88,9,
2022-UEFA WCQ-ge Georgia,2022,UEFA WCQ,ge Georgia,2.63,0,10.4,12.8,8.13,
2022-UEFA WCQ-de Germany,2022,UEFA WCQ,de Germany,1.5,0.1,8,13.2,7,
2022-UEFA WCQ-gi Gibraltar,2022,UEFA WCQ,gi Gibraltar,1.3,0,8.9,5.7,8,
2022-UEFA WCQ-gr Greece,2022,UEFA WCQ,gr Greece,2.5,0,11.4,9.63,8.63,
2022-UEFA WCQ-hu Hungary,2022,UEFA WCQ,hu Hungary,2.9,0,11,13,8.3,
2022-UEFA WCQ-is Iceland,2022,UEFA WCQ,is Iceland,2,0.1,12,9.4,7.3,
2022-UEFA WCQ-il Israel,2022,UEFA WCQ,il Israel,2.2,0.2,11,13.6,8,
2022-UEFA WCQ-it Italy,2022,UEFA WCQ,it Italy,2.33,0,10.3,10.3,7.89,
2022-UEFA WCQ-kz Kazakhstan,2022,UEFA WCQ,kz Kazakhstan,1.38,0,10.3,6.63,6.75,
2022-UEFA WCQ-xk Kosovo,2022,UEFA WCQ,xk Kosovo,1.75,0,12,8.25,5.5,
2022-UEFA WCQ-lv Latvia,2022,UEFA WCQ,lv Latvia,1.9,0,12.3,7.9,6.4,
2022-UEFA WCQ-li Liechtenstein,2022,UEFA WCQ,li Liechtenstein,0.6,0,8.5,6.9,7.4,
2022-UEFA WCQ-lt Lithuania,2022,UEFA WCQ,lt Lithuania,1.13,0.13,12.1,9.63,6.75,
2022-UEFA WCQ-lu Luxembourg,2022,UEFA WCQ,lu Luxembourg,2.63,0.13,12.9,10.6,8.5,
2022-UEFA WCQ-mt Malta,2022,UEFA WCQ,mt Malta,1.3,0.1,10.2,10.4,7.9,
2022-UEFA WCQ-md Moldova,2022,UEFA WCQ,md Moldova,0.6,0,13.2,9.6,8.3,
2022-UEFA WCQ-me Montenegro,2022,UEFA WCQ,me Montenegro,2,0,10.6,12.9,7.7,
2022-UEFA WCQ-mk N. Macedonia,2022,UEFA WCQ,mk N. Macedonia,2.33,0.08,10.5,10.7,9.08,
2022-UEFA WCQ-nl Netherlands,2022,UEFA WCQ,nl Netherlands,2.6,0.1,8.9,12.2,8.3,
2022-UEFA WCQ-nir Northern Ireland,2022,UEFA WCQ,nir Northern Ireland,1.75,0,10.4,9.38,5.38,
2022-UEFA WCQ-no Norway,2022,UEFA WCQ,no Norway,2.2,0.1,9.6,9.8,7.7,
2022-UEFA WCQ-pl Poland,2022,UEFA WCQ,pl Poland,2.82,0.18,14.7,10.5,8.45,
2022-UEFA WCQ-pt Portugal,2022,UEFA WCQ,pt Portugal,2.6,0.2,11.3,13,9.7,
2022-UEFA WCQ-ie Rep. of Ireland,2022,UEFA WCQ,ie Rep. of Ireland,2,0.13,11.8,10,8.88,
2022-UEFA WCQ-ro Romania,2022,UEFA WCQ,ro Romania,2.4,0,10.2,12.3,8.4,
2022-UEFA WCQ-ru Russia,2022,UEFA WCQ,ru Russia,1.8,0,11.9,9.8,5.7,
2022-UEFA WCQ-sm San Marino,2022,UEFA WCQ,sm San Marino,0.9,0,10.6,7.1,7.3,
2022-UEFA WCQ-sct Scotland,2022,UEFA WCQ,sct Scotland,1.91,0,9.91,11.3,9.91,
2022-UEFA WCQ-rs Serbia,2022,UEFA WCQ,rs Serbia,2.13,0.13,12.9,15.6,7.38,
2022-UEFA WCQ-sk Slovakia,2022,UEFA WCQ,sk Slovakia,2.2,0.3,12.3,11.9,6.7,
2022-UEFA WCQ-si Slovenia,2022,UEFA WCQ,si Slovenia,2.2,0,11.7,9.5,8.6,
2022-UEFA WCQ-es Spain,2022,UEFA WCQ,es Spain,1.75,0.13,9.75,10.9,7.63,
2022-UEFA WCQ-se Sweden,2022,UEFA WCQ,se Sweden,3.01,0.19,13.9,11.2,6.41,
2022-UEFA WCQ-ch Switzerland,2022,UEFA WCQ,ch Switzerland,1.75,0.13,12.5,10.4,7.5,
2022-UEFA WCQ-tr Turkey,2022,UEFA WCQ,tr Turkey,2.36,0.18,10.8,10.5,5.09,
2022-UEFA WCQ-ua Ukraine,2022,UEFA WCQ,ua Ukraine,2.1,0,7.3,11.3,7,
2022-UEFA WCQ-wls Wales,2022,UEFA WCQ,wls Wales,2.1,0.1,8.4,10.6,5.4,
2021-UEFA Euro Qualifiers-al Albania,2021,UEFA Euro Qualifiers,al Albania,2.3,0,12.4,8.9,9.6,
2021-UEFA Euro Qualifiers-ad Andorra,2021,UEFA Euro Qualifiers,ad Andorra,1.6,0.2,17.8,6.7,6.7,
2021-UEFA Euro Qualifiers-am Armenia,2021,UEFA Euro Qualifiers,am Armenia,1.9,0,12.8,9.1,11.8,
2021-UEFA Euro Qualifiers-at Austria,2021,UEFA Euro Qualifiers,at Austria,2.2,0.1,14,16.3,9.9,
2021-UEFA Euro Qualifiers-az Azerbaijan,2021,UEFA Euro Qualifiers,az Azerbaijan,1.88,0,11.1,7.63,8.25,
2021-UEFA Euro Qualifiers-by Belarus,2021,UEFA Euro Qualifiers,by Belarus,1.22,0,11.7,9.78,10,
2021-UEFA Euro Qualifiers-be Belgium,2021,UEFA Euro Qualifiers,be Belgium,1.8,0.1,9.8,12.9,8.1,
2021-UEFA Euro Qualifiers-ba Bosnia & Herz'na,2021,UEFA Euro Qualifiers,ba Bosnia & Herz'na,1.59,0,11,11.4,8.85,
2021-UEFA Euro Qualifiers-bg Bulgaria,2021,UEFA Euro Qualifiers,bg Bulgaria,2.11,0,11.7,10.9,7.56,
2021-UEFA Euro Qualifiers-hr Croatia,2021,UEFA Euro Qualifiers,hr Croatia,2,0.25,11.6,8.63,8.75,
2021-UEFA Euro Qualifiers-cy Cyprus,2021,UEFA Euro Qualifiers,cy Cyprus,2,0,7.8,9.2,12.3,
2021-UEFA Euro Qualifiers-cz Czech Republic,2021,UEFA Euro Qualifiers,cz Czech Republic,2.38,0,15.5,9.63,8.13,
2021-UEFA Euro Qualifiers-dk Denmark,2021,UEFA Euro Qualifiers,dk Denmark,2.25,0,10.1,9.88,7.75,
2021-UEFA Euro Qualifiers-eng England,2021,UEFA Euro Qualifiers,eng England,1.5,0,9.5,10.9,10.3,
2021-UEFA Euro Qualifiers-ee Estonia,2021,UEFA Euro Qualifiers,ee Estonia,0.63,0.13,8.75,7.5,9.13,
2021-UEFA Euro Qualifiers-fo Faroe Islands,2021,UEFA Euro Qualifiers,fo Faroe Islands,1.8,0.1,11.1,8.1,7,
2021-UEFA Euro Qualifiers-fi Finland,2021,UEFA Euro Qualifiers,fi Finland,2.1,0,11.8,12.8,10.4,
2021-UEFA Euro Qualifiers-fr France,2021,UEFA Euro Qualifiers,fr France,1.9,0,9.8,10.7,7.5,
2021-UEFA Euro Qualifiers-ge Georgia,2021,UEFA Euro Qualifiers,ge Georgia,1.3,0,12.7,9.3,10.8,
2021-UEFA Euro Qualifiers-de Germany,2021,UEFA Euro Qualifiers,de Germany,1.38,0,8.25,14.4,8.75,
2021-UEFA Euro Qualifiers-gi Gibraltar,2021,UEFA Euro Qualifiers,gi Gibraltar,1,0,7.38,8.75,8.25,
2021-UEFA Euro Qualifiers-gr Greece,2021,UEFA Euro Qualifiers,gr Greece,1.5,0.1,10.5,11.1,8.2,
2021-UEFA Euro Qualifiers-hu Hungary,2021,UEFA Euro Qualifiers,hu Hungary,2.4,0,14.1,11.7,9.7,
2021-UEFA Euro Qualifiers-is Iceland,2021,UEFA Euro Qualifiers,is Iceland,2.58,0,12.6,11.3,9,
2021-UEFA Euro Qualifiers-il Israel,2021,UEFA Euro Qualifiers,il Israel,2.12,0,11.5,11.7,8.85,
2021-UEFA Euro Qualifiers-it Italy,2021,UEFA Euro Qualifiers,it Italy,2.2,0.2,9.6,11.7,8.3,
2021-UEFA Euro Qualifiers-kz Kazakhstan,2021,UEFA Euro Qualifiers,kz Kazakhstan,1.6,0,14.2,8.9,8.5,
2021-UEFA Euro Qualifiers-xk Kosovo,2021,UEFA Euro Qualifiers,xk Kosovo,2.44,0,13,10.8,7.44,
2021-UEFA Euro Qualifiers-lv Latvia,2021,UEFA Euro Qualifiers,lv Latvia,1.1,0,14.9,10.1,9.3,
2021-UEFA Euro Qualifiers-li Liechtenstein,2021,UEFA Euro Qualifiers,li Liechtenstein,0.9,0,7.9,9.2,9,
2021-UEFA Euro Qualifiers-lt Lithuania,2021,UEFA Euro Qualifiers,lt Lithuania,1.25,0,10.5,8.88,8.63,
2021-UEFA Euro Qualifiers-lu Luxembourg,2021,UEFA Euro Qualifiers,lu Luxembourg,2.38,0.25,13.4,7.75,8.75,
2021-UEFA Euro Qualifiers-mt Malta,2021,UEFA Euro Qualifiers,mt Malta,0.8,0.1,9.7,7.6,8,
2021-UEFA Euro Qualifiers-md Moldova,2021,UEFA Euro Qualifiers,md Moldova,1.6,0,12.3,8.8,7.3,
2021-UEFA Euro Qualifiers-me Montenegro,2021,UEFA Euro Qualifiers,me Montenegro,2.25,0,13.1,9.75,13.3,
2021-UEFA Euro Qualifiers-mk N. Macedonia,2021,UEFA Euro Qualifiers,mk N. Macedonia,1.92,0.08,11.5,11.2,10.7,
2021-UEFA Euro Qualifiers-nl Netherlands,2021,UEFA Euro Qualifiers,nl Netherlands,2,0,10.1,13.3,10.1,
2021-UEFA Euro Qualifiers-nir Northern Ireland,2021,UEFA Euro Qualifiers,nir Northern Ireland,1.21,0,10.7,7.29,8.6,
2021-UEFA Euro Qualifiers-no Norway,2021,UEFA Euro Qualifiers,no Norway,2.3,0,11.9,10.3,7.96,
2021-UEFA Euro Qualifiers-pl Poland,2021,UEFA Euro Qualifiers,pl Poland,2.5,0.2,14.6,10.3,7.8,
2021-UEFA Euro Qualifiers-pt Portugal,2021,UEFA Euro Qualifiers,pt Portugal,2.13,0.13,9.38,10.6,10.1,
2021-UEFA Euro Qualifiers-ie Rep. of Ireland,2021,UEFA Euro Qualifiers,ie Rep. of Ireland,1.51,0,12.3,10.1,7.31,
2021-UEFA Euro Qualifiers-ro Romania,2021,UEFA Euro Qualifiers,ro Romania,1.64,0.09,11.7,10.5,10.5,
2021-UEFA Euro Qualifiers-ru Russia,2021,UEFA Euro Qualifiers,ru Russia,1.6,0.1,11.5,10.6,7.3,
2021-UEFA Euro Qualifiers-sm San Marino,2021,UEFA Euro Qualifiers,sm San Marino,0.8,0,10.5,5.8,7.3,
2021-UEFA Euro Qualifiers-sct Scotland,2021,UEFA Euro Qualifiers,sct Scotland,1.73,0,9.61,10.2,8.27,
2021-UEFA Euro Qualifiers-rs Serbia,2021,UEFA Euro Qualifiers,rs Serbia,1.5,0,12,11.1,7.66,
2021-UEFA Euro Qualifiers-sk Slovakia,2021,UEFA Euro Qualifiers,sk Slovakia,2.43,0.09,11.3,10.3,8.22,
2021-UEFA Euro Qualifiers-si Slovenia,2021,UEFA Euro Qualifiers,si Slovenia,3.1,0,13.9,11,11.5,
2021-UEFA Euro Qualifiers-es Spain,2021,UEFA Euro Qualifiers,es Spain,1.1,0,8,10.9,6.5,
2021-UEFA Euro Qualifiers-se Sweden,2021,UEFA Euro Qualifiers,se Sweden,2.1,0,12.5,10.1,7.8,
2021-UEFA Euro Qualifiers-ch Switzerland,2021,UEFA Euro Qualifiers,ch Switzerland,2.38,0.13,10.9,11.6,10,
2021-UEFA Euro Qualifiers-tr Turkey,2021,UEFA Euro Qualifiers,tr Turkey,2.7,0,12.6,9.4,9.1,
2021-UEFA Euro Qualifiers-ua Ukraine,2021,UEFA Euro Qualifiers,ua Ukraine,2,0,11.3,10.6,9.38,
2021-UEFA Euro Qualifiers-wls Wales,2021,UEFA Euro Qualifiers,wls Wales,3.88,0.13,12.3,8.25,7.25,
2022-CONMEBOL WCQ-ar Argentina,2022,CONMEBOL WCQ,ar Argentina,2.61,0.06,11.4,10.8,10.8,
2022-CONMEBOL WCQ-bo Bolivia,2022,CONMEBOL WCQ,bo Bolivia,1.33,0,11.1,8.83,9.94,
2022-CONMEBOL WCQ-br Brazil,2022,CONMEBOL WCQ,br Brazil,3,0.22,11.8,11.8,9.61,
2022-CONMEBOL WCQ-cl Chile,2022,CONMEBOL WCQ,cl Chile,2.39,0.11,13.9,11.6,8.61,
2022-CONMEBOL WCQ-co Colombia,2022,CONMEBOL WCQ,co Colombia,3,0.22,14.3,10.4,9,
2022-CONMEBOL WCQ-ec Ecuador,2022,CONMEBOL WCQ,ec Ecuador,2.56,0.17,13.7,9.56,11.4,
2022-CONMEBOL WCQ-py Paraguay,2022,CONMEBOL WCQ,py Paraguay,2.28,0.06,14.2,10.6,8.44,
2022-CONMEBOL WCQ-pe Peru,2022,CONMEBOL WCQ,pe Peru,2.22,0.17,13.9,11.1,9.78,
2022-CONMEBOL WCQ-uy Uruguay,2022,CONMEBOL WCQ,uy Uruguay,2.06,0.17,12.1,11.6,9.39,
2022-CONMEBOL WCQ-ve Venezuela,2022,CONMEBOL WCQ,ve Venezuela,1.44,0.06,14.2,11.9,11.2,
