Key,Year,Competition,Squad,O. Gls,O. Sh,O. SoT,O. SoT%,O. G/Sh,O. G/SoT,O. PKatt
2019-AFC Asian Cup-au Australia,2019,AFC Asian Cup,au Australia,0.75,7.74,3.02,39,0.07,0.19,0.19
2019-AFC Asian Cup-bh Bahrain,2019,AFC Asian Cup,bh Bahrain,0.93,9.53,1.63,17.1,0.07,0.43,0.23
2019-AFC Asian Cup-cn China PR,2019,AFC Asian Cup,cn China PR,1.4,12,4.2,35,0.1,0.29,0.2
2019-AFC Asian Cup-in India,2019,AFC Asian Cup,in India,1.33,15,3.67,24.4,0.07,0.27,0.33
2019-AFC Asian Cup-ir IR Iran,2019,AFC Asian Cup,ir IR Iran,0.5,5.67,2,35.3,0.06,0.17,0.33
2019-AFC Asian Cup-iq Iraq,2019,AFC Asian Cup,iq Iraq,0.5,8.75,2.75,31.4,0.06,0.18,0
2019-AFC Asian Cup-jp Japan,2019,AFC Asian Cup,jp Japan,0.86,10.3,2.57,25,0.06,0.22,0.29
2019-AFC Asian Cup-jo Jordan,2019,AFC Asian Cup,jo Jordan,0.23,13.5,5.12,37.9,0.02,0.05,0
2019-AFC Asian Cup-kp Korea DPR,2019,AFC Asian Cup,kp Korea DPR,4.67,17.3,7.67,44.2,0.25,0.57,0.33
2019-AFC Asian Cup-kr Korea Republic,2019,AFC Asian Cup,kr Korea Republic,0.38,9.81,2.45,25,0.04,0.15,0
2019-AFC Asian Cup-kg Kyrgyz Republic,2019,AFC Asian Cup,kg Kyrgyz Republic,1.4,13,3.72,28.6,0.09,0.31,0.23
2019-AFC Asian Cup-lb Lebanon,2019,AFC Asian Cup,lb Lebanon,1.67,13,5,38.5,0.13,0.33,0
2019-AFC Asian Cup-om Oman,2019,AFC Asian Cup,om Oman,1.5,9,4.5,50,0.11,0.22,0.5
2019-AFC Asian Cup-ps Palestine,2019,AFC Asian Cup,ps Palestine,1,13,4.33,33.3,0.08,0.23,0
2019-AFC Asian Cup-ph Philippines,2019,AFC Asian Cup,ph Philippines,2.33,17,7,41.2,0.14,0.33,0
2019-AFC Asian Cup-qa Qatar,2019,AFC Asian Cup,qa Qatar,0.14,9.86,1.71,17.4,0.01,0.08,0
2019-AFC Asian Cup-sa Saudi Arabia,2019,AFC Asian Cup,sa Saudi Arabia,0.75,6.75,2.25,33.3,0.11,0.33,0.25
2019-AFC Asian Cup-sy Syria,2019,AFC Asian Cup,sy Syria,1.67,12.3,4,32.4,0.14,0.42,0
2019-AFC Asian Cup-th Thailand,2019,AFC Asian Cup,th Thailand,1.75,13.5,4.75,35.2,0.09,0.26,0.5
2019-AFC Asian Cup-tm Turkmenistan,2019,AFC Asian Cup,tm Turkmenistan,3.33,21.3,8.33,39.1,0.16,0.4,0
2019-AFC Asian Cup-ae UAE,2019,AFC Asian Cup,ae UAE,1.27,11.3,3.33,29.6,0.11,0.38,0
2019-AFC Asian Cup-uz Uzbekistan,2019,AFC Asian Cup,uz Uzbekistan,0.7,14.4,5.81,40.3,0.05,0.12,0
2019-AFC Asian Cup-vn Vietnam,2019,AFC Asian Cup,vn Vietnam,1.32,12.3,4.53,36.9,0.09,0.25,0.19
2019-AFC Asian Cup-ye Yemen,2019,AFC Asian Cup,ye Yemen,3.33,14,6.33,45.2,0.21,0.47,0.33
2021-UEFA Euros-at Austria,2021,UEFA Euros,at Austria,1.16,11.9,2.56,21.6,0.08,0.36,0.23
2021-UEFA Euros-be Belgium,2021,UEFA Euros,be Belgium,0.6,14,3,21.4,0.04,0.2,0
2021-UEFA Euros-hr Croatia,2021,UEFA Euros,hr Croatia,1.86,12.3,3.49,28.3,0.13,0.47,0.23
2021-UEFA Euros-cz Czech Republic,2021,UEFA Euros,cz Czech Republic,0.8,10.6,3.2,30.2,0.08,0.25,0
2021-UEFA Euros-dk Denmark,2021,UEFA Euros,dk Denmark,0.95,9.37,3.33,35.6,0.08,0.24,0.32
2021-UEFA Euros-eng England,2021,UEFA Euros,eng England,0.26,8.7,2.21,25.4,0.03,0.12,0
2021-UEFA Euros-fi Finland,2021,UEFA Euros,fi Finland,0.67,17.3,5,28.8,0.04,0.13,0.33
2021-UEFA Euros-fr France,2021,UEFA Euros,fr France,1.4,8.14,2.56,31.4,0.11,0.36,0.7
2021-UEFA Euros-de Germany,2021,UEFA Euros,de Germany,1.5,6.25,2.5,40,0.24,0.6,0
2021-UEFA Euros-hu Hungary,2021,UEFA Euros,hu Hungary,2,15,5.33,35.6,0.11,0.31,0.33
2021-UEFA Euros-it Italy,2021,UEFA Euros,it Italy,0.5,7.38,1.5,20.3,0.05,0.25,0.13
2021-UEFA Euros-mk N. Macedonia,2021,UEFA Euros,mk N. Macedonia,2.67,14.3,7,48.8,0.19,0.38,0.33
2021-UEFA Euros-nl Netherlands,2021,UEFA Euros,nl Netherlands,1,10.3,3,29.3,0.1,0.33,0
2021-UEFA Euros-pl Poland,2021,UEFA Euros,pl Poland,1.67,11,3.67,33.3,0.15,0.45,0.33
2021-UEFA Euros-pt Portugal,2021,UEFA Euros,pt Portugal,1.25,8.5,3.75,44.1,0.12,0.27,0.25
2021-UEFA Euros-ru Russia,2021,UEFA Euros,ru Russia,2.33,12,4.67,38.9,0.19,0.5,0
2021-UEFA Euros-sct Scotland,2021,UEFA Euros,sct Scotland,1.67,10,5,50,0.17,0.33,0
2021-UEFA Euros-sk Slovakia,2021,UEFA Euros,sk Slovakia,1.67,16,5,31.3,0.08,0.27,0.67
2021-UEFA Euros-es Spain,2021,UEFA Euros,es Spain,0.71,5.43,2,36.8,0.13,0.36,0
2021-UEFA Euros-se Sweden,2021,UEFA Euros,se Sweden,0.93,14,3.49,25,0.07,0.27,0
2021-UEFA Euros-ch Switzerland,2021,UEFA Euros,ch Switzerland,1.4,17,5.26,30.9,0.08,0.27,0
2021-UEFA Euros-tr Turkey,2021,UEFA Euros,tr Turkey,2.33,20.7,8.33,40.3,0.11,0.28,0.33
2021-UEFA Euros-ua Ukraine,2021,UEFA Euros,ua Ukraine,1.89,12.8,4.53,35.3,0.15,0.42,0.19
2021-UEFA Euros-wls Wales,2021,UEFA Euros,wls Wales,1.5,18.8,6,32,0.08,0.25,0
2016-UEFA Euros-al Albania,2016,UEFA Euros,al Albania,1,17.7,4,22.6,0.06,0.25,0
2016-UEFA Euros-at Austria,2016,UEFA Euros,at Austria,1.33,16,5.33,33.3,0.08,0.25,0.33
2016-UEFA Euros-be Belgium,2016,UEFA Euros,be Belgium,1,13,4.6,35.4,0.08,0.22,0
2016-UEFA Euros-hr Croatia,2016,UEFA Euros,hr Croatia,0.93,8.84,2.56,28.9,0.08,0.27,0.47
2016-UEFA Euros-cz Czech Republic,2016,UEFA Euros,cz Czech Republic,1.67,14.7,4,27.3,0.11,0.42,0
2016-UEFA Euros-eng England,2016,UEFA Euros,eng England,1,6.5,2.75,42.3,0.15,0.36,0
2016-UEFA Euros-fr France,2016,UEFA Euros,fr France,0.68,9.45,2.33,24.6,0.04,0.18,0.27
2016-UEFA Euros-de Germany,2016,UEFA Euros,de Germany,0.48,8.1,2.38,29.4,0.02,0.07,0.32
2016-UEFA Euros-hu Hungary,2016,UEFA Euros,hu Hungary,2,17,6.25,36.8,0.1,0.28,0.25
2016-UEFA Euros-is Iceland,2016,UEFA Euros,is Iceland,1.6,18.8,6.4,34,0.07,0.22,0.4
2016-UEFA Euros-it Italy,2016,UEFA Euros,it Italy,0.38,11.3,2.83,25,0.03,0.13,0
2016-UEFA Euros-nir Northern Ireland,2016,UEFA Euros,nir Northern Ireland,0.5,17,4.5,26.5,0.03,0.11,0
2016-UEFA Euros-pl Poland,2016,UEFA Euros,pl Poland,0.35,14.7,3.51,23.8,0.02,0.1,0
2016-UEFA Euros-pt Portugal,2016,UEFA Euros,pt Portugal,0.63,9.38,3.25,34.7,0.07,0.19,0
2016-UEFA Euros-ie Rep. of Ireland,2016,UEFA Euros,ie Rep. of Ireland,1.25,13.5,4.75,35.2,0.09,0.26,0
2016-UEFA Euros-ro Romania,2016,UEFA Euros,ro Romania,1.33,16,5.67,35.4,0.08,0.24,0
2016-UEFA Euros-ru Russia,2016,UEFA Euros,ru Russia,2,14.3,6.67,46.5,0.14,0.3,0
2016-UEFA Euros-sk Slovakia,2016,UEFA Euros,sk Slovakia,1.5,19,5.5,28.9,0.08,0.27,0.25
2016-UEFA Euros-es Spain,2016,UEFA Euros,es Spain,1,9.5,3.5,36.8,0.11,0.29,0
2016-UEFA Euros-se Sweden,2016,UEFA Euros,se Sweden,1,12.7,5,39.5,0.08,0.2,0
2016-UEFA Euros-ch Switzerland,2016,UEFA Euros,ch Switzerland,0.47,13,3.49,26.8,0.02,0.07,0.23
2016-UEFA Euros-tr Turkey,2016,UEFA Euros,tr Turkey,1.33,17,6,35.3,0.08,0.22,0
2016-UEFA Euros-ua Ukraine,2016,UEFA Euros,ua Ukraine,1.67,13,6,46.2,0.13,0.28,0
2016-UEFA Euros-wls Wales,2016,UEFA Euros,wls Wales,1,13.7,4,29.3,0.07,0.25,0
2018-World Cup-ar Argentina,2018,World Cup,ar Argentina,2.25,9.75,3,30.8,0.18,0.58,0.5
2018-World Cup-au Australia,2018,World Cup,au Australia,1.33,8.33,3.67,44,0.12,0.27,0.33
2018-World Cup-be Belgium,2018,World Cup,be Belgium,0.86,15.3,4.43,29,0.06,0.19,0
2018-World Cup-br Brazil,2018,World Cup,br Brazil,0.4,8.8,1.4,15.9,0.05,0.29,0
2018-World Cup-co Colombia,2018,World Cup,co Colombia,0.7,10.9,2.56,23.4,0.02,0.09,0.47
2018-World Cup-cr Costa Rica,2018,World Cup,cr Costa Rica,1.67,16,4.67,29.2,0.1,0.36,0
2018-World Cup-hr Croatia,2018,World Cup,hr Croatia,1,10.5,3.13,29.8,0.07,0.24,0.25
2018-World Cup-dk Denmark,2018,World Cup,dk Denmark,0.47,13.7,4.42,32.2,0.02,0.05,0.7
2018-World Cup-eg Egypt,2018,World Cup,eg Egypt,1.67,15.7,4.33,27.7,0.09,0.31,0.67
2018-World Cup-eng England,2018,World Cup,eng England,1.04,10.6,2.99,28,0.09,0.3,0.13
2018-World Cup-fr France,2018,World Cup,fr France,0.86,9.57,2.43,25.4,0.07,0.29,0.14
2018-World Cup-de Germany,2018,World Cup,de Germany,1.33,10.3,5,48.4,0.13,0.27,0
2018-World Cup-is Iceland,2018,World Cup,is Iceland,1.67,19,4,21.1,0.09,0.42,0.33
2018-World Cup-ir IR Iran,2018,World Cup,ir IR Iran,0.67,15.3,3,19.6,0.04,0.22,0.33
2018-World Cup-jp Japan,2018,World Cup,jp Japan,1.75,16,4.75,29.7,0.11,0.37,0
2018-World Cup-kr Korea Republic,2018,World Cup,kr Korea Republic,1,19,4.33,22.8,0.02,0.08,0.67
2018-World Cup-mx Mexico,2018,World Cup,mx Mexico,1.25,19,7.25,38.2,0.05,0.14,0.25
2018-World Cup-ma Morocco,2018,World Cup,ma Morocco,1,12.7,2.33,18.4,0.08,0.43,0
2018-World Cup-ng Nigeria,2018,World Cup,ng Nigeria,1,9,2.33,25.9,0.07,0.29,0.67
2018-World Cup-pa Panama,2018,World Cup,pa Panama,3.67,13,5.67,43.6,0.23,0.53,0.67
2018-World Cup-pe Peru,2018,World Cup,pe Peru,0.67,13,3,23.1,0.05,0.22,0
2018-World Cup-pl Poland,2018,World Cup,pl Poland,1.33,10.3,2.33,22.6,0.13,0.57,0
2018-World Cup-pt Portugal,2018,World Cup,pt Portugal,1.5,11,3.25,29.5,0.11,0.38,0.25
2018-World Cup-ru Russia,2018,World Cup,ru Russia,0.88,13.7,3.51,25.6,0.05,0.2,0.18
2018-World Cup-sa Saudi Arabia,2018,World Cup,sa Saudi Arabia,2.33,12,3.67,30.6,0.19,0.64,0
2018-World Cup-sn Senegal,2018,World Cup,sn Senegal,1.33,7,2.67,38.1,0.19,0.5,0
2018-World Cup-rs Serbia,2018,World Cup,rs Serbia,1.33,14.7,5,34.1,0.09,0.27,0
2018-World Cup-es Spain,2018,World Cup,es Spain,1.4,6.98,1.16,16.7,0.13,0.8,0.47
2018-World Cup-se Sweden,2018,World Cup,se Sweden,0.8,14.6,2.6,17.8,0.05,0.31,0
2018-World Cup-ch Switzerland,2018,World Cup,ch Switzerland,1,14.5,4,27.6,0.07,0.25,0.25
2018-World Cup-tn Tunisia,2018,World Cup,tn Tunisia,2.33,16.3,7,42.9,0.12,0.29,0.33
2018-World Cup-uy Uruguay,2018,World Cup,uy Uruguay,0.6,10.2,2.4,23.5,0.06,0.25,0
2021-Copa America-ar Argentina,2021,Copa America,ar Argentina,0.41,8.22,2.33,28.3,0.05,0.18,0.14
2021-Copa America-bo Bolivia,2021,Copa America,bo Bolivia,2.25,22,10.5,47.7,0.09,0.19,0.25
2021-Copa America-br Brazil,2021,Copa America,br Brazil,0.43,6.43,2.57,40,0.07,0.17,0
2021-Copa America-cl Chile,2021,Copa America,cl Chile,0.8,12,3.6,30,0.05,0.17,0.2
2021-Copa America-co Colombia,2021,Copa America,co Colombia,0.82,8.63,2.47,28.6,0.1,0.33,0
2021-Copa America-ec Ecuador,2021,Copa America,ec Ecuador,1.8,9.4,3.6,38.3,0.19,0.5,0
2021-Copa America-py Paraguay,2021,Copa America,py Paraguay,0.94,8.68,3.02,34.8,0.07,0.19,0.38
2021-Copa America-pe Peru,2021,Copa America,pe Peru,1.78,13.3,5.89,44.3,0.12,0.28,0.14
2021-Copa America-uy Uruguay,2021,Copa America,uy Uruguay,0.4,7.2,2.8,38.9,0.06,0.14,0
2021-Copa America-ve Venezuela,2021,Copa America,ve Venezuela,1.5,17.3,5.75,33.3,0.07,0.22,0.25
2019-Copa America-ar Argentina,2019,Copa America,ar Argentina,1,6.17,2.17,35.1,0.14,0.38,0.33
2019-Copa America-bo Bolivia,2019,Copa America,bo Bolivia,3,17.7,7,39.6,0.15,0.38,0.33
2019-Copa America-br Brazil,2019,Copa America,br Brazil,0.16,7.14,1.43,20,0,0,0.16
2019-Copa America-cl Chile,2019,Copa America,cl Chile,1.11,9.21,2.86,31,0.1,0.33,0.16
2019-Copa America-co Colombia,2019,Copa America,co Colombia,0,9.3,2.79,30,0,0,0
2019-Copa America-ec Ecuador,2019,Copa America,ec Ecuador,2,14,5.67,40.5,0.14,0.35,0
2019-Copa America-jp Japan,2019,Copa America,jp Japan,2.33,20,6.67,33.3,0.1,0.3,0.33
2019-Copa America-py Paraguay,2019,Copa America,py Paraguay,0.93,12.3,4.65,37.7,0.06,0.15,0.23
2019-Copa America-pe Peru,2019,Copa America,pe Peru,1.43,12.7,4.6,36.3,0.09,0.24,0.63
2019-Copa America-qa Qatar,2019,Copa America,qa Qatar,1.67,17.3,6.33,36.5,0.08,0.21,0.33
2019-Copa America-uy Uruguay,2019,Copa America,uy Uruguay,0.47,6.74,1.63,24.1,0.07,0.29,0
2019-Copa America-ve Venezuela,2019,Copa America,ve Venezuela,0.75,16,5.25,32.8,0.05,0.14,0
2016-Copa America-ar Argentina,2016,Copa America,ar Argentina,0.32,5.08,2.38,46.9,0.06,0.13,0.16
2016-Copa America-bo Bolivia,2016,Copa America,bo Bolivia,2.33,16.3,7.33,44.9,0.12,0.27,0.33
2016-Copa America-br Brazil,2016,Copa America,br Brazil,0.67,6,2.33,38.9,0.11,0.29,0
2016-Copa America-cl Chile,2016,Copa America,cl Chile,0.79,11.9,2.54,21.3,0.07,0.31,0
2016-Copa America-co Colombia,2016,Copa America,co Colombia,0.79,8.25,2.38,28.8,0.1,0.33,0
2016-Copa America-cr Costa Rica,2016,Copa America,cr Costa Rica,2,11.3,3.67,32.4,0.15,0.45,0.33
2016-Copa America-ec Ecuador,2016,Copa America,ec Ecuador,1,8.75,3,34.3,0.11,0.33,0
2016-Copa America-ht Haiti,2016,Copa America,ht Haiti,4,17.3,9.33,53.8,0.23,0.43,0
2016-Copa America-jm Jamaica,2016,Copa America,jm Jamaica,1.67,16,5,31.3,0.1,0.33,0
2016-Copa America-mx Mexico,2016,Copa America,mx Mexico,2.25,12.8,5.75,45.1,0.18,0.39,0
2016-Copa America-pa Panama,2016,Copa America,pa Panama,3.33,15.7,6.67,42.6,0.21,0.5,0
2016-Copa America-py Paraguay,2016,Copa America,py Paraguay,1,9,4,44.4,0.11,0.25,0
2016-Copa America-pe Peru,2016,Copa America,pe Peru,0.47,10.5,3.02,28.9,0.04,0.15,0
2016-Copa America-us United States,2016,Copa America,us United States,1.33,13.5,4.83,35.8,0.09,0.24,0.17
2016-Copa America-uy Uruguay,2016,Copa America,uy Uruguay,1,13,4.67,35.9,0.08,0.21,0
2016-Copa America-ve Venezuela,2016,Copa America,ve Venezuela,1.25,14.8,4.75,32.2,0.08,0.26,0
2021-Gold Cup-ca Canada,2021,Gold Cup,ca Canada,1,7.8,2.8,35.9,0.1,0.29,0.4
2021-Gold Cup-cr Costa Rica,2021,Gold Cup,cr Costa Rica,1,14.3,3.75,26.3,0.07,0.27,0
2021-Gold Cup-sv El Salvador,2021,Gold Cup,sv El Salvador,1,10,3.5,35,0.08,0.21,0.25
2021-Gold Cup-gd Grenada,2021,Gold Cup,gd Grenada,3.67,15.7,6.67,42.6,0.23,0.55,0
2021-Gold Cup-gp Guadeloupe,2021,Gold Cup,gp Guadeloupe,2.33,16.3,7.67,46.9,0.14,0.3,0
2021-Gold Cup-gt Guatemala,2021,Gold Cup,gt Guatemala,2,15,6,40,0.13,0.33,0
2021-Gold Cup-ht Haiti,2021,Gold Cup,ht Haiti,2,12.7,4.67,36.8,0.11,0.29,0.67
2021-Gold Cup-hn Honduras,2021,Gold Cup,hn Honduras,1.75,15.5,5.25,33.9,0.1,0.29,0.5
2021-Gold Cup-jm Jamaica,2021,Gold Cup,jm Jamaica,0.5,8,3,37.5,0.06,0.17,0
2021-Gold Cup-mq Martinique,2021,Gold Cup,mq Martinique,3.67,17.7,8.33,47.2,0.21,0.44,0
2021-Gold Cup-mx Mexico,2021,Gold Cup,mx Mexico,0.32,7.62,2.06,27.1,0.04,0.15,0
2021-Gold Cup-pa Panama,2021,Gold Cup,pa Panama,2.33,11,6,54.5,0.18,0.33,0.33
2021-Gold Cup-qa Qatar,2021,Gold Cup,qa Qatar,1.2,9,3.4,37.8,0.11,0.29,0.2
2021-Gold Cup-sr Suriname,2021,Gold Cup,sr Suriname,1.67,10.3,4,38.7,0.16,0.42,0
2021-Gold Cup-tt Trin & Tobago,2021,Gold Cup,tt Trin & Tobago,1,21.7,6,27.7,0.05,0.17,0
2021-Gold Cup-us United States,2021,Gold Cup,us United States,0.16,13.5,3.65,27.1,0,0,0.32
2019-Gold Cup-bm Bermuda,2019,Gold Cup,bm Bermuda,1.33,20.3,7.67,37.7,0.07,0.17,0
2019-Gold Cup-ca Canada,2019,Gold Cup,ca Canada,1.5,15,4,26.7,0.08,0.31,0.25
2019-Gold Cup-cr Costa Rica,2019,Gold Cup,cr Costa Rica,0.93,12.3,3.72,30.2,0.04,0.13,0.47
2019-Gold Cup-cu Cuba,2019,Gold Cup,cu Cuba,5.67,25.3,12,47.4,0.22,0.47,0.67
2019-Gold Cup-cw Curaçao,2019,Gold Cup,cw Curaçao,0.75,17.8,6.75,38,0.04,0.11,0
2019-Gold Cup-sv El Salvador,2019,Gold Cup,sv El Salvador,1.33,8,3,37.5,0.17,0.44,0
2019-Gold Cup-gy Guyana,2019,Gold Cup,gy Guyana,2.67,17.7,6,34,0.13,0.39,0.33
2019-Gold Cup-ht Haiti,2019,Gold Cup,ht Haiti,0.75,13.6,3.58,26.4,0.04,0.16,0.19
2019-Gold Cup-hn Honduras,2019,Gold Cup,hn Honduras,1.33,9.67,4.67,48.3,0.14,0.29,0
2019-Gold Cup-jm Jamaica,2019,Gold Cup,jm Jamaica,1.2,10.2,3.4,33.3,0.12,0.35,0
2019-Gold Cup-mq Martinique,2019,Gold Cup,mq Martinique,2.33,19,8.33,43.9,0.12,0.28,0
2019-Gold Cup-mx Mexico,2019,Gold Cup,mx Mexico,0.6,8.66,2.54,29.3,0.05,0.18,0.15
2019-Gold Cup-ni Nicaragua,2019,Gold Cup,ni Nicaragua,2.33,14,6,42.9,0.17,0.39,0
2019-Gold Cup-pa Panama,2019,Gold Cup,pa Panama,1,6.5,2.25,34.6,0.04,0.11,0.75
2019-Gold Cup-tt Trin & Tobago,2019,Gold Cup,tt Trin & Tobago,3,17,6.67,39.2,0.18,0.45,0
2019-Gold Cup-us United States,2019,Gold Cup,us United States,0.33,11.8,3.17,26.8,0.03,0.11,0
2017-Gold Cup-ca Canada,2017,Gold Cup,ca Canada,1.25,14.5,6.5,44.8,0.09,0.19,0
2017-Gold Cup-cr Costa Rica,2017,Gold Cup,cr Costa Rica,0.6,10.6,2.4,22.6,0.06,0.25,0
2017-Gold Cup-cw Curaçao,2017,Gold Cup,cw Curaçao,2,15.7,8.33,53.2,0.13,0.24,0
2017-Gold Cup-sv El Salvador,2017,Gold Cup,sv El Salvador,1.5,12.8,6.25,49,0.1,0.2,0.5
2017-Gold Cup-French Guiana,2017,Gold Cup,French Guiana,2.33,15.3,6,39.1,0.15,0.39,0
2017-Gold Cup-hn Honduras,2017,Gold Cup,hn Honduras,0.5,11.3,3.25,28.9,0.04,0.15,0
2017-Gold Cup-jm Jamaica,2017,Gold Cup,jm Jamaica,0.67,14.8,5,33.7,0.04,0.13,0
2017-Gold Cup-mq Martinique,2017,Gold Cup,mq Martinique,2,16,5.67,35.4,0.13,0.35,0
2017-Gold Cup-mx Mexico,2017,Gold Cup,mx Mexico,0.4,9.8,3,30.6,0.04,0.13,0
2017-Gold Cup-ni Nicaragua,2017,Gold Cup,ni Nicaragua,2.33,16,8.67,54.2,0.15,0.27,0.33
2017-Gold Cup-pa Panama,2017,Gold Cup,pa Panama,0.5,11.3,3.75,33.3,0.04,0.13,0
2017-Gold Cup-us United States,2017,Gold Cup,us United States,0.67,8.67,3.17,36.5,0.08,0.21,0
2021-Africa Cup of Nations-dz Algeria,2021,Africa Cup of Nations,dz Algeria,1.33,9.67,4,41.4,0.14,0.33,0
2021-Africa Cup of Nations-bf Burkina Faso,2021,Africa Cup of Nations,bf Burkina Faso,1.23,13,4.38,33.7,0.06,0.19,0.41
2021-Africa Cup of Nations-cm Cameroon,2021,Africa Cup of Nations,cm Cameroon,0.82,7.81,3.42,43.9,0.11,0.24,0
2021-Africa Cup of Nations-cv Cape Verde,2021,Africa Cup of Nations,cv Cape Verde,1,12,3,25,0.08,0.33,0
2021-Africa Cup of Nations-km Comoros,2021,Africa Cup of Nations,km Comoros,1.75,15.8,6.25,39.7,0.11,0.28,0.25
2021-Africa Cup of Nations-ci Côte d'Ivoire,2021,Africa Cup of Nations,ci Côte d'Ivoire,0.7,12.6,3.49,27.8,0.06,0.2,0.23
2021-Africa Cup of Nations-eg Egypt,2021,Africa Cup of Nations,eg Egypt,0.24,9.76,3.86,39.5,0.01,0.03,0.24
2021-Africa Cup of Nations-gq Equ. Guinea,2021,Africa Cup of Nations,gq Equ. Guinea,0.75,10.6,2.64,25,0.07,0.29,0.19
2021-Africa Cup of Nations-et Ethiopia,2021,Africa Cup of Nations,et Ethiopia,2,11.3,4,35.3,0.18,0.5,0
2021-Africa Cup of Nations-ga Gabon,2021,Africa Cup of Nations,ga Gabon,0.93,9.3,2.79,30,0.08,0.25,0.47
2021-Africa Cup of Nations-gm Gambia,2021,Africa Cup of Nations,gm Gambia,0.6,19,3.8,20,0.02,0.11,0.4
2021-Africa Cup of Nations-gh Ghana,2021,Africa Cup of Nations,gh Ghana,1.67,12.7,3,23.7,0.13,0.56,0
2021-Africa Cup of Nations-gn Guinea,2021,Africa Cup of Nations,gn Guinea,0.75,10.8,3.75,34.9,0.07,0.2,0
2021-Africa Cup of Nations-gw Guinea-Bissau,2021,Africa Cup of Nations,gw Guinea-Bissau,1,14.3,4,27.9,0.07,0.25,0
2021-Africa Cup of Nations-mw Malawi,2021,Africa Cup of Nations,mw Malawi,1,14.8,5.5,37.3,0.07,0.18,0
2021-Africa Cup of Nations-ml Mali,2021,Africa Cup of Nations,ml Mali,0.23,6.98,1.86,26.7,0,0,0.47
2021-Africa Cup of Nations-mr Mauritania,2021,Africa Cup of Nations,mr Mauritania,2.33,13,5.33,41,0.15,0.38,0.67
2021-Africa Cup of Nations-ma Morocco,2021,Africa Cup of Nations,ma Morocco,0.75,7.74,2.26,29.3,0.1,0.33,0
2021-Africa Cup of Nations-ng Nigeria,2021,Africa Cup of Nations,ng Nigeria,0.5,6.5,2.25,34.6,0.04,0.11,0.25
2021-Africa Cup of Nations-sn Senegal,2021,Africa Cup of Nations,sn Senegal,0.27,7.12,1.64,23.1,0.04,0.17,0
2021-Africa Cup of Nations-sl Sierra Leone,2021,Africa Cup of Nations,sl Sierra Leone,1,18,7.33,40.7,0.06,0.14,0.33
2021-Africa Cup of Nations-sd Sudan,2021,Africa Cup of Nations,sd Sudan,1.33,12.7,5.33,42.1,0.11,0.25,0.33
2021-Africa Cup of Nations-tn Tunisia,2021,Africa Cup of Nations,tn Tunisia,0.6,10.8,2.2,20.4,0.04,0.18,0.2
2021-Africa Cup of Nations-zw Zimbabwe,2021,Africa Cup of Nations,zw Zimbabwe,1.33,13.7,3,22,0.07,0.33,0.33
2019-Africa Cup of Nations-dz Algeria,2019,Africa Cup of Nations,dz Algeria,0.27,10.4,2.6,25,0.01,0.05,0.14
2019-Africa Cup of Nations-ao Angola,2019,Africa Cup of Nations,ao Angola,0.67,4.33,0.67,15.4,0.08,0.5,0.33
2019-Africa Cup of Nations-bj Benin,2019,Africa Cup of Nations,bj Benin,0.75,11.9,3.4,28.6,0.06,0.22,0.19
2019-Africa Cup of Nations-bi Burundi,2019,Africa Cup of Nations,bi Burundi,1.33,13.7,4,29.3,0.1,0.33,0
2019-Africa Cup of Nations-cm Cameroon,2019,Africa Cup of Nations,cm Cameroon,0.75,11.8,1.75,14.9,0.06,0.43,0
2019-Africa Cup of Nations-cd Congo DR,2019,Africa Cup of Nations,cd Congo DR,1.4,12.3,4.19,34,0.11,0.33,0
2019-Africa Cup of Nations-ci Côte d'Ivoire,2019,Africa Cup of Nations,ci Côte d'Ivoire,0.57,12.5,3.4,27.3,0.05,0.17,0.19
2019-Africa Cup of Nations-eg Egypt,2019,Africa Cup of Nations,eg Egypt,0.25,15.5,4.25,27.4,0.02,0.06,0
2019-Africa Cup of Nations-gh Ghana,2019,Africa Cup of Nations,gh Ghana,0.7,8.6,2.79,32.4,0.08,0.25,0
2019-Africa Cup of Nations-gn Guinea,2019,Africa Cup of Nations,gn Guinea,1.5,8.5,3.75,44.1,0.18,0.4,0
2019-Africa Cup of Nations-gw Guinea-Bissau,2019,Africa Cup of Nations,gw Guinea-Bissau,1.33,10.7,2.33,21.9,0.13,0.57,0
2019-Africa Cup of Nations-ke Kenya,2019,Africa Cup of Nations,ke Kenya,2.33,13,6.33,48.7,0.13,0.26,1
2019-Africa Cup of Nations-mg Madagascar,2019,Africa Cup of Nations,mg Madagascar,1.32,14.2,4.34,30.7,0.08,0.26,0.19
2019-Africa Cup of Nations-ml Mali,2019,Africa Cup of Nations,ml Mali,0.75,6,2,33.3,0.08,0.25,0.25
2019-Africa Cup of Nations-mr Mauritania,2019,Africa Cup of Nations,mr Mauritania,1.33,8.33,3.33,40,0.12,0.3,0.33
2019-Africa Cup of Nations-ma Morocco,2019,Africa Cup of Nations,ma Morocco,0.23,3.72,0.7,18.8,0.06,0.33,0
2019-Africa Cup of Nations-na Namibia,2019,Africa Cup of Nations,na Namibia,1.67,16.7,6.67,40,0.1,0.25,0
2019-Africa Cup of Nations-ng Nigeria,2019,Africa Cup of Nations,ng Nigeria,0.86,9.71,2.86,29.4,0.09,0.3,0
2019-Africa Cup of Nations-sn Senegal,2019,Africa Cup of Nations,sn Senegal,0.27,7.53,1.78,23.6,0.04,0.15,0.14
2019-Africa Cup of Nations-za South Africa,2019,Africa Cup of Nations,za South Africa,0.8,10.4,2.8,26.9,0.08,0.29,0
2019-Africa Cup of Nations-tz Tanzania,2019,Africa Cup of Nations,tz Tanzania,2.67,19,8.33,43.9,0.14,0.32,0
2019-Africa Cup of Nations-tn Tunisia,2019,Africa Cup of Nations,tn Tunisia,0.39,9.22,2.34,25.4,0.04,0.17,0.13
2019-Africa Cup of Nations-ug Uganda,2019,Africa Cup of Nations,ug Uganda,1,9,2.75,30.6,0.11,0.36,0.25
2019-Africa Cup of Nations-zw Zimbabwe,2019,Africa Cup of Nations,zw Zimbabwe,2,11.3,6.67,58.8,0.15,0.25,0.33
2017-Africa Cup of Nations-dz Algeria,2017,Africa Cup of Nations,dz Algeria,1.67,12,5.33,44.4,0.08,0.19,0.67
2017-Africa Cup of Nations-bf Burkina Faso,2017,Africa Cup of Nations,bf Burkina Faso,0.48,12.9,3.49,27.2,0.02,0.09,0.16
2017-Africa Cup of Nations-cm Cameroon,2017,Africa Cup of Nations,cm Cameroon,0.48,10,3.02,30.2,0.05,0.16,0
2017-Africa Cup of Nations-cd Congo DR,2017,Africa Cup of Nations,cd Congo DR,1.25,11,4,36.4,0.09,0.25,0.25
2017-Africa Cup of Nations-ci Côte d'Ivoire,2017,Africa Cup of Nations,ci Côte d'Ivoire,1,7.33,1.33,18.2,0.14,0.75,0
2017-Africa Cup of Nations-eg Egypt,2017,Africa Cup of Nations,eg Egypt,0.48,12.9,3.17,24.7,0.04,0.15,0
2017-Africa Cup of Nations-ga Gabon,2017,Africa Cup of Nations,ga Gabon,0.67,9.33,2.33,25,0.07,0.29,0
2017-Africa Cup of Nations-gh Ghana,2017,Africa Cup of Nations,gh Ghana,0.83,11.8,3.33,28.2,0.07,0.25,0
2017-Africa Cup of Nations-gw Guinea-Bissau,2017,Africa Cup of Nations,gw Guinea-Bissau,1.33,10.7,3.33,31.3,0.13,0.4,0
2017-Africa Cup of Nations-ml Mali,2017,Africa Cup of Nations,ml Mali,0.67,6.67,2,30,0.1,0.33,0
2017-Africa Cup of Nations-ma Morocco,2017,Africa Cup of Nations,ma Morocco,0.75,8.25,3.5,42.4,0.09,0.21,0
2017-Africa Cup of Nations-sn Senegal,2017,Africa Cup of Nations,sn Senegal,0.47,12.6,3.26,25.9,0.04,0.14,0
2017-Africa Cup of Nations-tg Togo,2017,Africa Cup of Nations,tg Togo,2,14,4.33,31,0.14,0.46,0
2017-Africa Cup of Nations-tn Tunisia,2017,Africa Cup of Nations,tn Tunisia,1.75,8.5,3,35.3,0.18,0.5,0.25
2017-Africa Cup of Nations-ug Uganda,2017,Africa Cup of Nations,ug Uganda,1,12,3,25,0.06,0.22,0.33
2017-Africa Cup of Nations-zw Zimbabwe,2017,Africa Cup of Nations,zw Zimbabwe,2.67,19.7,8.67,44.1,0.12,0.27,0.33
2015-Africa Cup of Nations-dz Algeria,2015,Africa Cup of Nations,dz Algeria,1.25,10.8,3.25,30.2,0.12,0.38,0.25
2015-Africa Cup of Nations-bf Burkina Faso,2015,Africa Cup of Nations,bf Burkina Faso,1.33,11,4.33,39.4,0.12,0.31,0
2015-Africa Cup of Nations-cm Cameroon,2015,Africa Cup of Nations,cm Cameroon,1,7.67,4,52.2,0.13,0.25,0
2015-Africa Cup of Nations-cv Cape Verde,2015,Africa Cup of Nations,cv Cape Verde,0.33,11.7,2.67,22.9,0.03,0.13,0
2015-Africa Cup of Nations-cg Congo,2015,Africa Cup of Nations,cg Congo,1.5,12.8,4.75,37.3,0.12,0.32,0
2015-Africa Cup of Nations-cd Congo DR,2015,Africa Cup of Nations,cd Congo DR,1.11,12.1,4.76,39.5,0.09,0.23,0
2015-Africa Cup of Nations-ci Côte d'Ivoire,2015,Africa Cup of Nations,ci Côte d'Ivoire,0.63,11.1,2.7,24.3,0.04,0.18,0.16
2015-Africa Cup of Nations-gq Equ. Guinea,2015,Africa Cup of Nations,gq Equ. Guinea,0.75,11.6,4.78,41,0.05,0.13,0.15
2015-Africa Cup of Nations-ga Gabon,2015,Africa Cup of Nations,ga Gabon,1,12.3,4.67,37.8,0.05,0.14,0.33
2015-Africa Cup of Nations-gh Ghana,2015,Africa Cup of Nations,gh Ghana,0.48,8.57,1.11,13,0.06,0.43,0
2015-Africa Cup of Nations-gn Guinea,2015,Africa Cup of Nations,gn Guinea,1.5,11.5,3.75,32.6,0.13,0.4,0.25
2015-Africa Cup of Nations-ml Mali,2015,Africa Cup of Nations,ml Mali,1,9.67,2.33,24.1,0.07,0.29,0.33
2015-Africa Cup of Nations-sn Senegal,2015,Africa Cup of Nations,sn Senegal,1.33,8.67,3.33,38.5,0.12,0.3,0.33
2015-Africa Cup of Nations-za South Africa,2015,Africa Cup of Nations,za South Africa,1.67,14,5.67,40.5,0.12,0.29,0
2015-Africa Cup of Nations-tn Tunisia,2015,Africa Cup of Nations,tn Tunisia,1.16,11.4,4.65,40.8,0.06,0.15,0.47
2015-Africa Cup of Nations-zm Zambia,2015,Africa Cup of Nations,zm Zambia,1,10.7,3.33,31.3,0.09,0.3,0
2022-UEFA WCQ-al Albania,2022,UEFA WCQ,al Albania,1.2,6.4,2.5,39.1,0.19,0.48,0
2022-UEFA WCQ-ad Andorra,2022,UEFA WCQ,ad Andorra,2.4,16.4,5.1,31.1,0.13,0.41,0.4
2022-UEFA WCQ-am Armenia,2022,UEFA WCQ,am Armenia,2,12.2,4.7,38.5,0.14,0.36,0.3
2022-UEFA WCQ-at Austria,2022,UEFA WCQ,at Austria,1.73,8.64,3.91,45.3,0.19,0.42,0.09
2022-UEFA WCQ-az Azerbaijan,2022,UEFA WCQ,az Azerbaijan,2.13,21,7.88,37.5,0.08,0.22,0.38
2022-UEFA WCQ-by Belarus,2022,UEFA WCQ,by Belarus,3,16.1,6.63,41.1,0.16,0.4,0.38
2022-UEFA WCQ-be Belgium,2022,UEFA WCQ,be Belgium,0.75,8.25,3,36.4,0.09,0.25,0
2022-UEFA WCQ-ba Bosnia & Herz'na,2022,UEFA WCQ,ba Bosnia & Herz'na,1.5,9.63,3.25,33.8,0.16,0.46,0.13
2022-UEFA WCQ-bg Bulgaria,2022,UEFA WCQ,bg Bulgaria,1.75,15.9,5.38,33.9,0.1,0.3,0.13
2022-UEFA WCQ-hr Croatia,2022,UEFA WCQ,hr Croatia,0.3,6.1,1.9,31.1,0.05,0.16,0
2022-UEFA WCQ-cy Cyprus,2022,UEFA WCQ,cy Cyprus,2.1,15,5.6,37.3,0.14,0.38,0.1
2022-UEFA WCQ-cz Czech Republic,2022,UEFA WCQ,cz Czech Republic,1.08,9.35,2.8,29.9,0.11,0.38,0
2022-UEFA WCQ-dk Denmark,2022,UEFA WCQ,dk Denmark,0.3,5.5,1.6,29.1,0.05,0.19,0
2022-UEFA WCQ-eng England,2022,UEFA WCQ,eng England,0.3,3.7,1.3,35.1,0.05,0.15,0.1
2022-UEFA WCQ-ee Estonia,2022,UEFA WCQ,ee Estonia,2.63,17.4,6.5,37.4,0.14,0.38,0.13
2022-UEFA WCQ-fo Faroe Islands,2022,UEFA WCQ,fo Faroe Islands,2.3,16.7,6.3,37.7,0.13,0.35,0.1
2022-UEFA WCQ-fi Finland,2022,UEFA WCQ,fi Finland,1.25,15.1,4.63,30.6,0.08,0.27,0.13
2022-UEFA WCQ-fr France,2022,UEFA WCQ,fr France,0.38,5,1.5,30,0.08,0.25,0
2022-UEFA WCQ-ge Georgia,2022,UEFA WCQ,ge Georgia,1.38,11.9,5.25,44.2,0.09,0.21,0.25
2022-UEFA WCQ-de Germany,2022,UEFA WCQ,de Germany,0.4,5.5,1.3,23.6,0.05,0.23,0.1
2022-UEFA WCQ-gi Gibraltar,2022,UEFA WCQ,gi Gibraltar,4.3,27.2,10.6,39,0.15,0.38,0.5
2022-UEFA WCQ-gr Greece,2022,UEFA WCQ,gr Greece,1,9.5,3,31.6,0.08,0.25,0.25
2022-UEFA WCQ-hu Hungary,2022,UEFA WCQ,hu Hungary,1.3,8.2,3.2,39,0.15,0.38,0.1
2022-UEFA WCQ-is Iceland,2022,UEFA WCQ,is Iceland,1.8,14.2,5.1,35.9,0.13,0.35,0
2022-UEFA WCQ-il Israel,2022,UEFA WCQ,il Israel,2.1,14.2,6.3,44.4,0.14,0.32,0.2
2022-UEFA WCQ-it Italy,2022,UEFA WCQ,it Italy,0.33,5.67,1.78,31.4,0.06,0.19,0
2022-UEFA WCQ-kz Kazakhstan,2022,UEFA WCQ,kz Kazakhstan,2.38,20.5,8.13,39.6,0.1,0.26,0.38
2022-UEFA WCQ-xk Kosovo,2022,UEFA WCQ,xk Kosovo,1.88,15.6,5.75,36.8,0.1,0.28,0.25
2022-UEFA WCQ-lv Latvia,2022,UEFA WCQ,lv Latvia,1.4,19.8,6.6,33.3,0.05,0.15,0.4
2022-UEFA WCQ-li Liechtenstein,2022,UEFA WCQ,li Liechtenstein,3.1,27.9,11,39.4,0.09,0.22,0.8
2022-UEFA WCQ-lt Lithuania,2022,UEFA WCQ,lt Lithuania,2.13,18.3,7,38.4,0.1,0.25,0.5
2022-UEFA WCQ-lu Luxembourg,2022,UEFA WCQ,lu Luxembourg,2.13,14.1,6.13,43.4,0.13,0.31,0.25
2022-UEFA WCQ-mt Malta,2022,UEFA WCQ,mt Malta,3,15.5,6.6,42.6,0.17,0.41,0.4
2022-UEFA WCQ-md Moldova,2022,UEFA WCQ,md Moldova,3,15.2,6.7,44.1,0.18,0.4,0.3
2022-UEFA WCQ-me Montenegro,2022,UEFA WCQ,me Montenegro,1.5,11,4.4,40,0.11,0.27,0.3
2022-UEFA WCQ-mk N. Macedonia,2022,UEFA WCQ,mk N. Macedonia,1.08,11.1,3.42,30.8,0.09,0.29,0.08
2022-UEFA WCQ-nl Netherlands,2022,UEFA WCQ,nl Netherlands,0.8,5.7,1.4,24.6,0.12,0.5,0.1
2022-UEFA WCQ-nir Northern Ireland,2022,UEFA WCQ,nir Northern Ireland,0.88,11.1,4.13,37.1,0.08,0.21,0.25
2022-UEFA WCQ-no Norway,2022,UEFA WCQ,no Norway,0.8,8.3,2.6,31.3,0.1,0.31,0
2022-UEFA WCQ-pl Poland,2022,UEFA WCQ,pl Poland,1,7.45,2.73,36.6,0.12,0.33,0.09
2022-UEFA WCQ-pt Portugal,2022,UEFA WCQ,pt Portugal,0.7,7.6,2,26.3,0.09,0.35,0.1
2022-UEFA WCQ-ie Rep. of Ireland,2022,UEFA WCQ,ie Rep. of Ireland,1,14.4,4.88,33.9,0.07,0.21,0.13
2022-UEFA WCQ-ro Romania,2022,UEFA WCQ,ro Romania,0.8,11.4,3.9,34.2,0.06,0.18,0.1
2022-UEFA WCQ-ru Russia,2022,UEFA WCQ,ru Russia,0.5,13.2,3.4,25.8,0.04,0.15,0
2022-UEFA WCQ-sm San Marino,2022,UEFA WCQ,sm San Marino,4.4,23.5,10.1,43,0.17,0.4,0.5
2022-UEFA WCQ-sct Scotland,2022,UEFA WCQ,sct Scotland,0.91,10.1,3.45,34.2,0.09,0.26,0.09
2022-UEFA WCQ-rs Serbia,2022,UEFA WCQ,rs Serbia,1,8.75,2.13,24.3,0.1,0.41,0.13
2022-UEFA WCQ-sk Slovakia,2022,UEFA WCQ,sk Slovakia,0.9,9.2,3.2,34.8,0.1,0.28,0
2022-UEFA WCQ-si Slovenia,2022,UEFA WCQ,si Slovenia,1.2,10.4,3.7,35.6,0.11,0.3,0.1
2022-UEFA WCQ-es Spain,2022,UEFA WCQ,es Spain,0.63,4.5,1.75,38.9,0.11,0.29,0.13
2022-UEFA WCQ-se Sweden,2022,UEFA WCQ,se Sweden,0.78,10.3,3.69,35.8,0.07,0.18,0.1
2022-UEFA WCQ-ch Switzerland,2022,UEFA WCQ,ch Switzerland,0.25,5.63,1.88,33.3,0.04,0.13,0.25
2022-UEFA WCQ-tr Turkey,2022,UEFA WCQ,tr Turkey,1.64,11.7,4.18,35.7,0.13,0.37,0.18
2022-UEFA WCQ-ua Ukraine,2022,UEFA WCQ,ua Ukraine,0.9,10.1,3.3,32.7,0.08,0.24,0.1
2022-UEFA WCQ-wls Wales,2022,UEFA WCQ,wls Wales,0.9,9.2,2.9,31.5,0.08,0.24,0.2
2021-UEFA Euro Qualifiers-al Albania,2021,UEFA Euro Qualifiers,al Albania,1.4,8.4,2.8,33.3,0.17,0.5,0.1
2021-UEFA Euro Qualifiers-ad Andorra,2021,UEFA Euro Qualifiers,ad Andorra,2,17.3,5.9,34.1,0.11,0.32,0.3
2021-UEFA Euro Qualifiers-am Armenia,2021,UEFA Euro Qualifiers,am Armenia,2.5,15.8,7,44.3,0.15,0.34,0.1
2021-UEFA Euro Qualifiers-at Austria,2021,UEFA Euro Qualifiers,at Austria,0.8,9,2.8,31.1,0.09,0.29,0
2021-UEFA Euro Qualifiers-az Azerbaijan,2021,UEFA Euro Qualifiers,az Azerbaijan,2.13,19,6.88,36.2,0.11,0.29,0.13
2021-UEFA Euro Qualifiers-by Belarus,2021,UEFA Euro Qualifiers,by Belarus,1.89,15.7,5,31.9,0.11,0.33,0.22
2021-UEFA Euro Qualifiers-be Belgium,2021,UEFA Euro Qualifiers,be Belgium,0.3,6.2,1.8,29,0.05,0.17,0
2021-UEFA Euro Qualifiers-ba Bosnia & Herz'na,2021,UEFA Euro Qualifiers,ba Bosnia & Herz'na,1.42,12.6,4.96,39.4,0.1,0.25,0.18
2021-UEFA Euro Qualifiers-bg Bulgaria,2021,UEFA Euro Qualifiers,bg Bulgaria,2.22,14.7,5.56,37.9,0.14,0.36,0.22
2021-UEFA Euro Qualifiers-hr Croatia,2021,UEFA Euro Qualifiers,hr Croatia,0.88,7.63,3.88,50.8,0.11,0.23,0
2021-UEFA Euro Qualifiers-cy Cyprus,2021,UEFA Euro Qualifiers,cy Cyprus,1.9,13,5.6,43.1,0.15,0.34,0
2021-UEFA Euro Qualifiers-cz Czech Republic,2021,UEFA Euro Qualifiers,cz Czech Republic,1.25,8.25,3.63,43.9,0.12,0.28,0.25
2021-UEFA Euro Qualifiers-dk Denmark,2021,UEFA Euro Qualifiers,dk Denmark,0.75,8.38,2.38,28.4,0.09,0.32,0
2021-UEFA Euro Qualifiers-eng England,2021,UEFA Euro Qualifiers,eng England,0.75,8.13,3,36.9,0.08,0.21,0.13
2021-UEFA Euro Qualifiers-ee Estonia,2021,UEFA Euro Qualifiers,ee Estonia,3.25,18.5,8.75,47.3,0.16,0.34,0.25
2021-UEFA Euro Qualifiers-fo Faroe Islands,2021,UEFA Euro Qualifiers,fo Faroe Islands,2.9,18.7,7.3,39,0.15,0.38,0.1
2021-UEFA Euro Qualifiers-fi Finland,2021,UEFA Euro Qualifiers,fi Finland,1,13.7,3.9,28.5,0.06,0.21,0.2
2021-UEFA Euro Qualifiers-fr France,2021,UEFA Euro Qualifiers,fr France,0.6,4.6,1.6,34.8,0.11,0.31,0.1
2021-UEFA Euro Qualifiers-ge Georgia,2021,UEFA Euro Qualifiers,ge Georgia,1.2,13.4,4.8,35.8,0.08,0.23,0.1
2021-UEFA Euro Qualifiers-de Germany,2021,UEFA Euro Qualifiers,de Germany,0.75,9.38,3.38,36,0.08,0.22,0.13
2021-UEFA Euro Qualifiers-gi Gibraltar,2021,UEFA Euro Qualifiers,gi Gibraltar,3.75,26.5,9.13,34.4,0.13,0.37,0.38
2021-UEFA Euro Qualifiers-gr Greece,2021,UEFA Euro Qualifiers,gr Greece,1.4,9.2,3.5,38,0.13,0.34,0.2
2021-UEFA Euro Qualifiers-hu Hungary,2021,UEFA Euro Qualifiers,hu Hungary,1.3,11.6,4.8,41.4,0.11,0.27,0.1
2021-UEFA Euro Qualifiers-is Iceland,2021,UEFA Euro Qualifiers,is Iceland,1.17,10.8,3.42,31.5,0.09,0.29,0.17
2021-UEFA Euro Qualifiers-il Israel,2021,UEFA Euro Qualifiers,il Israel,1.59,13.7,5.22,38.1,0.11,0.29,0.09
2021-UEFA Euro Qualifiers-it Italy,2021,UEFA Euro Qualifiers,it Italy,0.4,9.1,2.6,28.6,0.03,0.12,0.1
2021-UEFA Euro Qualifiers-kz Kazakhstan,2021,UEFA Euro Qualifiers,kz Kazakhstan,1.6,14.6,5,34.2,0.11,0.32,0
2021-UEFA Euro Qualifiers-xk Kosovo,2021,UEFA Euro Qualifiers,xk Kosovo,1.78,12.2,5.67,46.4,0.15,0.31,0.11
2021-UEFA Euro Qualifiers-lv Latvia,2021,UEFA Euro Qualifiers,lv Latvia,2.6,22.3,8.4,37.7,0.11,0.29,0.2
2021-UEFA Euro Qualifiers-li Liechtenstein,2021,UEFA Euro Qualifiers,li Liechtenstein,3,26.8,9.7,36.2,0.1,0.28,0.3
2021-UEFA Euro Qualifiers-lt Lithuania,2021,UEFA Euro Qualifiers,lt Lithuania,3.13,22,8.75,39.8,0.13,0.33,0.25
2021-UEFA Euro Qualifiers-lu Luxembourg,2021,UEFA Euro Qualifiers,lu Luxembourg,1.88,15.4,6.63,43.1,0.12,0.28,0
2021-UEFA Euro Qualifiers-mt Malta,2021,UEFA Euro Qualifiers,mt Malta,2.6,19.1,7.8,40.8,0.12,0.29,0.5
2021-UEFA Euro Qualifiers-md Moldova,2021,UEFA Euro Qualifiers,md Moldova,2.5,15.9,6.2,39,0.15,0.39,0.3
2021-UEFA Euro Qualifiers-me Montenegro,2021,UEFA Euro Qualifiers,me Montenegro,2.5,15,5.75,38.3,0.14,0.37,0.38
2021-UEFA Euro Qualifiers-mk N. Macedonia,2021,UEFA Euro Qualifiers,mk N. Macedonia,1,13.1,4.33,33.1,0.06,0.19,0.17
2021-UEFA Euro Qualifiers-nl Netherlands,2021,UEFA Euro Qualifiers,nl Netherlands,0.88,7.13,2.25,31.6,0.11,0.33,0.25
2021-UEFA Euro Qualifiers-nir Northern Ireland,2021,UEFA Euro Qualifiers,nir Northern Ireland,1.5,12.6,4.39,34.8,0.12,0.34,0
2021-UEFA Euro Qualifiers-no Norway,2021,UEFA Euro Qualifiers,no Norway,1.06,11.2,4.42,39.4,0.09,0.22,0.27
2021-UEFA Euro Qualifiers-pl Poland,2021,UEFA Euro Qualifiers,pl Poland,0.5,11.4,3.1,27.2,0.04,0.16,0
2021-UEFA Euro Qualifiers-pt Portugal,2021,UEFA Euro Qualifiers,pt Portugal,0.75,6.5,2.5,38.5,0.1,0.25,0.13
2021-UEFA Euro Qualifiers-ie Rep. of Ireland,2021,UEFA Euro Qualifiers,ie Rep. of Ireland,0.43,11.3,2.15,19,0.04,0.2,0.11
2021-UEFA Euro Qualifiers-ro Romania,2021,UEFA Euro Qualifiers,ro Romania,1.45,12.3,4.27,34.8,0.1,0.3,0.18
2021-UEFA Euro Qualifiers-ru Russia,2021,UEFA Euro Qualifiers,ru Russia,0.8,6.9,2.5,36.2,0.1,0.28,0.1
2021-UEFA Euro Qualifiers-sm San Marino,2021,UEFA Euro Qualifiers,sm San Marino,4.8,30.8,12.6,40.9,0.14,0.34,0.6
2021-UEFA Euro Qualifiers-sct Scotland,2021,UEFA Euro Qualifiers,sct Scotland,1.5,11.7,4.33,37.2,0.13,0.35,0
2021-UEFA Euro Qualifiers-rs Serbia,2021,UEFA Euro Qualifiers,rs Serbia,1.78,13.6,4.39,32.2,0.12,0.38,0.09
2021-UEFA Euro Qualifiers-sk Slovakia,2021,UEFA Euro Qualifiers,sk Slovakia,1.03,15.1,5.14,34,0.07,0.2,0
2021-UEFA Euro Qualifiers-si Slovenia,2021,UEFA Euro Qualifiers,si Slovenia,1.1,11.5,4.3,37.4,0.1,0.26,0
2021-UEFA Euro Qualifiers-es Spain,2021,UEFA Euro Qualifiers,es Spain,0.5,5.9,2.4,40.7,0.05,0.13,0.2
2021-UEFA Euro Qualifiers-se Sweden,2021,UEFA Euro Qualifiers,se Sweden,0.9,11,3.1,28.2,0.06,0.23,0.2
2021-UEFA Euro Qualifiers-ch Switzerland,2021,UEFA Euro Qualifiers,ch Switzerland,0.75,8.13,2.75,33.8,0.09,0.27,0
2021-UEFA Euro Qualifiers-tr Turkey,2021,UEFA Euro Qualifiers,tr Turkey,0.3,8.7,2.6,29.9,0.03,0.12,0
2021-UEFA Euro Qualifiers-ua Ukraine,2021,UEFA Euro Qualifiers,ua Ukraine,0.5,12.4,4.25,34.3,0.02,0.06,0.25
2021-UEFA Euro Qualifiers-wls Wales,2021,UEFA Euro Qualifiers,wls Wales,0.63,9.5,3,31.6,0.07,0.21,0
2022-CONMEBOL WCQ-ar Argentina,2022,CONMEBOL WCQ,ar Argentina,0.44,8.22,2.56,31.1,0.03,0.11,0.28
2022-CONMEBOL WCQ-bo Bolivia,2022,CONMEBOL WCQ,bo Bolivia,2.28,17.4,6.33,36.3,0.12,0.33,0.22
2022-CONMEBOL WCQ-br Brazil,2022,CONMEBOL WCQ,br Brazil,0.28,7.78,2.28,29.3,0.04,0.12,0
2022-CONMEBOL WCQ-cl Chile,2022,CONMEBOL WCQ,cl Chile,1.44,11.5,4.61,40.1,0.1,0.24,0.33
2022-CONMEBOL WCQ-co Colombia,2022,CONMEBOL WCQ,co Colombia,1.06,10.9,3.83,35.2,0.09,0.25,0.11
2022-CONMEBOL WCQ-ec Ecuador,2022,CONMEBOL WCQ,ec Ecuador,1,10.2,3.06,29.9,0.07,0.24,0.28
2022-CONMEBOL WCQ-py Paraguay,2022,CONMEBOL WCQ,py Paraguay,1.39,13.4,4.28,31.8,0.1,0.3,0.17
2022-CONMEBOL WCQ-pe Peru,2022,CONMEBOL WCQ,pe Peru,1.22,12.7,3.67,28.9,0.09,0.3,0.17
2022-CONMEBOL WCQ-uy Uruguay,2022,CONMEBOL WCQ,uy Uruguay,1.22,10.8,4.28,39.7,0.11,0.27,0.11
2022-CONMEBOL WCQ-ve Venezuela,2022,CONMEBOL WCQ,ve Venezuela,1.89,12.4,4.94,39.9,0.13,0.34,0.22
