Key,Year,Competition,Squad,Gls,Sh,SoT,SoT%,G/Sh,G/SoT,PKatt
2019-AFC Asian Cup-au Australia,2019,AFC Asian Cup,au Australia,1.13,16.8,5.85,34.8,0.07,0.19,0
2019-AFC Asian Cup-bh Bahrain,2019,AFC Asian Cup,bh Bahrain,0.7,15.6,4.19,26.9,0.03,0.11,0.23
2019-AFC Asian Cup-cn China PR,2019,AFC Asian Cup,cn China PR,1.2,9.6,3.2,33.3,0.1,0.31,0.2
2019-AFC Asian Cup-in India,2019,AFC Asian Cup,in India,1.33,9,3,33.3,0.11,0.33,0.33
2019-AFC Asian Cup-ir IR Iran,2019,AFC Asian Cup,ir IR Iran,2,15.2,5,33,0.12,0.37,0.17
2019-AFC Asian Cup-iq Iraq,2019,AFC Asian Cup,iq Iraq,1.5,12.3,4.25,34.7,0.12,0.35,0
2019-AFC Asian Cup-jp Japan,2019,AFC Asian Cup,jp Japan,1.71,11.7,4.71,40.2,0.11,0.27,0.43
2019-AFC Asian Cup-jo Jordan,2019,AFC Asian Cup,jo Jordan,0.93,11.6,3.95,34,0.08,0.24,0
2019-AFC Asian Cup-kp Korea DPR,2019,AFC Asian Cup,kp Korea DPR,0.33,7.67,1.67,21.7,0.04,0.2,0
2019-AFC Asian Cup-kr Korea Republic,2019,AFC Asian Cup,kr Korea Republic,1.13,14.7,4.53,30.8,0.06,0.21,0.19
2019-AFC Asian Cup-kg Kyrgyz Republic,2019,AFC Asian Cup,kg Kyrgyz Republic,1.4,13.3,3.49,26.3,0.11,0.4,0
2019-AFC Asian Cup-lb Lebanon,2019,AFC Asian Cup,lb Lebanon,1.33,11.3,4.67,41.2,0.09,0.21,0.33
2019-AFC Asian Cup-om Oman,2019,AFC Asian Cup,om Oman,1,14.3,5.25,36.8,0.07,0.19,0.25
2019-AFC Asian Cup-ps Palestine,2019,AFC Asian Cup,ps Palestine,0,5.67,1.67,29.4,0,0,0
2019-AFC Asian Cup-ph Philippines,2019,AFC Asian Cup,ph Philippines,0.33,6.67,2,30,0.05,0.17,0
2019-AFC Asian Cup-qa Qatar,2019,AFC Asian Cup,qa Qatar,2.71,10.3,4.43,43.1,0.25,0.58,0.29
2019-AFC Asian Cup-sa Saudi Arabia,2019,AFC Asian Cup,sa Saudi Arabia,1.5,14.5,4,27.6,0.1,0.38,0
2019-AFC Asian Cup-sy Syria,2019,AFC Asian Cup,sy Syria,0.67,12.7,4.67,36.8,0.03,0.07,0.33
2019-AFC Asian Cup-th Thailand,2019,AFC Asian Cup,th Thailand,1,9.75,3,30.8,0.1,0.33,0
2019-AFC Asian Cup-tm Turkmenistan,2019,AFC Asian Cup,tm Turkmenistan,1,9.33,3.33,35.7,0.07,0.2,0.33
2019-AFC Asian Cup-ae UAE,2019,AFC Asian Cup,ae UAE,1.27,10.8,3.02,27.9,0.09,0.32,0.32
2019-AFC Asian Cup-uz Uzbekistan,2019,AFC Asian Cup,uz Uzbekistan,1.63,9.3,3.72,40,0.18,0.44,0
2019-AFC Asian Cup-vn Vietnam,2019,AFC Asian Cup,vn Vietnam,0.75,9.81,3.96,40.4,0.06,0.14,0.19
2019-AFC Asian Cup-ye Yemen,2019,AFC Asian Cup,ye Yemen,0,6,1,16.7,0,0,0
2021-UEFA Euros-at Austria,2021,UEFA Euros,at Austria,1.16,12.3,3.26,26.4,0.09,0.36,0
2021-UEFA Euros-be Belgium,2021,UEFA Euros,be Belgium,1.6,9.4,3.6,38.3,0.15,0.39,0.2
2021-UEFA Euros-hr Croatia,2021,UEFA Euros,hr Croatia,1.4,9.53,3.72,39,0.15,0.38,0
2021-UEFA Euros-cz Czech Republic,2021,UEFA Euros,cz Czech Republic,1.2,11,3.6,32.7,0.09,0.28,0.2
2021-UEFA Euros-dk Denmark,2021,UEFA Euros,dk Denmark,1.9,14.4,5.87,40.7,0.13,0.32,0.16
2021-UEFA Euros-eng England,2021,UEFA Euros,eng England,1.3,8.31,3.38,40.6,0.16,0.38,0.13
2021-UEFA Euros-fi Finland,2021,UEFA Euros,fi Finland,0.33,6.33,1,15.8,0.05,0.33,0
2021-UEFA Euros-fr France,2021,UEFA Euros,fr France,1.4,13.3,3.95,29.8,0.09,0.29,0.23
2021-UEFA Euros-de Germany,2021,UEFA Euros,de Germany,1,12.5,4.25,34,0.08,0.24,0
2021-UEFA Euros-hu Hungary,2021,UEFA Euros,hu Hungary,1,6.33,3,47.4,0.16,0.33,0
2021-UEFA Euros-it Italy,2021,UEFA Euros,it Italy,1.5,15.8,4.75,30.2,0.1,0.32,0
2021-UEFA Euros-mk N. Macedonia,2021,UEFA Euros,mk N. Macedonia,0.67,10.7,2.33,21.9,0.06,0.29,0.33
2021-UEFA Euros-nl Netherlands,2021,UEFA Euros,nl Netherlands,2,12.8,4,31.4,0.14,0.44,0.25
2021-UEFA Euros-pl Poland,2021,UEFA Euros,pl Poland,1.33,13.7,4,29.3,0.1,0.33,0
2021-UEFA Euros-pt Portugal,2021,UEFA Euros,pt Portugal,1.75,12,3.75,31.3,0.08,0.27,0.75
2021-UEFA Euros-ru Russia,2021,UEFA Euros,ru Russia,0.67,8,1.67,20.8,0.04,0.2,0.33
2021-UEFA Euros-sct Scotland,2021,UEFA Euros,sct Scotland,0.33,13.7,2.67,19.5,0.02,0.13,0
2021-UEFA Euros-sk Slovakia,2021,UEFA Euros,sk Slovakia,0.33,8,0.67,8.3,0.04,0.5,0
2021-UEFA Euros-es Spain,2021,UEFA Euros,es Spain,1.43,16.4,6.14,37.4,0.09,0.23,0.29
2021-UEFA Euros-se Sweden,2021,UEFA Euros,se Sweden,1.16,9.3,2.33,25,0.1,0.4,0.23
2021-UEFA Euros-ch Switzerland,2021,UEFA Euros,ch Switzerland,1.4,11.8,3.68,31.3,0.12,0.38,0.18
2021-UEFA Euros-tr Turkey,2021,UEFA Euros,tr Turkey,0.33,13.7,3.67,26.8,0.02,0.09,0
2021-UEFA Euros-ua Ukraine,2021,UEFA Euros,ua Ukraine,1.13,9.43,3.77,40,0.12,0.3,0.19
2021-UEFA Euros-wls Wales,2021,UEFA Euros,wls Wales,0.75,9.5,2.75,28.9,0.08,0.27,0.25
2016-UEFA Euros-al Albania,2016,UEFA Euros,al Albania,0.33,10.3,3,29,0.03,0.11,0
2016-UEFA Euros-at Austria,2016,UEFA Euros,at Austria,0.33,13.7,3.67,26.8,0.02,0.09,0.33
2016-UEFA Euros-be Belgium,2016,UEFA Euros,be Belgium,1.8,19,7.4,38.9,0.09,0.24,0
2016-UEFA Euros-hr Croatia,2016,UEFA Euros,hr Croatia,1.16,15.3,3.72,24.2,0.08,0.31,0
2016-UEFA Euros-cz Czech Republic,2016,UEFA Euros,cz Czech Republic,0.67,9,4.33,48.1,0.04,0.08,0.33
2016-UEFA Euros-eng England,2016,UEFA Euros,eng England,1,20.5,4.75,23.2,0.04,0.16,0.25
2016-UEFA Euros-fr France,2016,UEFA Euros,fr France,1.78,17,5.89,34.7,0.1,0.28,0.14
2016-UEFA Euros-de Germany,2016,UEFA Euros,de Germany,1.11,17.9,5.56,31,0.06,0.2,0.16
2016-UEFA Euros-hu Hungary,2016,UEFA Euros,hu Hungary,1.25,12.8,5.5,43.1,0.1,0.23,0
2016-UEFA Euros-is Iceland,2016,UEFA Euros,is Iceland,1.6,8.4,3.8,45.2,0.17,0.37,0.2
2016-UEFA Euros-it Italy,2016,UEFA Euros,it Italy,1.13,9.06,3.77,41.7,0.1,0.25,0.19
2016-UEFA Euros-nir Northern Ireland,2016,UEFA Euros,nir Northern Ireland,0.5,5.25,2.75,52.4,0.1,0.18,0
2016-UEFA Euros-pl Poland,2016,UEFA Euros,pl Poland,0.7,11.9,2.98,25,0.06,0.24,0
2016-UEFA Euros-pt Portugal,2016,UEFA Euros,pt Portugal,1.13,15.4,4.63,30.1,0.07,0.24,0.13
2016-UEFA Euros-ie Rep. of Ireland,2016,UEFA Euros,ie Rep. of Ireland,0.75,9.25,2.5,27,0.05,0.2,0.25
2016-UEFA Euros-ro Romania,2016,UEFA Euros,ro Romania,0.67,13.3,2.67,20,0,0,0.67
2016-UEFA Euros-ru Russia,2016,UEFA Euros,ru Russia,0.67,11,2,18.2,0.06,0.33,0
2016-UEFA Euros-sk Slovakia,2016,UEFA Euros,sk Slovakia,0.75,8.25,2.5,30.3,0.09,0.3,0
2016-UEFA Euros-es Spain,2016,UEFA Euros,es Spain,1.25,16.5,4.75,28.8,0.08,0.26,0.25
2016-UEFA Euros-se Sweden,2016,UEFA Euros,se Sweden,0,7.67,1.33,17.4,0,0,0
2016-UEFA Euros-ch Switzerland,2016,UEFA Euros,ch Switzerland,0.7,15.8,4.88,30.9,0.04,0.14,0
2016-UEFA Euros-tr Turkey,2016,UEFA Euros,tr Turkey,0.67,8.67,1.33,15.4,0.08,0.5,0
2016-UEFA Euros-ua Ukraine,2016,UEFA Euros,ua Ukraine,0,13.7,3.67,26.8,0,0,0
2016-UEFA Euros-wls Wales,2016,UEFA Euros,wls Wales,1.5,11.5,5.5,47.8,0.13,0.27,0
2018-World Cup-ar Argentina,2018,World Cup,ar Argentina,1.5,14.3,4,28.1,0.11,0.38,0.25
2018-World Cup-au Australia,2018,World Cup,au Australia,0.67,10.7,2.33,21.9,0,0,0.67
2018-World Cup-be Belgium,2018,World Cup,be Belgium,2.14,15.3,5,32.7,0.13,0.4,0.14
2018-World Cup-br Brazil,2018,World Cup,br Brazil,1.6,20.6,7.8,37.9,0.08,0.21,0
2018-World Cup-co Colombia,2018,World Cup,co Colombia,1.4,9.53,2.79,29.3,0.15,0.5,0
2018-World Cup-cr Costa Rica,2018,World Cup,cr Costa Rica,0.33,9,3,33.3,0.04,0.11,0.33
2018-World Cup-hr Croatia,2018,World Cup,hr Croatia,1.63,14,3.38,24.1,0.11,0.44,0.25
2018-World Cup-dk Denmark,2018,World Cup,dk Denmark,0.7,9.3,2.79,30,0.08,0.25,0
2018-World Cup-eg Egypt,2018,World Cup,eg Egypt,0.67,10,1.67,16.7,0.03,0.2,0.33
2018-World Cup-eng England,2018,World Cup,eng England,1.56,12.1,2.86,23.7,0.1,0.41,0.39
2018-World Cup-fr France,2018,World Cup,fr France,1.71,11.3,3.71,32.9,0.11,0.35,0.43
2018-World Cup-de Germany,2018,World Cup,de Germany,0.67,24.3,6.67,27.4,0.03,0.1,0
2018-World Cup-is Iceland,2018,World Cup,is Iceland,0.67,11.3,3.33,29.4,0.03,0.1,0.67
2018-World Cup-ir IR Iran,2018,World Cup,ir IR Iran,0.33,7.33,1,13.6,0,0,0.33
2018-World Cup-jp Japan,2018,World Cup,jp Japan,1.5,10.8,3.75,34.9,0.12,0.33,0.25
2018-World Cup-kr Korea Republic,2018,World Cup,kr Korea Republic,1,11.3,3.67,32.4,0.09,0.27,0
2018-World Cup-mx Mexico,2018,World Cup,mx Mexico,0.75,15.3,3,19.7,0.03,0.17,0.25
2018-World Cup-ma Morocco,2018,World Cup,ma Morocco,0.67,13,3.33,25.6,0.05,0.2,0
2018-World Cup-ng Nigeria,2018,World Cup,ng Nigeria,1,12.7,2.67,21.1,0.05,0.25,0.33
2018-World Cup-pa Panama,2018,World Cup,pa Panama,0.33,8,2.67,33.3,0.04,0.13,0
2018-World Cup-pe Peru,2018,World Cup,pe Peru,0.67,10.7,3.67,34.4,0.06,0.18,0.33
2018-World Cup-pl Poland,2018,World Cup,pl Poland,0.67,10.7,2.33,21.9,0.06,0.29,0
2018-World Cup-pt Portugal,2018,World Cup,pt Portugal,1.5,14,2.75,19.6,0.09,0.45,0.5
2018-World Cup-ru Russia,2018,World Cup,ru Russia,1.75,8.6,3.16,36.7,0.18,0.5,0.18
2018-World Cup-sa Saudi Arabia,2018,World Cup,sa Saudi Arabia,0.67,11,2.33,21.2,0.03,0.14,0.67
2018-World Cup-sn Senegal,2018,World Cup,sn Senegal,1,9.67,3.67,37.9,0.1,0.27,0
2018-World Cup-rs Serbia,2018,World Cup,rs Serbia,0.67,11.7,2,17.1,0.06,0.33,0
2018-World Cup-es Spain,2018,World Cup,es Spain,1.4,16.7,4.65,27.8,0.08,0.3,0
2018-World Cup-se Sweden,2018,World Cup,se Sweden,1,11.2,3.8,33.9,0.05,0.16,0.4
2018-World Cup-ch Switzerland,2018,World Cup,ch Switzerland,1.25,13.8,3.25,23.6,0.09,0.38,0
2018-World Cup-tn Tunisia,2018,World Cup,tn Tunisia,1.67,12.3,3.67,29.7,0.11,0.36,0.33
2018-World Cup-uy Uruguay,2018,World Cup,uy Uruguay,1.2,12.6,4,31.7,0.1,0.3,0
2021-Copa America-ar Argentina,2021,Copa America,ar Argentina,1.64,12.7,5.21,40.9,0.12,0.29,0.14
2021-Copa America-bo Bolivia,2021,Copa America,bo Bolivia,0.5,5.75,2.25,39.1,0.04,0.11,0.25
2021-Copa America-br Brazil,2021,Copa America,br Brazil,1.71,12.9,5.14,40,0.12,0.31,0.14
2021-Copa America-cl Chile,2021,Copa America,cl Chile,0.6,9,4.4,48.9,0.07,0.14,0.2
2021-Copa America-co Colombia,2021,Copa America,co Colombia,0.96,10.4,3.97,38.2,0.08,0.21,0.14
2021-Copa America-ec Ecuador,2021,Copa America,ec Ecuador,0.8,12,4,33.3,0.07,0.2,0
2021-Copa America-py Paraguay,2021,Copa America,py Paraguay,1.51,13.4,4.34,32.4,0.1,0.3,0.19
2021-Copa America-pe Peru,2021,Copa America,pe Peru,1.1,8.63,3.01,34.9,0.13,0.36,0
2021-Copa America-uy Uruguay,2021,Copa America,uy Uruguay,0.4,12.8,4.2,32.8,0.02,0.05,0.2
2021-Copa America-ve Venezuela,2021,Copa America,ve Venezuela,0.5,6.5,1.75,26.9,0.08,0.29,0
2019-Copa America-ar Argentina,2019,Copa America,ar Argentina,1.17,14.2,5.17,36.5,0.07,0.19,0.17
2019-Copa America-bo Bolivia,2019,Copa America,bo Bolivia,0.67,7.33,2.33,31.8,0.05,0.14,0.33
2019-Copa America-br Brazil,2019,Copa America,br Brazil,2.06,15.9,5.08,32,0.11,0.34,0.48
2019-Copa America-cl Chile,2019,Copa America,cl Chile,1.11,11.1,3.97,35.7,0.09,0.24,0.32
2019-Copa America-co Colombia,2019,Copa America,co Colombia,0.93,10.7,3.26,30.4,0.09,0.29,0
2019-Copa America-ec Ecuador,2019,Copa America,ec Ecuador,0.67,8.33,2,24,0.04,0.17,0.33
2019-Copa America-jp Japan,2019,Copa America,jp Japan,1,13.7,4.33,31.7,0.07,0.23,0
2019-Copa America-py Paraguay,2019,Copa America,py Paraguay,0.7,8.84,2.79,31.6,0.05,0.17,0.47
2019-Copa America-pe Peru,2019,Copa America,pe Peru,1.11,10,3.81,38.1,0.1,0.25,0.16
2019-Copa America-qa Qatar,2019,Copa America,qa Qatar,0.67,6.67,2.33,35,0.1,0.29,0
2019-Copa America-uy Uruguay,2019,Copa America,uy Uruguay,1.4,15.1,5.35,35.4,0.08,0.22,0.23
2019-Copa America-ve Venezuela,2019,Copa America,ve Venezuela,0.75,9.5,3,31.6,0.08,0.25,0
2016-Copa America-ar Argentina,2016,Copa America,ar Argentina,2.86,13.2,5.56,42.2,0.22,0.51,0
2016-Copa America-bo Bolivia,2016,Copa America,bo Bolivia,0.67,6,1.67,27.8,0.11,0.4,0
2016-Copa America-br Brazil,2016,Copa America,br Brazil,2.33,14.3,6.67,46.5,0.16,0.35,0
2016-Copa America-cl Chile,2016,Copa America,cl Chile,2.54,13.3,6.51,48.8,0.18,0.37,0.16
2016-Copa America-co Colombia,2016,Copa America,co Colombia,1.11,12.5,4.13,32.9,0.08,0.23,0.16
2016-Copa America-cr Costa Rica,2016,Copa America,cr Costa Rica,0.67,7,3,42.9,0.1,0.22,0
2016-Copa America-ec Ecuador,2016,Copa America,ec Ecuador,1.75,15.8,5,31.7,0.11,0.35,0
2016-Copa America-ht Haiti,2016,Copa America,ht Haiti,0.33,7,2.67,38.1,0.05,0.13,0
2016-Copa America-jm Jamaica,2016,Copa America,jm Jamaica,0,9.67,2.67,27.6,0,0,0
2016-Copa America-mx Mexico,2016,Copa America,mx Mexico,1.25,17.5,5.25,30,0.07,0.24,0
2016-Copa America-pa Panama,2016,Copa America,pa Panama,1.33,11.3,4,35.3,0.12,0.33,0
2016-Copa America-py Paraguay,2016,Copa America,py Paraguay,0.33,11.7,3.33,28.6,0.03,0.1,0
2016-Copa America-pe Peru,2016,Copa America,pe Peru,0.93,6.28,2.56,40.7,0.15,0.36,0
2016-Copa America-us United States,2016,Copa America,us United States,1.17,8.67,2.5,28.8,0.12,0.4,0.17
2016-Copa America-uy Uruguay,2016,Copa America,uy Uruguay,1,13,3.67,28.2,0.08,0.27,0
2016-Copa America-ve Venezuela,2016,Copa America,ve Venezuela,1,11.8,5,42.6,0.09,0.2,0.5
2021-Gold Cup-ca Canada,2021,Gold Cup,ca Canada,2.2,12.8,4,31.3,0.14,0.45,0.4
2021-Gold Cup-cr Costa Rica,2021,Gold Cup,cr Costa Rica,1.5,7.5,2.25,30,0.2,0.67,0
2021-Gold Cup-sv El Salvador,2021,Gold Cup,sv El Salvador,1.5,16.5,5.25,31.8,0.09,0.29,0
2021-Gold Cup-gd Grenada,2021,Gold Cup,gd Grenada,0.33,7,2.67,38.1,0.05,0.13,0
2021-Gold Cup-gp Guadeloupe,2021,Gold Cup,gp Guadeloupe,0.67,9,3,33.3,0.07,0.22,0
2021-Gold Cup-gt Guatemala,2021,Gold Cup,gt Guatemala,0.33,8,1.67,20.8,0.04,0.2,0
2021-Gold Cup-ht Haiti,2021,Gold Cup,ht Haiti,1,12.3,5,40.5,0.08,0.2,0
2021-Gold Cup-hn Honduras,2021,Gold Cup,hn Honduras,1.75,9.25,3.75,40.5,0.19,0.47,0
2021-Gold Cup-jm Jamaica,2021,Gold Cup,jm Jamaica,1,12.8,5.75,45.1,0.08,0.17,0
2021-Gold Cup-mq Martinique,2021,Gold Cup,mq Martinique,1,10.3,4,38.7,0.06,0.17,0.33
2021-Gold Cup-mx Mexico,2021,Gold Cup,mx Mexico,1.43,18.1,6.19,34.2,0.07,0.21,0.32
2021-Gold Cup-pa Panama,2021,Gold Cup,pa Panama,2.67,14.7,6.33,43.2,0.14,0.32,0.67
2021-Gold Cup-qa Qatar,2021,Gold Cup,qa Qatar,2.4,16.6,5.6,33.7,0.12,0.36,0.8
2021-Gold Cup-sr Suriname,2021,Gold Cup,sr Suriname,1,16,5.33,33.3,0.06,0.19,0
2021-Gold Cup-tt Trin & Tobago,2021,Gold Cup,tt Trin & Tobago,0.33,6.67,2,30,0.05,0.17,0
2021-Gold Cup-us United States,2021,Gold Cup,us United States,1.59,11.4,5.08,44.4,0.14,0.31,0
2019-Gold Cup-bm Bermuda,2019,Gold Cup,bm Bermuda,1.33,13,4.33,33.3,0.08,0.23,0.33
2019-Gold Cup-ca Canada,2019,Gold Cup,ca Canada,3.5,18,8.75,48.6,0.19,0.4,0.25
2019-Gold Cup-cr Costa Rica,2019,Gold Cup,cr Costa Rica,1.63,14.7,5.58,38.1,0.1,0.25,0.23
2019-Gold Cup-cu Cuba,2019,Gold Cup,cu Cuba,0,7,1.67,23.8,0,0,0
2019-Gold Cup-cw Curaçao,2019,Gold Cup,cw Curaçao,0.5,9,3.25,36.1,0.06,0.15,0
2019-Gold Cup-sv El Salvador,2019,Gold Cup,sv El Salvador,0.33,7.33,2.67,36.4,0.05,0.13,0
2019-Gold Cup-gy Guyana,2019,Gold Cup,gy Guyana,1,5.33,1.67,31.3,0.06,0.2,0.67
2019-Gold Cup-ht Haiti,2019,Gold Cup,ht Haiti,1.51,13.2,4.91,37.1,0.09,0.23,0.38
2019-Gold Cup-hn Honduras,2019,Gold Cup,hn Honduras,2,20.3,7.67,37.7,0.1,0.26,0
2019-Gold Cup-jm Jamaica,2019,Gold Cup,jm Jamaica,1.2,12.2,4.4,36.1,0.08,0.23,0.2
2019-Gold Cup-mq Martinique,2019,Gold Cup,mq Martinique,1.67,15,4.33,28.9,0.11,0.38,0.33
2019-Gold Cup-mx Mexico,2019,Gold Cup,mx Mexico,2.39,21.2,6.87,32.4,0.11,0.33,0.15
2019-Gold Cup-ni Nicaragua,2019,Gold Cup,ni Nicaragua,0,12,3,25,0,0,0
2019-Gold Cup-pa Panama,2019,Gold Cup,pa Panama,1.25,12.5,4.5,36,0.08,0.22,0.25
2019-Gold Cup-tt Trin & Tobago,2019,Gold Cup,tt Trin & Tobago,0.33,9.67,2.33,24.1,0.03,0.14,0
2019-Gold Cup-us United States,2019,Gold Cup,us United States,2.5,15.3,6,39.1,0.16,0.42,0
2017-Gold Cup-ca Canada,2017,Gold Cup,ca Canada,1.5,13,3.5,26.9,0.12,0.43,0
2017-Gold Cup-cr Costa Rica,2017,Gold Cup,cr Costa Rica,1,12.4,5,40.3,0.08,0.2,0
2017-Gold Cup-cw Curaçao,2017,Gold Cup,cw Curaçao,0,15.3,4.67,30.4,0,0,0.33
2017-Gold Cup-sv El Salvador,2017,Gold Cup,sv El Salvador,1,11.8,4.25,36.2,0.09,0.24,0
2017-Gold Cup-French Guiana,2017,Gold Cup,French Guiana,0.67,11.3,4,35.3,0.06,0.17,0
2017-Gold Cup-hn Honduras,2017,Gold Cup,hn Honduras,0,16.5,4.75,28.8,0,0,0
2017-Gold Cup-jm Jamaica,2017,Gold Cup,jm Jamaica,1.17,8.17,3.67,44.9,0.12,0.27,0.17
2017-Gold Cup-mq Martinique,2017,Gold Cup,mq Martinique,1.33,14.3,6,41.9,0.09,0.22,0
2017-Gold Cup-mx Mexico,2017,Gold Cup,mx Mexico,1.2,13.4,5.6,41.8,0.09,0.21,0
2017-Gold Cup-ni Nicaragua,2017,Gold Cup,ni Nicaragua,0.33,11.3,3.33,29.4,0.03,0.1,0
2017-Gold Cup-pa Panama,2017,Gold Cup,pa Panama,1.5,11.3,4.25,37.8,0.13,0.35,0
2017-Gold Cup-us United States,2017,Gold Cup,us United States,2.17,14.3,7.5,52.3,0.15,0.29,0.17
2021-Africa Cup of Nations-dz Algeria,2021,Africa Cup of Nations,dz Algeria,0.33,15.3,5,32.6,0.02,0.07,0.33
2021-Africa Cup of Nations-bf Burkina Faso,2021,Africa Cup of Nations,bf Burkina Faso,1.1,9.86,4.11,41.7,0.11,0.27,0.14
2021-Africa Cup of Nations-cm Cameroon,2021,Africa Cup of Nations,cm Cameroon,1.92,14.8,5.07,34.3,0.11,0.32,0.27
2021-Africa Cup of Nations-cv Cape Verde,2021,Africa Cup of Nations,cv Cape Verde,0.5,6,2,33.3,0.08,0.25,0
2021-Africa Cup of Nations-km Comoros,2021,Africa Cup of Nations,km Comoros,1,10.3,2.75,26.8,0.1,0.36,0
2021-Africa Cup of Nations-ci Côte d'Ivoire,2021,Africa Cup of Nations,ci Côte d'Ivoire,1.4,12.6,5.81,46.3,0.11,0.24,0.23
2021-Africa Cup of Nations-eg Egypt,2021,Africa Cup of Nations,eg Egypt,0.48,9.88,2.89,29.3,0.05,0.17,0
2021-Africa Cup of Nations-gq Equ. Guinea,2021,Africa Cup of Nations,gq Equ. Guinea,0.57,10,2.83,28.3,0.06,0.2,0
2021-Africa Cup of Nations-et Ethiopia,2021,Africa Cup of Nations,et Ethiopia,0.67,10,4,40,0.03,0.08,0.33
2021-Africa Cup of Nations-ga Gabon,2021,Africa Cup of Nations,ga Gabon,0.7,10.9,2.56,23.4,0.06,0.27,0
2021-Africa Cup of Nations-gm Gambia,2021,Africa Cup of Nations,gm Gambia,0.8,7.6,2.2,28.9,0.08,0.27,0.2
2021-Africa Cup of Nations-gh Ghana,2021,Africa Cup of Nations,gh Ghana,1,10.7,3.67,34.4,0.09,0.27,0
2021-Africa Cup of Nations-gn Guinea,2021,Africa Cup of Nations,gn Guinea,0.5,13.3,2.75,20.8,0.04,0.18,0
2021-Africa Cup of Nations-gw Guinea-Bissau,2021,Africa Cup of Nations,gw Guinea-Bissau,0,8.67,3,34.6,0,0,0.33
2021-Africa Cup of Nations-mw Malawi,2021,Africa Cup of Nations,mw Malawi,0.75,8.25,2.5,30.3,0.09,0.3,0
2021-Africa Cup of Nations-ml Mali,2021,Africa Cup of Nations,ml Mali,0.93,14.2,2.79,19.7,0.02,0.08,0.7
2021-Africa Cup of Nations-mr Mauritania,2021,Africa Cup of Nations,mr Mauritania,0,12.7,2,15.8,0,0,0
2021-Africa Cup of Nations-ma Morocco,2021,Africa Cup of Nations,ma Morocco,1.51,15.1,5.47,36.3,0.08,0.21,0.57
2021-Africa Cup of Nations-ng Nigeria,2021,Africa Cup of Nations,ng Nigeria,1.5,15.3,4.5,29.5,0.1,0.33,0
2021-Africa Cup of Nations-sn Senegal,2021,Africa Cup of Nations,sn Senegal,1.23,12.9,4.38,34,0.09,0.25,0.27
2021-Africa Cup of Nations-sl Sierra Leone,2021,Africa Cup of Nations,sl Sierra Leone,0.67,7.67,2.67,34.8,0.09,0.25,0.33
2021-Africa Cup of Nations-sd Sudan,2021,Africa Cup of Nations,sd Sudan,0.33,7.67,2.33,30.4,0,0,0.33
2021-Africa Cup of Nations-tn Tunisia,2021,Africa Cup of Nations,tn Tunisia,1,11.4,4,35.1,0.09,0.25,0.6
2021-Africa Cup of Nations-zw Zimbabwe,2021,Africa Cup of Nations,zw Zimbabwe,1,11.3,3.67,32.4,0.09,0.27,0
2019-Africa Cup of Nations-dz Algeria,2019,Africa Cup of Nations,dz Algeria,1.64,10.5,3.56,33.8,0.14,0.42,0.27
2019-Africa Cup of Nations-ao Angola,2019,Africa Cup of Nations,ao Angola,0.33,6.33,1.67,26.3,0.05,0.2,0
2019-Africa Cup of Nations-bj Benin,2019,Africa Cup of Nations,bj Benin,0.57,8.68,1.7,19.6,0.07,0.33,0
2019-Africa Cup of Nations-bi Burundi,2019,Africa Cup of Nations,bi Burundi,0,12.3,4,32.4,0,0,0
2019-Africa Cup of Nations-cm Cameroon,2019,Africa Cup of Nations,cm Cameroon,1,12,3,25,0.08,0.33,0
2019-Africa Cup of Nations-cd Congo DR,2019,Africa Cup of Nations,cd Congo DR,1.4,13.3,5.35,40.4,0.09,0.22,0.23
2019-Africa Cup of Nations-ci Côte d'Ivoire,2019,Africa Cup of Nations,ci Côte d'Ivoire,1.32,10.8,4.72,43.9,0.12,0.28,0
2019-Africa Cup of Nations-eg Egypt,2019,Africa Cup of Nations,eg Egypt,1.25,11.8,4.75,40.4,0.11,0.26,0
2019-Africa Cup of Nations-gh Ghana,2019,Africa Cup of Nations,gh Ghana,0.93,10.7,2.56,23.9,0.09,0.36,0
2019-Africa Cup of Nations-gn Guinea,2019,Africa Cup of Nations,gn Guinea,1,12.8,2.75,21.6,0.06,0.27,0.25
2019-Africa Cup of Nations-gw Guinea-Bissau,2019,Africa Cup of Nations,gw Guinea-Bissau,0,7,1.33,19,0,0,0
2019-Africa Cup of Nations-ke Kenya,2019,Africa Cup of Nations,ke Kenya,1,10.3,3.67,35.5,0.1,0.27,0
2019-Africa Cup of Nations-mg Madagascar,2019,Africa Cup of Nations,mg Madagascar,1.32,8.68,3.4,39.1,0.15,0.39,0
2019-Africa Cup of Nations-ml Mali,2019,Africa Cup of Nations,ml Mali,1.5,11.5,4.25,37,0.11,0.29,0.25
2019-Africa Cup of Nations-mr Mauritania,2019,Africa Cup of Nations,mr Mauritania,0.33,3,0.33,11.1,0,0,0.33
2019-Africa Cup of Nations-ma Morocco,2019,Africa Cup of Nations,ma Morocco,0.7,14.9,4.19,28.1,0.05,0.17,0.23
2019-Africa Cup of Nations-na Namibia,2019,Africa Cup of Nations,na Namibia,0.33,6.67,1.67,25,0.05,0.2,0
2019-Africa Cup of Nations-ng Nigeria,2019,Africa Cup of Nations,ng Nigeria,1.29,12.1,3.43,28.2,0.09,0.33,0.14
2019-Africa Cup of Nations-sn Senegal,2019,Africa Cup of Nations,sn Senegal,0.96,13,4.52,34.7,0.06,0.18,0.55
2019-Africa Cup of Nations-za South Africa,2019,Africa Cup of Nations,za South Africa,0.6,8.4,3,35.7,0.07,0.2,0
2019-Africa Cup of Nations-tz Tanzania,2019,Africa Cup of Nations,tz Tanzania,0.67,7.67,2,26.1,0.09,0.33,0
2019-Africa Cup of Nations-tn Tunisia,2019,Africa Cup of Nations,tn Tunisia,0.78,9.61,2.47,25.7,0.07,0.26,0.26
2019-Africa Cup of Nations-ug Uganda,2019,Africa Cup of Nations,ug Uganda,0.75,11.3,4,35.6,0.07,0.19,0
2019-Africa Cup of Nations-zw Zimbabwe,2019,Africa Cup of Nations,zw Zimbabwe,0.33,13.3,3,22.5,0.03,0.11,0
2017-Africa Cup of Nations-dz Algeria,2017,Africa Cup of Nations,dz Algeria,1.67,12.3,5.67,45.9,0.14,0.29,0
2017-Africa Cup of Nations-bf Burkina Faso,2017,Africa Cup of Nations,bf Burkina Faso,1.11,12.7,3.81,30,0.09,0.29,0
2017-Africa Cup of Nations-cm Cameroon,2017,Africa Cup of Nations,cm Cameroon,1.11,12.4,3.81,30.8,0.09,0.29,0
2017-Africa Cup of Nations-cd Congo DR,2017,Africa Cup of Nations,cd Congo DR,1.75,10.8,3.5,32.6,0.16,0.5,0
2017-Africa Cup of Nations-ci Côte d'Ivoire,2017,Africa Cup of Nations,ci Côte d'Ivoire,0.67,11.3,3.67,32.4,0.06,0.18,0
2017-Africa Cup of Nations-eg Egypt,2017,Africa Cup of Nations,eg Egypt,0.79,6.98,2.38,34.1,0.11,0.33,0
2017-Africa Cup of Nations-ga Gabon,2017,Africa Cup of Nations,ga Gabon,0.67,8.67,3,34.6,0.04,0.11,0.33
2017-Africa Cup of Nations-gh Ghana,2017,Africa Cup of Nations,gh Ghana,0.67,11.3,3.17,27.9,0.03,0.11,0.33
2017-Africa Cup of Nations-gw Guinea-Bissau,2017,Africa Cup of Nations,gw Guinea-Bissau,0.67,12,3.33,27.8,0.06,0.2,0
2017-Africa Cup of Nations-ml Mali,2017,Africa Cup of Nations,ml Mali,0.33,13.3,2,15,0.03,0.17,0
2017-Africa Cup of Nations-ma Morocco,2017,Africa Cup of Nations,ma Morocco,1,13.5,3,22.2,0.07,0.33,0
2017-Africa Cup of Nations-sn Senegal,2017,Africa Cup of Nations,sn Senegal,1.4,14.4,4.65,32.3,0.08,0.25,0.23
2017-Africa Cup of Nations-tg Togo,2017,Africa Cup of Nations,tg Togo,0.67,8.67,2.67,30.8,0.08,0.25,0
2017-Africa Cup of Nations-tn Tunisia,2017,Africa Cup of Nations,tn Tunisia,1.25,13.8,5,36.4,0.05,0.15,0.5
2017-Africa Cup of Nations-ug Uganda,2017,Africa Cup of Nations,ug Uganda,0.33,6.67,1.67,25,0.05,0.2,0
2017-Africa Cup of Nations-zw Zimbabwe,2017,Africa Cup of Nations,zw Zimbabwe,1.33,11,4.67,42.4,0.09,0.21,0.33
2015-Africa Cup of Nations-dz Algeria,2015,Africa Cup of Nations,dz Algeria,1.25,8.5,4,47.1,0.15,0.31,0
2015-Africa Cup of Nations-bf Burkina Faso,2015,Africa Cup of Nations,bf Burkina Faso,0.33,15.7,4,25.5,0.02,0.08,0
2015-Africa Cup of Nations-cm Cameroon,2015,Africa Cup of Nations,cm Cameroon,0.67,10,2.33,23.3,0.07,0.29,0
2015-Africa Cup of Nations-cv Cape Verde,2015,Africa Cup of Nations,cv Cape Verde,0.33,10.7,3.67,34.4,0,0,0.33
2015-Africa Cup of Nations-cg Congo,2015,Africa Cup of Nations,cg Congo,1.5,11.3,4,35.6,0.13,0.38,0
2015-Africa Cup of Nations-cd Congo DR,2015,Africa Cup of Nations,cd Congo DR,1.11,13.8,5.56,40.2,0.07,0.17,0.16
2015-Africa Cup of Nations-ci Côte d'Ivoire,2015,Africa Cup of Nations,ci Côte d'Ivoire,1.43,9.68,3.49,36.1,0.15,0.41,0
2015-Africa Cup of Nations-gq Equ. Guinea,2015,Africa Cup of Nations,gq Equ. Guinea,0.75,8.36,2.99,35.7,0.05,0.15,0.3
2015-Africa Cup of Nations-ga Gabon,2015,Africa Cup of Nations,ga Gabon,0.67,11.3,4.67,41.2,0.06,0.14,0
2015-Africa Cup of Nations-gh Ghana,2015,Africa Cup of Nations,gh Ghana,1.59,12.7,3.49,27.5,0.1,0.36,0.32
2015-Africa Cup of Nations-gn Guinea,2015,Africa Cup of Nations,gn Guinea,0.75,7.5,2,26.7,0.07,0.25,0.25
2015-Africa Cup of Nations-ml Mali,2015,Africa Cup of Nations,ml Mali,1,9.33,3.33,35.7,0.11,0.3,0.33
2015-Africa Cup of Nations-sn Senegal,2015,Africa Cup of Nations,sn Senegal,1,14.3,3.67,25.6,0.07,0.27,0
2015-Africa Cup of Nations-za South Africa,2015,Africa Cup of Nations,za South Africa,1,11,2.67,24.2,0.09,0.38,0.33
2015-Africa Cup of Nations-tn Tunisia,2015,Africa Cup of Nations,tn Tunisia,1.16,10.9,4.19,38.3,0.11,0.28,0
2015-Africa Cup of Nations-zm Zambia,2015,Africa Cup of Nations,zm Zambia,0.67,12.3,4.67,37.8,0.05,0.14,0
2022-UEFA WCQ-al Albania,2022,UEFA WCQ,al Albania,1.2,13.1,3.9,29.8,0.08,0.28,0.1
2022-UEFA WCQ-ad Andorra,2022,UEFA WCQ,ad Andorra,0.8,5.4,2.5,46.3,0.13,0.28,0.1
2022-UEFA WCQ-am Armenia,2022,UEFA WCQ,am Armenia,0.8,11.4,3.5,30.7,0.04,0.14,0.3
2022-UEFA WCQ-at Austria,2022,UEFA WCQ,at Austria,1.82,16.3,5.36,33,0.1,0.31,0.18
2022-UEFA WCQ-az Azerbaijan,2022,UEFA WCQ,az Azerbaijan,0.63,7.88,2.13,27,0.06,0.24,0.13
2022-UEFA WCQ-by Belarus,2022,UEFA WCQ,by Belarus,0.88,6.13,2,32.7,0.1,0.31,0.25
2022-UEFA WCQ-be Belgium,2022,UEFA WCQ,be Belgium,3.13,16.4,7.13,43.5,0.18,0.42,0.13
2022-UEFA WCQ-ba Bosnia & Herz'na,2022,UEFA WCQ,ba Bosnia & Herz'na,1.13,15.3,4.63,30.3,0.07,0.22,0.25
2022-UEFA WCQ-bg Bulgaria,2022,UEFA WCQ,bg Bulgaria,0.75,6.75,2.25,33.3,0.11,0.33,0.13
2022-UEFA WCQ-hr Croatia,2022,UEFA WCQ,hr Croatia,2,18,6.5,36.1,0.11,0.29,0.2
2022-UEFA WCQ-cy Cyprus,2022,UEFA WCQ,cy Cyprus,0.4,8.2,2.4,29.3,0.05,0.17,0
2022-UEFA WCQ-cz Czech Republic,2022,UEFA WCQ,cz Czech Republic,1.4,15.2,4.84,31.9,0.09,0.29,0
2022-UEFA WCQ-dk Denmark,2022,UEFA WCQ,dk Denmark,3,14.7,6.7,45.6,0.19,0.42,0.2
2022-UEFA WCQ-eng England,2022,UEFA WCQ,eng England,3.8,16.1,7.1,44.1,0.21,0.48,0.5
2022-UEFA WCQ-ee Estonia,2022,UEFA WCQ,ee Estonia,1.13,8.88,3.13,35.2,0.13,0.36,0
2022-UEFA WCQ-fo Faroe Islands,2022,UEFA WCQ,fo Faroe Islands,0.7,7.7,2.9,37.7,0.09,0.24,0
2022-UEFA WCQ-fi Finland,2022,UEFA WCQ,fi Finland,1.25,10.3,4,39,0.11,0.28,0.25
2022-UEFA WCQ-fr France,2022,UEFA WCQ,fr France,2.13,14.9,5.75,38.7,0.13,0.35,0.25
2022-UEFA WCQ-ge Georgia,2022,UEFA WCQ,ge Georgia,0.75,7.38,3,40.7,0.1,0.25,0
2022-UEFA WCQ-de Germany,2022,UEFA WCQ,de Germany,3.4,22.4,9.1,40.6,0.14,0.34,0.3
2022-UEFA WCQ-gi Gibraltar,2022,UEFA WCQ,gi Gibraltar,0.4,2.5,1,40,0.08,0.2,0.2
2022-UEFA WCQ-gr Greece,2022,UEFA WCQ,gr Greece,0.88,9.38,3.5,37.3,0.07,0.18,0.25
2022-UEFA WCQ-hu Hungary,2022,UEFA WCQ,hu Hungary,1.9,11.8,4.5,38.1,0.13,0.33,0.5
2022-UEFA WCQ-is Iceland,2022,UEFA WCQ,is Iceland,1.2,11.8,3.5,29.7,0.08,0.26,0.3
2022-UEFA WCQ-il Israel,2022,UEFA WCQ,il Israel,2.3,10.8,4.6,42.6,0.2,0.48,0.1
2022-UEFA WCQ-it Italy,2022,UEFA WCQ,it Italy,1.33,19.6,6.33,32.4,0.06,0.18,0.44
2022-UEFA WCQ-kz Kazakhstan,2022,UEFA WCQ,kz Kazakhstan,0.63,5.38,2,37.2,0.12,0.31,0
2022-UEFA WCQ-xk Kosovo,2022,UEFA WCQ,xk Kosovo,0.63,8.25,2.5,30.3,0.06,0.2,0.13
2022-UEFA WCQ-lv Latvia,2022,UEFA WCQ,lv Latvia,1,8.5,2.7,31.8,0.11,0.33,0.1
2022-UEFA WCQ-li Liechtenstein,2022,UEFA WCQ,li Liechtenstein,0.2,2.3,0.9,39.1,0.09,0.22,0
2022-UEFA WCQ-lt Lithuania,2022,UEFA WCQ,lt Lithuania,0.5,7.5,2,26.7,0.07,0.25,0.13
2022-UEFA WCQ-lu Luxembourg,2022,UEFA WCQ,lu Luxembourg,1,10.8,2.75,25.6,0.08,0.32,0.13
2022-UEFA WCQ-mt Malta,2022,UEFA WCQ,mt Malta,0.8,5.4,2.1,38.9,0.15,0.38,0
2022-UEFA WCQ-md Moldova,2022,UEFA WCQ,md Moldova,0.5,7,2.6,37.1,0.07,0.19,0.1
2022-UEFA WCQ-me Montenegro,2022,UEFA WCQ,me Montenegro,1.4,14.8,4.6,31.1,0.09,0.28,0.1
2022-UEFA WCQ-mk N. Macedonia,2022,UEFA WCQ,mk N. Macedonia,2,12.6,5,39.7,0.13,0.33,0.33
2022-UEFA WCQ-nl Netherlands,2022,UEFA WCQ,nl Netherlands,3.3,23.4,9,38.5,0.12,0.32,0.6
2022-UEFA WCQ-nir Northern Ireland,2022,UEFA WCQ,nir Northern Ireland,0.63,8.88,3.25,36.6,0.04,0.12,0.25
2022-UEFA WCQ-no Norway,2022,UEFA WCQ,no Norway,1.5,17.5,5.5,31.4,0.08,0.25,0.1
2022-UEFA WCQ-pl Poland,2022,UEFA WCQ,pl Poland,2.82,14.5,5.91,40.6,0.19,0.46,0.09
2022-UEFA WCQ-pt Portugal,2022,UEFA WCQ,pt Portugal,2.1,18,7.2,40,0.11,0.26,0.3
2022-UEFA WCQ-ie Rep. of Ireland,2022,UEFA WCQ,ie Rep. of Ireland,1.25,12.3,3.88,31.6,0.1,0.32,0
2022-UEFA WCQ-ro Romania,2022,UEFA WCQ,ro Romania,1.3,17.9,6.5,36.3,0.07,0.2,0.1
2022-UEFA WCQ-ru Russia,2022,UEFA WCQ,ru Russia,1.8,10.7,4.4,41.1,0.16,0.39,0.1
2022-UEFA WCQ-sm San Marino,2022,UEFA WCQ,sm San Marino,0.1,3.8,0.9,23.7,0.03,0.11,0
2022-UEFA WCQ-sct Scotland,2022,UEFA WCQ,sct Scotland,1.64,12.9,5.09,39.4,0.12,0.3,0.18
2022-UEFA WCQ-rs Serbia,2022,UEFA WCQ,rs Serbia,2.13,15.9,6.5,40.9,0.12,0.29,0.25
2022-UEFA WCQ-sk Slovakia,2022,UEFA WCQ,sk Slovakia,1.7,16,5.3,33.1,0.1,0.3,0.1
2022-UEFA WCQ-si Slovenia,2022,UEFA WCQ,si Slovenia,1.3,11.1,3.7,33.3,0.11,0.32,0.2
2022-UEFA WCQ-es Spain,2022,UEFA WCQ,es Spain,1.88,13.9,4.88,35.1,0.13,0.36,0.13
2022-UEFA WCQ-se Sweden,2022,UEFA WCQ,se Sweden,1.26,12.5,4.95,39.5,0.08,0.2,0.29
2022-UEFA WCQ-ch Switzerland,2022,UEFA WCQ,ch Switzerland,1.88,15.6,6.13,39.2,0.12,0.31,0.13
2022-UEFA WCQ-tr Turkey,2022,UEFA WCQ,tr Turkey,2.55,16.2,6.45,39.9,0.14,0.35,0.45
2022-UEFA WCQ-ua Ukraine,2022,UEFA WCQ,ua Ukraine,1.4,13.8,4.6,33.3,0.1,0.3,0
2022-UEFA WCQ-wls Wales,2022,UEFA WCQ,wls Wales,1.6,11.9,4.4,37,0.11,0.3,0.3
2021-UEFA Euro Qualifiers-al Albania,2021,UEFA Euro Qualifiers,al Albania,1.3,9.3,2.8,30.1,0.13,0.43,0.1
2021-UEFA Euro Qualifiers-ad Andorra,2021,UEFA Euro Qualifiers,ad Andorra,0.3,3.9,1,25.6,0.08,0.3,0
2021-UEFA Euro Qualifiers-am Armenia,2021,UEFA Euro Qualifiers,am Armenia,1.2,12.2,4.4,36.1,0.1,0.27,0
2021-UEFA Euro Qualifiers-at Austria,2021,UEFA Euro Qualifiers,at Austria,1.5,15.7,5.5,35,0.08,0.24,0.2
2021-UEFA Euro Qualifiers-az Azerbaijan,2021,UEFA Euro Qualifiers,az Azerbaijan,0.5,6.5,2,30.8,0.08,0.25,0
2021-UEFA Euro Qualifiers-by Belarus,2021,UEFA Euro Qualifiers,by Belarus,0.33,8.33,2.33,28,0.04,0.14,0.11
2021-UEFA Euro Qualifiers-be Belgium,2021,UEFA Euro Qualifiers,be Belgium,3.3,17.9,8.1,45.3,0.17,0.38,0.2
2021-UEFA Euro Qualifiers-ba Bosnia & Herz'na,2021,UEFA Euro Qualifiers,ba Bosnia & Herz'na,1.59,15.8,5.58,35.2,0.09,0.27,0.09
2021-UEFA Euro Qualifiers-bg Bulgaria,2021,UEFA Euro Qualifiers,bg Bulgaria,0.56,5.89,2.11,35.8,0.09,0.26,0
2021-UEFA Euro Qualifiers-hr Croatia,2021,UEFA Euro Qualifiers,hr Croatia,1.63,13.8,5.25,38.2,0.11,0.29,0.25
2021-UEFA Euro Qualifiers-cy Cyprus,2021,UEFA Euro Qualifiers,cy Cyprus,1,9.5,3.3,34.7,0.11,0.3,0
2021-UEFA Euro Qualifiers-cz Czech Republic,2021,UEFA Euro Qualifiers,cz Czech Republic,1.5,15.5,5.38,34.7,0.08,0.23,0.25
2021-UEFA Euro Qualifiers-dk Denmark,2021,UEFA Euro Qualifiers,dk Denmark,2.5,15.6,5.25,33.6,0.14,0.4,0.38
2021-UEFA Euro Qualifiers-eng England,2021,UEFA Euro Qualifiers,eng England,3.13,11.3,6.38,56.7,0.24,0.43,0.5
2021-UEFA Euro Qualifiers-ee Estonia,2021,UEFA Euro Qualifiers,ee Estonia,0.25,6.38,1.5,23.5,0.04,0.17,0
2021-UEFA Euro Qualifiers-fo Faroe Islands,2021,UEFA Euro Qualifiers,fo Faroe Islands,0.3,5.4,1.8,33.3,0.06,0.17,0.1
2021-UEFA Euro Qualifiers-fi Finland,2021,UEFA Euro Qualifiers,fi Finland,1.4,9.8,4.1,41.8,0.11,0.27,0.3
2021-UEFA Euro Qualifiers-fr France,2021,UEFA Euro Qualifiers,fr France,1.7,14,5.2,37.1,0.11,0.29,0.4
2021-UEFA Euro Qualifiers-ge Georgia,2021,UEFA Euro Qualifiers,ge Georgia,0.8,11,3.5,31.8,0.05,0.17,0.2
2021-UEFA Euro Qualifiers-de Germany,2021,UEFA Euro Qualifiers,de Germany,3.38,18.5,7.63,41.2,0.17,0.41,0.25
2021-UEFA Euro Qualifiers-gi Gibraltar,2021,UEFA Euro Qualifiers,gi Gibraltar,0.38,4.13,1.75,42.4,0.09,0.21,0
2021-UEFA Euro Qualifiers-gr Greece,2021,UEFA Euro Qualifiers,gr Greece,1.1,18.1,5.8,32,0.06,0.17,0.1
2021-UEFA Euro Qualifiers-hu Hungary,2021,UEFA Euro Qualifiers,hu Hungary,1.1,10.3,3.7,35.9,0.11,0.3,0
2021-UEFA Euro Qualifiers-is Iceland,2021,UEFA Euro Qualifiers,is Iceland,1.17,11.2,4.08,36.6,0.1,0.29,0.17
2021-UEFA Euro Qualifiers-il Israel,2021,UEFA Euro Qualifiers,il Israel,0.97,12.2,4.51,37,0.08,0.22,0
2021-UEFA Euro Qualifiers-it Italy,2021,UEFA Euro Qualifiers,it Italy,2.9,15.7,6.8,43.3,0.17,0.38,0.3
2021-UEFA Euro Qualifiers-kz Kazakhstan,2021,UEFA Euro Qualifiers,kz Kazakhstan,1,10.4,4,38.5,0.1,0.25,0
2021-UEFA Euro Qualifiers-xk Kosovo,2021,UEFA Euro Qualifiers,xk Kosovo,1.44,10.2,3.67,35.9,0.13,0.36,0.11
2021-UEFA Euro Qualifiers-lv Latvia,2021,UEFA Euro Qualifiers,lv Latvia,0.2,6.1,1.8,29.5,0.03,0.11,0
2021-UEFA Euro Qualifiers-li Liechtenstein,2021,UEFA Euro Qualifiers,li Liechtenstein,0.2,4.1,1.5,36.6,0.05,0.13,0
2021-UEFA Euro Qualifiers-lt Lithuania,2021,UEFA Euro Qualifiers,lt Lithuania,0.5,7.5,1.88,25,0.05,0.2,0.13
2021-UEFA Euro Qualifiers-lu Luxembourg,2021,UEFA Euro Qualifiers,lu Luxembourg,0.5,8.88,2.75,31,0.06,0.18,0
2021-UEFA Euro Qualifiers-mt Malta,2021,UEFA Euro Qualifiers,mt Malta,0.3,6.7,1.2,17.9,0.03,0.17,0.1
2021-UEFA Euro Qualifiers-md Moldova,2021,UEFA Euro Qualifiers,md Moldova,0.3,4.8,1.2,25,0.06,0.25,0
2021-UEFA Euro Qualifiers-me Montenegro,2021,UEFA Euro Qualifiers,me Montenegro,0.13,6.38,2.25,35.3,0.02,0.06,0
2021-UEFA Euro Qualifiers-mk N. Macedonia,2021,UEFA Euro Qualifiers,mk N. Macedonia,0.75,8.83,3.42,38.7,0.08,0.22,0
2021-UEFA Euro Qualifiers-nl Netherlands,2021,UEFA Euro Qualifiers,nl Netherlands,2.13,14.5,6.25,43.1,0.15,0.34,0
2021-UEFA Euro Qualifiers-nir Northern Ireland,2021,UEFA Euro Qualifiers,nir Northern Ireland,0.56,7.2,1.87,26,0.08,0.3,0.09
2021-UEFA Euro Qualifiers-no Norway,2021,UEFA Euro Qualifiers,no Norway,1.42,10,3.81,38.1,0.12,0.33,0.27
2021-UEFA Euro Qualifiers-pl Poland,2021,UEFA Euro Qualifiers,pl Poland,1.5,10.9,3.8,34.9,0.13,0.37,0.1
2021-UEFA Euro Qualifiers-pt Portugal,2021,UEFA Euro Qualifiers,pt Portugal,2.63,16.6,6.88,41.4,0.14,0.33,0.38
2021-UEFA Euro Qualifiers-ie Rep. of Ireland,2021,UEFA Euro Qualifiers,ie Rep. of Ireland,0.54,10.6,3.01,28.3,0.05,0.18,0
2021-UEFA Euro Qualifiers-ro Romania,2021,UEFA Euro Qualifiers,ro Romania,1.18,12.4,4.18,33.8,0.09,0.26,0.18
2021-UEFA Euro Qualifiers-ru Russia,2021,UEFA Euro Qualifiers,ru Russia,2.5,18.8,7,37.2,0.13,0.34,0.2
2021-UEFA Euro Qualifiers-sm San Marino,2021,UEFA Euro Qualifiers,sm San Marino,0.1,2.4,1.1,45.8,0.04,0.09,0
2021-UEFA Euro Qualifiers-sct Scotland,2021,UEFA Euro Qualifiers,sct Scotland,1.18,10.7,3.86,36,0.11,0.31,0
2021-UEFA Euro Qualifiers-rs Serbia,2021,UEFA Euro Qualifiers,rs Serbia,1.78,12.4,5.7,45.9,0.14,0.3,0.09
2021-UEFA Euro Qualifiers-sk Slovakia,2021,UEFA Euro Qualifiers,sk Slovakia,1.21,10.5,4.21,40.2,0.12,0.29,0
2021-UEFA Euro Qualifiers-si Slovenia,2021,UEFA Euro Qualifiers,si Slovenia,1.3,10.8,3.8,35.2,0.1,0.29,0.2
2021-UEFA Euro Qualifiers-es Spain,2021,UEFA Euro Qualifiers,es Spain,2.7,20,7.5,37.5,0.12,0.32,0.3
2021-UEFA Euro Qualifiers-se Sweden,2021,UEFA Euro Qualifiers,se Sweden,1.7,11,5.2,47.3,0.14,0.29,0.2
2021-UEFA Euro Qualifiers-ch Switzerland,2021,UEFA Euro Qualifiers,ch Switzerland,1.88,21.3,6.88,32.4,0.09,0.27,0.13
2021-UEFA Euro Qualifiers-tr Turkey,2021,UEFA Euro Qualifiers,tr Turkey,1.2,11.2,3.9,34.8,0.1,0.28,0.1
2021-UEFA Euro Qualifiers-ua Ukraine,2021,UEFA Euro Qualifiers,ua Ukraine,1.88,11.1,4.63,41.6,0.17,0.41,0
2021-UEFA Euro Qualifiers-wls Wales,2021,UEFA Euro Qualifiers,wls Wales,1.13,13,5,38.5,0.09,0.23,0
2022-CONMEBOL WCQ-ar Argentina,2022,CONMEBOL WCQ,ar Argentina,1.5,12.8,4.94,38.7,0.11,0.28,0.11
2022-CONMEBOL WCQ-bo Bolivia,2022,CONMEBOL WCQ,bo Bolivia,1.28,11.5,3.89,33.8,0.1,0.3,0.17
2022-CONMEBOL WCQ-br Brazil,2022,CONMEBOL WCQ,br Brazil,2.17,13.3,5.89,44.4,0.14,0.31,0.33
2022-CONMEBOL WCQ-cl Chile,2022,CONMEBOL WCQ,cl Chile,1,11.8,3.44,29.2,0.08,0.27,0.06
2022-CONMEBOL WCQ-co Colombia,2022,CONMEBOL WCQ,co Colombia,1.11,12.3,3.89,31.7,0.07,0.21,0.28
2022-CONMEBOL WCQ-ec Ecuador,2022,CONMEBOL WCQ,ec Ecuador,1.5,11.3,3.94,34.8,0.12,0.34,0.22
2022-CONMEBOL WCQ-py Paraguay,2022,CONMEBOL WCQ,py Paraguay,0.61,9.22,2.67,28.9,0.05,0.19,0.17
2022-CONMEBOL WCQ-pe Peru,2022,CONMEBOL WCQ,pe Peru,1.06,9.89,3.72,37.6,0.11,0.28,0.06
2022-CONMEBOL WCQ-uy Uruguay,2022,CONMEBOL WCQ,uy Uruguay,1.22,11.9,3.94,33,0.07,0.23,0.33
2022-CONMEBOL WCQ-ve Venezuela,2022,CONMEBOL WCQ,ve Venezuela,0.78,11.3,3.5,30.9,0.06,0.21,0.17
