Key,Squad,Poss,Gls,Sh,SoT,SoT%,PKatt,CrdY,CrdR,Fld,Int,O. CrdY,Confederation_AFC,Confederation_CAF,Confederation_CONCACAF,Confederation_CONMEBOL,Confederation_UEFA
2019-AFC Asian Cup-Australia,Australia,66,1.13,16.8,5.85,34.8,0,0.75,0,10.2,9.81,1.32,1,0,0,0,0
2018-World Cup-Australia,Australia,51.7,0.67,10.7,2.33,21.9,0.67,2.33,0,11,8,1.67,1,0,0,0,0
2019-AFC Asian Cup-Bahrain,Bahrain,46.3,0.7,15.6,4.19,26.9,0.23,0.47,0,12.6,10,1.4,1,0,0,0,0
2019-AFC Asian Cup-China PR,China PR,50.6,1.2,9.6,3.2,33.3,0.2,1,0,11.8,10.4,1.4,1,0,0,0,0
2019-AFC Asian Cup-India,India,36.7,1.33,9,3,33.3,0.33,0.67,0,11,13,1.33,1,0,0,0,0
2019-AFC Asian Cup-Iran,Iran,57,2,15.2,5,33,0.17,0.83,0,12.8,10,2.17,1,0,0,0,0
2018-World Cup-Iran,Iran,29,0.33,7.33,1,13.6,0.33,2.33,0,14.7,13,1.67,1,0,0,0,0
2019-AFC Asian Cup-Iraq,Iraq,55,1.5,12.3,4.25,34.7,0,1,0,13,13.5,2,1,0,0,0,0
2019-AFC Asian Cup-Japan,Japan,54.7,1.71,11.7,4.71,40.2,0.43,0.29,0,11.1,7.86,2.14,1,0,0,0,0
2018-World Cup-Japan,Japan,53,1.5,10.8,3.75,34.9,0.25,1,0,12.5,10.5,1.25,1,0,0,0,0
2019-Copa America-Japan,Japan,46,1,13.7,4.33,31.7,0,1.67,0,13,10,1.33,1,0,0,0,0
2019-AFC Asian Cup-Jordan,Jordan,41.3,0.93,11.6,3.95,34,0,0.93,0,13.3,12.6,1.4,1,0,0,0,0
2019-AFC Asian Cup-Korea DPR,Korea DPR,32.7,0.33,7.67,1.67,21.7,0,4.33,0.67,11,13,1.33,1,0,0,0,0
2019-AFC Asian Cup-South Korea,South Korea,69,1.13,14.7,4.53,30.8,0.19,0.75,0,12.6,9.25,2.08,1,0,0,0,0
2018-World Cup-South Korea,South Korea,37.3,1,11.3,3.67,32.4,0,3.33,0,11,6.33,0.33,1,0,0,0,0
2019-AFC Asian Cup-Kyrgyz Republic,Kyrgyz Republic,41.3,1.4,13.3,3.49,26.3,0,0.7,0,10.2,13,1.63,1,0,0,0,0
2019-AFC Asian Cup-Lebanon,Lebanon,42,1.33,11.3,4.67,41.2,0.33,2.33,0,14.7,14.7,2,1,0,0,0,0
2019-AFC Asian Cup-Oman,Oman,51.5,1,14.3,5.25,36.8,0.25,1.5,0,13.8,8,2.5,1,0,0,0,0
2019-AFC Asian Cup-Palestine,Palestine,33.7,0,5.67,1.67,29.4,0,2,0.33,11.3,10,2,1,0,0,0,0
2019-AFC Asian Cup-Philippines,Philippines,39,0.33,6.67,2,30,0,3,0,17.7,7,2.33,1,0,0,0,0
2019-AFC Asian Cup-Qatar,Qatar,49.1,2.71,10.3,4.43,43.1,0.29,0.57,0,14.7,9.86,2.86,1,0,0,0,0
2019-Copa America-Qatar,Qatar,45.3,0.67,6.67,2.33,35,0,3.67,0,11.7,15.3,1.67,1,0,0,0,0
2021-Gold Cup-Qatar,Qatar,45.4,2.4,16.6,5.6,33.7,0.8,0.4,0,12.6,11.6,1.4,1,0,0,0,0
2019-AFC Asian Cup-Saudi Arabia,Saudi Arabia,72.5,1.5,14.5,4,27.6,0,1.25,0,16,7.75,3,1,0,0,0,0
2018-World Cup-Saudi Arabia,Saudi Arabia,59,0.67,11,2.33,21.2,0.67,0.33,0,16.3,14.7,1,1,0,0,0,0
2019-AFC Asian Cup-Syria,Syria,57.3,0.67,12.7,4.67,36.8,0.33,2,0,15,11,2,1,0,0,0,0
2019-AFC Asian Cup-Thailand,Thailand,46,1,9.75,3,30.8,0,2,0,13.8,10.5,1.25,1,0,0,0,0
2019-AFC Asian Cup-Turkmenistan,Turkmenistan,35.3,1,9.33,3.33,35.7,0.33,1.67,0,12,10,2,1,0,0,0,0
2019-AFC Asian Cup-UAE,UAE,56.5,1.27,10.8,3.02,27.9,0.32,0.16,0.16,11.4,11,1.75,1,0,0,0,0
2019-AFC Asian Cup-Uzbekistan,Uzbekistan,48.3,1.63,9.3,3.72,40,0,1.16,0.23,11.2,7.44,1.16,1,0,0,0,0
2019-AFC Asian Cup-Vietnam,Vietnam,45.2,0.75,9.81,3.96,40.4,0.19,0.94,0,10.8,8.87,1.32,1,0,0,0,0
2019-AFC Asian Cup-Yemen,Yemen,35.3,0,6,1,16.7,0,2.67,0,12.7,11.7,0.67,1,0,0,0,0
2021-UEFA Euros-Austria,Austria,53.8,1.16,12.3,3.26,26.4,0,1.4,0,12.8,13.5,1.16,0,0,0,0,1
2016-UEFA Euros-Austria,Austria,54,0.33,13.7,3.67,26.8,0.33,2,0.33,12.7,13,2.33,0,0,0,0,1
2022-UEFA WCQ-Austria,Austria,62.5,1.82,16.3,5.36,33,0.18,1.27,0,10.9,8.82,1.91,0,0,0,0,1
2021-UEFA Euro Qualifiers-Austria,Austria,61,1.5,15.7,5.5,35,0.2,1.2,0,8.7,6.8,2.2,0,0,0,0,1
2021-UEFA Euros-Belgium,Belgium,53.6,1.6,9.4,3.6,38.3,0.2,0.8,0,11.6,10.6,1.6,0,0,0,0,1
2016-UEFA Euros-Belgium,Belgium,52.4,1.8,19,7.4,38.9,0,0.8,0,10.4,14.4,3,0,0,0,0,1
2018-World Cup-Belgium,Belgium,52.9,2.14,15.3,5,32.7,0.14,0.14,0,12.7,8.14,1.86,0,0,0,0,1
2022-UEFA WCQ-Belgium,Belgium,70.5,3.13,16.4,7.13,43.5,0.13,1.5,0,9.25,7.13,1.25,0,0,0,0,1
2021-UEFA Euro Qualifiers-Belgium,Belgium,65.4,3.3,17.9,8.1,45.3,0.2,0.5,0,6.9,5.8,1.8,0,0,0,0,1
2021-UEFA Euros-Croatia,Croatia,49.5,1.4,9.53,3.72,39,0,1.63,0,10.5,14.7,1.16,0,0,0,0,1
2016-UEFA Euros-Croatia,Croatia,48.8,1.16,15.3,3.72,24.2,0,1.86,0,15.3,13.7,1.16,0,0,0,0,1
2018-World Cup-Croatia,Croatia,56.6,1.63,14,3.38,24.1,0.25,0.5,0,14,7.63,1.5,0,0,0,0,1
2022-UEFA WCQ-Croatia,Croatia,66.3,2,18,6.5,36.1,0.2,1.6,0,9.7,8.2,1.7,0,0,0,0,1
2021-UEFA Euro Qualifiers-Croatia,Croatia,64.4,1.63,13.8,5.25,38.2,0.25,2,0,7.88,6.38,2,0,0,0,0,1
2021-UEFA Euros-Czech Republic,Czech Republic,48,1.2,11,3.6,32.7,0.2,1.4,0,9,15.6,0.6,0,0,0,0,1
2016-UEFA Euros-Czech Republic,Czech Republic,42.3,0.67,9,4.33,48.1,0.33,1.67,0,12,20,1.67,0,0,0,0,1
2022-UEFA WCQ-Czech Republic,Czech Republic,55.4,1.4,15.2,4.84,31.9,0,1.51,0.11,12.2,12.9,2.47,0,0,0,0,1
2021-UEFA Euro Qualifiers-Czech Republic,Czech Republic,52.5,1.5,15.5,5.38,34.7,0.25,1.75,0,9,8.38,2.38,0,0,0,0,1
2021-UEFA Euros-Denmark,Denmark,53.3,1.9,14.4,5.87,40.7,0.16,0.79,0,12.9,13.2,1.9,0,0,0,0,1
2018-World Cup-Denmark,Denmark,43.8,0.7,9.3,2.79,30,0,1.16,0,7.67,10.2,0.23,0,0,0,0,1
2022-UEFA WCQ-Denmark,Denmark,62.1,3,14.7,6.7,45.6,0.2,1,0,12.6,9.3,1.8,0,0,0,0,1
2021-UEFA Euro Qualifiers-Denmark,Denmark,61.3,2.5,15.6,5.25,33.6,0.38,0.75,0,9.25,6,2.25,0,0,0,0,1
2021-UEFA Euros-England,England,50.9,1.3,8.31,3.38,40.6,0.13,0.78,0,14,14.8,1.82,0,0,0,0,1
2016-UEFA Euros-England,England,62,1,20.5,4.75,23.2,0.25,0.5,0,11.3,10,1.25,0,0,0,0,1
2018-World Cup-England,England,54.4,1.56,12.1,2.86,23.7,0.39,0.26,0,14.3,5.71,2.08,0,0,0,0,1
2022-UEFA WCQ-England,England,73.3,3.8,16.1,7.1,44.1,0.5,1.3,0,12.4,6.6,3,0,0,0,0,1
2021-UEFA Euro Qualifiers-England,England,64.3,3.13,11.3,6.38,56.7,0.5,0.75,0,6.25,8.63,1.5,0,0,0,0,1
2021-UEFA Euros-Finland,Finland,37.7,0.33,6.33,1,15.8,0,1.33,0,11,14.7,1,0,0,0,0,1
2022-UEFA WCQ-Finland,Finland,46.6,1.25,10.3,4,39,0.25,1.38,0.13,9.5,10.9,1.5,0,0,0,0,1
2021-UEFA Euro Qualifiers-Finland,Finland,52.6,1.4,9.8,4.1,41.8,0.3,1.1,0,9,8.9,2.1,0,0,0,0,1
2021-UEFA Euros-France,France,52.8,1.4,13.3,3.95,29.8,0.23,1.86,0,14.4,12.6,1.4,0,0,0,0,1
2016-UEFA Euros-France,France,54.4,1.78,17,5.89,34.7,0.14,0.55,0,9.73,11.8,2.6,0,0,0,0,1
2018-World Cup-France,France,48.6,1.71,11.3,3.71,32.9,0.43,0.43,0,15.7,11.4,2.43,0,0,0,0,1
2022-UEFA WCQ-France,France,60.1,2.13,14.9,5.75,38.7,0.25,1,0.13,7.75,9,1.5,0,0,0,0,1
2021-UEFA Euro Qualifiers-France,France,71.6,1.7,14,5.2,37.1,0.4,1.1,0,8,4.5,1.9,0,0,0,0,1
2021-UEFA Euros-Germany,Germany,62.3,1,12.5,4.25,34,0,1.75,0,9,12,1.5,0,0,0,0,1
2016-UEFA Euros-Germany,Germany,66.8,1.11,17.9,5.56,31,0.16,0.48,0,9.84,13.8,2.06,0,0,0,0,1
2018-World Cup-Germany,Germany,72,0.67,24.3,6.67,27.4,0,1,0.33,14.7,5.67,2.67,0,0,0,0,1
2022-UEFA WCQ-Germany,Germany,75.8,3.4,22.4,9.1,40.6,0.3,1.2,0,9,9.9,1.5,0,0,0,0,1
2021-UEFA Euro Qualifiers-Germany,Germany,67.5,3.38,18.5,7.63,41.2,0.25,0.38,0.13,6.5,8.25,1.38,0,0,0,0,1
2021-UEFA Euros-Hungary,Hungary,29.7,1,6.33,3,47.4,0,2,0,13.3,15.7,1.33,0,0,0,0,1
2016-UEFA Euros-Hungary,Hungary,52.5,1.25,12.8,5.5,43.1,0,2,0,11.5,14,2.25,0,0,0,0,1
2022-UEFA WCQ-Hungary,Hungary,58.2,1.9,11.8,4.5,38.1,0.5,2.3,0.1,13.4,8.7,2.9,0,0,0,0,1
2021-UEFA Euro Qualifiers-Hungary,Hungary,49.8,1.1,10.3,3.7,35.9,0,2.3,0.2,11.1,8,2.4,0,0,0,0,1
2021-UEFA Euros-Italy,Italy,54.6,1.5,15.8,4.75,30.2,0,1.5,0,14.6,12.5,1.5,0,0,0,0,1
2016-UEFA Euros-Italy,Italy,44.8,1.13,9.06,3.77,41.7,0.19,1.89,0,13.4,16.6,1.7,0,0,0,0,1
2022-UEFA WCQ-Italy,Italy,67.1,1.33,19.6,6.33,32.4,0.44,1.33,0,11.8,10.3,2.33,0,0,0,0,1
2021-UEFA Euro Qualifiers-Italy,Italy,68.2,2.9,15.7,6.8,43.3,0.3,0.9,0,9.2,5.9,2.2,0,0,0,0,1
2021-UEFA Euros-N. Macedonia,N. Macedonia,42,0.67,10.7,2.33,21.9,0.33,2.67,0,12.3,16.7,0.67,0,0,0,0,1
2022-UEFA WCQ-N. Macedonia,N. Macedonia,51.4,2,12.6,5,39.7,0.33,2.25,0,13.1,11.1,2.33,0,0,0,0,1
2021-UEFA Euro Qualifiers-N. Macedonia,N. Macedonia,44.2,0.75,8.83,3.42,38.7,0,2.67,0.08,13.3,11.1,1.92,0,0,0,0,1
2021-UEFA Euros-Netherlands,Netherlands,55,2,12.8,4,31.4,0.25,0.75,0.25,11.8,11.8,2,0,0,0,0,1
2022-UEFA WCQ-Netherlands,Netherlands,72.6,3.3,23.4,9,38.5,0.6,1.3,0,11.2,7.1,2.6,0,0,0,0,1
2021-UEFA Euro Qualifiers-Netherlands,Netherlands,65.9,2.13,14.5,6.25,43.1,0,0.88,0,7.13,5,2,0,0,0,0,1
2021-UEFA Euros-Poland,Poland,49.3,1.33,13.7,4,29.3,0,2.67,0.33,14,13,1.33,0,0,0,0,1
2016-UEFA Euros-Poland,Poland,46.4,0.7,11.9,2.98,25,0,0.53,0,13,14.9,1.75,0,0,0,0,1
2018-World Cup-Poland,Poland,50.3,0.67,10.7,2.33,21.9,0,1,0,12.7,11.7,1,0,0,0,0,1
2022-UEFA WCQ-Poland,Poland,61.1,2.82,14.5,5.91,40.6,0.09,2.18,0,14.5,9.73,2.82,0,0,0,0,1
2021-UEFA Euro Qualifiers-Poland,Poland,55,1.5,10.9,3.8,34.9,0.1,1.5,0,9.5,10.4,2.5,0,0,0,0,1
2021-UEFA Euros-Portugal,Portugal,54.3,1.75,12,3.75,31.3,0.75,1,0,16.3,11,2.5,0,0,0,0,1
2016-UEFA Euros-Portugal,Portugal,53,1.13,15.4,4.63,30.1,0.13,0.75,0,11.9,12.6,2.5,0,0,0,0,1
2018-World Cup-Portugal,Portugal,53.8,1.5,14,2.75,19.6,0.5,0.25,0,15.5,7.25,1,0,0,0,0,1
2022-UEFA WCQ-Portugal,Portugal,59.2,2.1,18,7.2,40,0.3,2.1,0.1,12.1,10.9,2.6,0,0,0,0,1
2021-UEFA Euro Qualifiers-Portugal,Portugal,63,2.63,16.6,6.88,41.4,0.38,0.63,0,7.88,6.63,2.13,0,0,0,0,1
2021-UEFA Euros-Russia,Russia,42.7,0.67,8,1.67,20.8,0.33,1.67,0,14,11.7,1,0,0,0,0,1
2016-UEFA Euros-Russia,Russia,54,0.67,11,2,18.2,0,0.67,0,9,17.7,1,0,0,0,0,1
2018-World Cup-Russia,Russia,37.6,1.75,8.6,3.16,36.7,0.18,0.7,0.18,10.9,8.6,1.4,0,0,0,0,1
2022-UEFA WCQ-Russia,Russia,47.8,1.8,10.7,4.4,41.1,0.1,1.6,0,9,12,1.8,0,0,0,0,1
2021-UEFA Euro Qualifiers-Russia,Russia,62.9,2.5,18.8,7,37.2,0.2,0.8,0,6.7,8.7,1.6,0,0,0,0,1
2021-UEFA Euros-Scotland,Scotland,44,0.33,13.7,2.67,19.5,0,1,0,10.3,19.7,0.33,0,0,0,0,1
2022-UEFA WCQ-Scotland,Scotland,49,1.64,12.9,5.09,39.4,0.18,1.64,0,13.1,9.82,1.91,0,0,0,0,1
2021-UEFA Euro Qualifiers-Scotland,Scotland,50.9,1.18,10.7,3.86,36,0,1.34,0,8.82,8.35,1.73,0,0,0,0,1
2021-UEFA Euros-Slovakia,Slovakia,45,0.33,8,0.67,8.3,0,2,0,13,13,1.67,0,0,0,0,1
2016-UEFA Euros-Slovakia,Slovakia,43.5,0.75,8.25,2.5,30.3,0,1.75,0,12.5,16.5,0.75,0,0,0,0,1
2022-UEFA WCQ-Slovakia,Slovakia,56.7,1.7,16,5.3,33.1,0.1,1.6,0,13.1,11.4,2.2,0,0,0,0,1
2021-UEFA Euro Qualifiers-Slovakia,Slovakia,55.3,1.21,10.5,4.21,40.2,0,1.87,0.19,10.8,7.57,2.43,0,0,0,0,1
2021-UEFA Euros-Spain,Spain,72.7,1.43,16.4,6.14,37.4,0.29,0.86,0,16.7,9.57,1.86,0,0,0,0,1
2016-UEFA Euros-Spain,Spain,65,1.25,16.5,4.75,28.8,0.25,0.25,0,13,10.5,2.5,0,0,0,0,1
2018-World Cup-Spain,Spain,74,1.4,16.7,4.65,27.8,0,0.23,0,14.7,6.98,2.56,0,0,0,0,1
2022-UEFA WCQ-Spain,Spain,76,1.88,13.9,4.88,35.1,0.13,1,0,10.6,8.5,1.75,0,0,0,0,1
2021-UEFA Euro Qualifiers-Spain,Spain,74.6,2.7,20,7.5,37.5,0.3,1.6,0.1,8.7,6,1.1,0,0,0,0,1
2021-UEFA Euros-Sweden,Sweden,34,1.16,9.3,2.33,25,0.23,1.16,0.23,8.84,14.9,1.63,0,0,0,0,1
2016-UEFA Euros-Sweden,Sweden,53,0,7.67,1.33,17.4,0,1.33,0,13,9.67,2,0,0,0,0,1
2018-World Cup-Sweden,Sweden,37.6,1,11.2,3.8,33.9,0.4,1,0,13.8,8.6,2,0,0,0,0,1
2022-UEFA WCQ-Sweden,Sweden,48.3,1.26,12.5,4.95,39.5,0.29,2.43,0,11,8.45,3.01,0,0,0,0,1
2021-UEFA Euro Qualifiers-Sweden,Sweden,51.2,1.7,11,5.2,47.3,0.2,1,0,8.9,6.9,2.1,0,0,0,0,1
2021-UEFA Euros-Switzerland,Switzerland,47.8,1.4,11.8,3.68,31.3,0.18,1.93,0.18,12.1,15.8,1.4,0,0,0,0,1
2016-UEFA Euros-Switzerland,Switzerland,59.5,0.7,15.8,4.88,30.9,0,0.93,0,13.3,11.9,3.02,0,0,0,0,1
2018-World Cup-Switzerland,Switzerland,58.8,1.25,13.8,3.25,23.6,0,1.75,0,14.5,9.25,2.25,0,0,0,0,1
2022-UEFA WCQ-Switzerland,Switzerland,63.6,1.88,15.6,6.13,39.2,0.13,1.63,0,8.13,9.75,1.75,0,0,0,0,1
2021-UEFA Euro Qualifiers-Switzerland,Switzerland,63.4,1.88,21.3,6.88,32.4,0.13,1.38,0,10.4,7.25,2.38,0,0,0,0,1
2021-UEFA Euros-Turkey,Turkey,50,0.33,13.7,3.67,26.8,0,2.33,0,10.3,19,1,0,0,0,0,1
2016-UEFA Euros-Turkey,Turkey,45.3,0.67,8.67,1.33,15.4,0,2.33,0,15,13.7,1.67,0,0,0,0,1
2022-UEFA WCQ-Turkey,Turkey,56.5,2.55,16.2,6.45,39.9,0.45,2.64,0.09,11,9.27,2.36,0,0,0,0,1
2021-UEFA Euro Qualifiers-Turkey,Turkey,60.7,1.2,11.2,3.9,34.8,0.1,1.9,0,11.7,6.5,2.7,0,0,0,0,1
2021-UEFA Euros-Ukraine,Ukraine,49,1.13,9.43,3.77,40,0.19,0.75,0,8.68,15.5,0.75,0,0,0,0,1
2016-UEFA Euros-Ukraine,Ukraine,55.7,0,13.7,3.67,26.8,0,1.67,0,11.7,15.3,1.33,0,0,0,0,1
2022-UEFA WCQ-Ukraine,Ukraine,53.7,1.4,13.8,4.6,33.3,0,1.6,0.1,9.8,8.4,2.1,0,0,0,0,1
2021-UEFA Euro Qualifiers-Ukraine,Ukraine,55.4,1.88,11.1,4.63,41.6,0,1.5,0.13,9.5,5.88,2,0,0,0,0,1
2021-UEFA Euros-Wales,Wales,37.8,0.75,9.5,2.75,28.9,0.25,2.25,0.5,13.3,11.3,1.25,0,0,0,0,1
2016-UEFA Euros-Wales,Wales,46.8,1.5,11.5,5.5,47.8,0,0.5,0,11.7,15.7,2,0,0,0,0,1
2022-UEFA WCQ-Wales,Wales,48.1,1.6,11.9,4.4,37,0.3,1.9,0.1,12.6,10.9,2.1,0,0,0,0,1
2021-UEFA Euro Qualifiers-Wales,Wales,43.6,1.13,13,5,38.5,0,2.63,0,14.1,9.63,3.88,0,0,0,0,1
2016-UEFA Euros-Albania,Albania,40.3,0.33,10.3,3,29,0,3,0.33,14.7,12,2,0,0,0,0,1
2022-UEFA WCQ-Albania,Albania,53.8,1.2,13.1,3.9,29.8,0.1,2.9,0,13.5,10.1,1.9,0,0,0,0,1
2021-UEFA Euro Qualifiers-Albania,Albania,56.3,1.3,9.3,2.8,30.1,0.1,2,0,13.2,8,2.3,0,0,0,0,1
2016-UEFA Euros-Iceland,Iceland,31.8,1.6,8.4,3.8,45.2,0.2,2,0,9.8,13.8,1.2,0,0,0,0,1
2018-World Cup-Iceland,Iceland,33,0.67,11.3,3.33,29.4,0.67,1,0,10,14.7,1,0,0,0,0,1
2022-UEFA WCQ-Iceland,Iceland,48.1,1.2,11.8,3.5,29.7,0.3,2,0.1,9.7,8.9,2,0,0,0,0,1
2021-UEFA Euro Qualifiers-Iceland,Iceland,44.3,1.17,11.2,4.08,36.6,0.17,1.33,0,10.4,10.6,2.58,0,0,0,0,1
2016-UEFA Euros-Northern Ireland,Northern Ireland,32.8,0.5,5.25,2.75,52.4,0,0.5,0,9.5,13.8,1.5,0,0,0,0,1
2022-UEFA WCQ-Northern Ireland,Northern Ireland,44.6,0.63,8.88,3.25,36.6,0.25,2.25,0.13,12.4,8.38,1.75,0,0,0,0,1
2021-UEFA Euro Qualifiers-Northern Ireland,Northern Ireland,40.6,0.56,7.2,1.87,26,0.09,1.31,0,9.16,8.13,1.21,0,0,0,0,1
2016-UEFA Euros-Rep. of Ireland,Rep. of Ireland,41.8,0.75,9.25,2.5,27,0.25,1.25,0,12.3,12,2,0,0,0,0,1
2022-UEFA WCQ-Rep. of Ireland,Rep. of Ireland,47.3,1.25,12.3,3.88,31.6,0,2.38,0,11.9,10.9,2,0,0,0,0,1
2021-UEFA Euro Qualifiers-Rep. of Ireland,Rep. of Ireland,50.2,0.54,10.6,3.01,28.3,0,1.83,0.11,8.39,8.82,1.51,0,0,0,0,1
2016-UEFA Euros-Romania,Romania,44.3,0.67,13.3,2.67,20,0.67,3.33,0,10.3,15.3,2,0,0,0,0,1
2022-UEFA WCQ-Romania,Romania,52.3,1.3,17.9,6.5,36.3,0.1,1.9,0.1,10.2,11.7,2.4,0,0,0,0,1
2021-UEFA Euro Qualifiers-Romania,Romania,49.8,1.18,12.4,4.18,33.8,0.18,1.36,0.09,8.55,10.5,1.64,0,0,0,0,1
2018-World Cup-Argentina,Argentina,65.3,1.5,14.3,4,28.1,0.25,1.5,0,20.3,8.5,2.25,0,0,0,1,0
2021-Copa America-Argentina,Argentina,49,1.64,12.7,5.21,40.9,0.14,2.47,0,20.1,12.7,2.88,0,0,0,1,0
2019-Copa America-Argentina,Argentina,48.7,1.17,14.2,5.17,36.5,0.17,0.33,0,15.5,10.3,3.17,0,0,0,1,0
2016-Copa America-Argentina,Argentina,62.8,2.86,13.2,5.56,42.2,0,0.16,0,15.6,11.3,3.65,0,0,0,1,0
2022-CONMEBOL WCQ-Argentina,Argentina,59.4,1.5,12.8,4.94,38.7,0.11,1.67,0,15.6,10.5,2.61,0,0,0,1,0
2018-World Cup-Brazil,Brazil,58.6,1.6,20.6,7.8,37.9,0,0.6,0,17,10.8,2.6,0,0,0,1,0
2021-Copa America-Brazil,Brazil,57.7,1.71,12.9,5.14,40,0.14,1.71,0.14,17.7,14.3,2.86,0,0,0,1,0
2019-Copa America-Brazil,Brazil,64.3,2.06,15.9,5.08,32,0.48,0.63,0.16,16.5,7.3,2.54,0,0,0,1,0
2016-Copa America-Brazil,Brazil,67,2.33,14.3,6.67,46.5,0,2,0,13,8.67,1.67,0,0,0,1,0
2022-CONMEBOL WCQ-Brazil,Brazil,59.9,2.17,13.3,5.89,44.4,0.33,1.94,0.06,14.2,9.39,3,0,0,0,1,0
2018-World Cup-Colombia,Colombia,50.5,1.4,9.53,2.79,29.3,0,0.7,0.23,13,7.91,1.4,0,0,0,1,0
2021-Copa America-Colombia,Colombia,49,0.96,10.4,3.97,38.2,0.14,2.6,0.14,13.8,13.7,2.47,0,0,0,1,0
2019-Copa America-Colombia,Colombia,51,0.93,10.7,3.26,30.4,0,1.63,0,13.3,7.44,2.33,0,0,0,1,0
2016-Copa America-Colombia,Colombia,49,1.11,12.5,4.13,32.9,0.16,0.48,0.32,15.2,14.6,2.7,0,0,0,1,0
2022-CONMEBOL WCQ-Colombia,Colombia,53.2,1.11,12.3,3.89,31.7,0.28,2.33,0.11,14.1,9.06,3,0,0,0,1,0
2018-World Cup-Costa Rica,Costa Rica,39.3,0.33,9,3,33.3,0.33,2,0,11.3,10,2.33,0,0,1,0,0
2016-Copa America-Costa Rica,Costa Rica,52.3,0.67,7,3,42.9,0,2,0.33,10.3,15.7,2,0,0,1,0,0
2021-Gold Cup-Costa Rica,Costa Rica,52.8,1.5,7.5,2.25,30,0,2,0.5,14.8,10.8,2,0,0,1,0,0
2019-Gold Cup-Costa Rica,Costa Rica,59.3,1.63,14.7,5.58,38.1,0.23,1.16,0,13.5,14.2,1.86,0,0,1,0,0
2017-Gold Cup-Costa Rica,Costa Rica,50,1,12.4,5,40.3,0,0.2,0,12.2,13.8,1.2,0,0,1,0,0
2018-World Cup-Egypt,Egypt,43.3,0.67,10,1.67,16.7,0.33,1.67,0,8,13.7,0.33,0,1,0,0,0
2021-Africa Cup of Nations-Egypt,Egypt,52.9,0.48,9.88,2.89,29.3,0,1.33,0,13.5,9.28,1.81,0,1,0,0,0
2019-Africa Cup of Nations-Egypt,Egypt,56.3,1.25,11.8,4.75,40.4,0,0.25,0,14,8.5,2,0,1,0,0,0
2017-Africa Cup of Nations-Egypt,Egypt,47.5,0.79,6.98,2.38,34.1,0,0.32,0,17.3,12.5,1.27,0,1,0,0,0
2018-World Cup-Mexico,Mexico,52.5,0.75,15.3,3,19.7,0.25,1.25,0,14.8,11.5,2.5,0,0,1,0,0
2016-Copa America-Mexico,Mexico,58.5,1.25,17.5,5.25,30,0,1,0.25,14.5,10.5,2.5,0,0,1,0,0
2021-Gold Cup-Mexico,Mexico,66.2,1.43,18.1,6.19,34.2,0.32,1.75,0,15.2,11,2.22,0,0,1,0,0
2019-Gold Cup-Mexico,Mexico,65.3,2.39,21.2,6.87,32.4,0.15,0.15,0,14.3,9.1,1.49,0,0,1,0,0
2017-Gold Cup-Mexico,Mexico,65.4,1.2,13.4,5.6,41.8,0,0.6,0,14.2,13.2,2.4,0,0,1,0,0
2018-World Cup-Morocco,Morocco,49,0.67,13,3.33,25.6,0,2.67,0,13,10.3,1.33,0,1,0,0,0
2021-Africa Cup of Nations-Morocco,Morocco,60.6,1.51,15.1,5.47,36.3,0.57,1.13,0,18.3,9.62,2.45,0,1,0,0,0
2019-Africa Cup of Nations-Morocco,Morocco,61.3,0.7,14.9,4.19,28.1,0.23,0.23,0,18.1,11.4,2.09,0,1,0,0,0
2017-Africa Cup of Nations-Morocco,Morocco,49,1,13.5,3,22.2,0,0,0,19,9.5,2,0,1,0,0,0
2018-World Cup-Nigeria,Nigeria,47.3,1,12.7,2.67,21.1,0.33,1.33,0,16.3,13.7,1.67,0,1,0,0,0
2021-Africa Cup of Nations-Nigeria,Nigeria,51.8,1.5,15.3,4.5,29.5,0,0.75,0.25,13,9,0.5,0,1,0,0,0
2019-Africa Cup of Nations-Nigeria,Nigeria,49.3,1.29,12.1,3.43,28.2,0.14,0.29,0,16,11.4,2.14,0,1,0,0,0
2018-World Cup-Panama,Panama,36,0.33,8,2.67,33.3,0,3.67,0,16.3,12.3,2.33,0,0,1,0,0
2016-Copa America-Panama,Panama,34.3,1.33,11.3,4,35.3,0,4.33,0.33,16.7,12,2,0,0,1,0,0
2021-Gold Cup-Panama,Panama,59,2.67,14.7,6.33,43.2,0.67,1,0,9.33,10,1.67,0,0,1,0,0
2019-Gold Cup-Panama,Panama,50.5,1.25,12.5,4.5,36,0.25,0.5,0,15.3,8.25,1.5,0,0,1,0,0
2017-Gold Cup-Panama,Panama,51.5,1.5,11.3,4.25,37.8,0,0.75,0,10.5,12.3,1.75,0,0,1,0,0
2018-World Cup-Peru,Peru,50.3,0.67,10.7,3.67,34.4,0.33,1.67,0,13.3,8.33,2.67,0,0,0,1,0
2021-Copa America-Peru,Peru,48.6,1.1,8.63,3.01,34.9,0,1.92,0.14,14.7,14.5,1.64,0,0,0,1,0
2019-Copa America-Peru,Peru,45.2,1.11,10,3.81,38.1,0.16,0.48,0,14,12.1,2.54,0,0,0,1,0
2016-Copa America-Peru,Peru,44.3,0.93,6.28,2.56,40.7,0,1.16,0,13.7,21.2,2.09,0,0,0,1,0
2022-CONMEBOL WCQ-Peru,Peru,45.3,1.06,9.89,3.72,37.6,0.06,2.28,0.17,14.4,11,2.22,0,0,0,1,0
2018-World Cup-Senegal,Senegal,42,1,9.67,3.67,37.9,0,2,0,10.3,14.3,1.33,0,1,0,0,0
2021-Africa Cup of Nations-Senegal,Senegal,57.9,1.23,12.9,4.38,34,0.27,1.64,0,17.3,5.75,1.64,0,1,0,0,0
2019-Africa Cup of Nations-Senegal,Senegal,59.3,0.96,13,4.52,34.7,0.55,0.55,0,24.5,8.22,2.88,0,1,0,0,0
2017-Africa Cup of Nations-Senegal,Senegal,51.3,1.4,14.4,4.65,32.3,0.23,1.16,0,21.9,15.1,1.86,0,1,0,0,0
2015-Africa Cup of Nations-Senegal,Senegal,58.3,1,14.3,3.67,25.6,0,1.67,0,22.3,11.7,1.67,0,1,0,0,0
2018-World Cup-Serbia,Serbia,42.7,0.67,11.7,2,17.1,0,3,0,12.7,8.33,1,0,0,0,0,1
2022-UEFA WCQ-Serbia,Serbia,55.1,2.13,15.9,6.5,40.9,0.25,1.75,0.13,12.4,12,2.13,0,0,0,0,1
2021-UEFA Euro Qualifiers-Serbia,Serbia,52.9,1.78,12.4,5.7,45.9,0.09,1.5,0,9.16,8.04,1.5,0,0,0,0,1
2018-World Cup-Tunisia,Tunisia,52.7,1.67,12.3,3.67,29.7,0.33,1.33,0,13,11.7,1.33,0,1,0,0,0
2021-Africa Cup of Nations-Tunisia,Tunisia,57.4,1,11.4,4,35.1,0.6,2,0.2,13,8,2,0,1,0,0,0
2019-Africa Cup of Nations-Tunisia,Tunisia,53.9,0.78,9.61,2.47,25.7,0.26,0.26,0,13.8,7.01,1.69,0,1,0,0,0
2017-Africa Cup of Nations-Tunisia,Tunisia,52.8,1.25,13.8,5,36.4,0.5,1,0,18.8,10.5,2.75,0,1,0,0,0
2015-Africa Cup of Nations-Tunisia,Tunisia,50.5,1.16,10.9,4.19,38.3,0,0.47,0,12.3,14.2,0.7,0,1,0,0,0
2018-World Cup-Uruguay,Uruguay,46.6,1.2,12.6,4,31.7,0,0.2,0,15.2,12.4,1.6,0,0,0,1,0
2021-Copa America-Uruguay,Uruguay,52,0.4,12.8,4.2,32.8,0.2,0.8,0,13.6,14,1.8,0,0,0,1,0
2019-Copa America-Uruguay,Uruguay,53,1.4,15.1,5.35,35.4,0.23,0.47,0,15.3,8.6,0.93,0,0,0,1,0
2016-Copa America-Uruguay,Uruguay,49.7,1,13,3.67,28.2,0,1.33,0.33,15.3,10.7,2.67,0,0,0,1,0
2022-CONMEBOL WCQ-Uruguay,Uruguay,46.6,1.22,11.9,3.94,33,0.33,1.61,0.06,12.4,13.8,2.06,0,0,0,1,0
2021-Copa America-Bolivia,Bolivia,35.3,0.5,5.75,2.25,39.1,0.25,2.75,0.25,9.75,17.5,1,0,0,0,1,0
2019-Copa America-Bolivia,Bolivia,40.7,0.67,7.33,2.33,31.8,0.33,2,0,11.7,10.7,1,0,0,0,1,0
2016-Copa America-Bolivia,Bolivia,28,0.67,6,1.67,27.8,0,3,0,15.3,16.3,2.67,0,0,0,1,0
2022-CONMEBOL WCQ-Bolivia,Bolivia,42.6,1.28,11.5,3.89,33.8,0.17,2.44,0.22,10.1,10.4,1.33,0,0,0,1,0
2021-Copa America-Chile,Chile,57.2,0.6,9,4.4,48.9,0.2,2.2,0,13.2,14.4,1.4,0,0,0,1,0
2019-Copa America-Chile,Chile,57.5,1.11,11.1,3.97,35.7,0.32,0.79,0,16.8,10.6,2.54,0,0,0,1,0
2016-Copa America-Chile,Chile,63,2.54,13.3,6.51,48.8,0.16,0.95,0.16,12.1,10.5,2.86,0,0,0,1,0
2022-CONMEBOL WCQ-Chile,Chile,53.9,1,11.8,3.44,29.2,0.06,2.89,0.11,14.6,10.4,2.39,0,0,0,1,0
2021-Copa America-Ecuador,Ecuador,55.4,0.8,12,4,33.3,0,1.8,0.2,13.4,12.2,1.2,0,0,0,1,0
2019-Copa America-Ecuador,Ecuador,47.3,0.67,8.33,2,24,0.33,2.67,0.67,16,11,2.33,0,0,0,1,0
2016-Copa America-Ecuador,Ecuador,48,1.75,15.8,5,31.7,0,1.25,0.5,12,9.75,2.25,0,0,0,1,0
2022-CONMEBOL WCQ-Ecuador,Ecuador,51.6,1.5,11.3,3.94,34.8,0.22,2.22,0.17,12.3,10.9,2.56,0,0,0,1,0
2021-Copa America-Paraguay,Paraguay,52.6,1.51,13.4,4.34,32.4,0.19,1.89,0.19,11.7,13,2.26,0,0,0,1,0
2019-Copa America-Paraguay,Paraguay,42.8,0.7,8.84,2.79,31.6,0.47,1.4,0,14.9,11.9,2.79,0,0,0,1,0
2016-Copa America-Paraguay,Paraguay,57.3,0.33,11.7,3.33,28.6,0,2.67,0.33,18.7,16.7,3,0,0,0,1,0
2022-CONMEBOL WCQ-Paraguay,Paraguay,46.4,0.61,9.22,2.67,28.9,0.17,2.94,0.22,10.6,10.8,2.28,0,0,0,1,0
2021-Copa America-Venezuela,Venezuela,36.8,0.5,6.5,1.75,26.9,0,2,0,12.8,17,1.75,0,0,0,1,0
2019-Copa America-Venezuela,Venezuela,46.3,0.75,9.5,3,31.6,0,1,0.25,12,7.75,1.75,0,0,0,1,0
2016-Copa America-Venezuela,Venezuela,43,1,11.8,5,42.6,0.5,2,0,14,15,1.25,0,0,0,1,0
2022-CONMEBOL WCQ-Venezuela,Venezuela,42.8,0.78,11.3,3.5,30.9,0.17,2.56,0.11,12.6,11.9,1.44,0,0,0,1,0
2016-Copa America-Haiti,Haiti,45.3,0.33,7,2.67,38.1,0,1.67,0,11.7,12,1.33,0,0,1,0,0
2021-Gold Cup-Haiti,Haiti,45.3,1,12.3,5,40.5,0,0.67,0.33,12.7,14,2,0,0,1,0,0
2019-Gold Cup-Haiti,Haiti,36.2,1.51,13.2,4.91,37.1,0.38,0.19,0,12.5,15.1,1.51,0,0,1,0,0
2016-Copa America-Jamaica,Jamaica,42,0,9.67,2.67,27.6,0,1.67,0.33,9.33,12,0.67,0,0,1,0,0
2021-Gold Cup-Jamaica,Jamaica,47.8,1,12.8,5.75,45.1,0,2,0,15.5,11.5,1,0,0,1,0,0
2019-Gold Cup-Jamaica,Jamaica,46,1.2,12.2,4.4,36.1,0.2,0.6,0,12.8,13.2,1.6,0,0,1,0,0
2017-Gold Cup-Jamaica,Jamaica,34.8,1.17,8.17,3.67,44.9,0.17,0.83,0,12.7,18.8,1.5,0,0,1,0,0
2016-Copa America-United States,United States,42,1.17,8.67,2.5,28.8,0.17,1.33,0.17,12.8,12.5,1.67,0,0,1,0,0
2021-Gold Cup-United States,United States,56,1.59,11.4,5.08,44.4,0,0.63,0,12.2,9.84,1.27,0,0,1,0,0
2019-Gold Cup-United States,United States,55,2.5,15.3,6,39.1,0,0.17,0,11.2,7.17,1.5,0,0,1,0,0
2017-Gold Cup-United States,United States,59.5,2.17,14.3,7.5,52.3,0.17,0.33,0,17.3,12.7,2,0,0,1,0,0
2021-Gold Cup-Canada,Canada,53,2.2,12.8,4,31.3,0.4,2.8,0,14.4,14.4,1.2,0,0,1,0,0
2019-Gold Cup-Canada,Canada,55,3.5,18,8.75,48.6,0.25,0.75,0,15,10.8,1.25,0,0,1,0,0
2017-Gold Cup-Canada,Canada,49.3,1.5,13,3.5,26.9,0,0.25,0,14.5,14.8,1.25,0,0,1,0,0
2021-Gold Cup-El Salvador,El Salvador,59.8,1.5,16.5,5.25,31.8,0,1.75,0,14,12.3,2,0,0,1,0,0
2019-Gold Cup-El Salvador,El Salvador,46.7,0.33,7.33,2.67,36.4,0,1.67,0,19.3,14,2.33,0,0,1,0,0
2017-Gold Cup-El Salvador,El Salvador,45.5,1,11.8,4.25,36.2,0,1,0,14,19.5,1.25,0,0,1,0,0
2021-Gold Cup-Grenada,Grenada,37,0.33,7,2.67,38.1,0,1.33,0,10,10,0,0,0,1,0,0
2021-Gold Cup-Guadeloupe,Guadeloupe,40.7,0.67,9,3,33.3,0,2.33,1,17.7,12,3,0,0,0,1,0
2021-Gold Cup-Guatemala,Guatemala,37.7,0.33,8,1.67,20.8,0,1.33,0,12,11,1,0,0,1,0,0
2021-Gold Cup-Honduras,Honduras,49.3,1.75,9.25,3.75,40.5,0,1.75,0,9,9.5,1,0,0,1,0,0
2019-Gold Cup-Honduras,Honduras,58.3,2,20.3,7.67,37.7,0,0.67,0,12,12.7,0.33,0,0,1,0,0
2017-Gold Cup-Honduras,Honduras,52.3,0,16.5,4.75,28.8,0,0.25,0,13.3,12.3,2.5,0,0,1,0,0
2021-Gold Cup-Martinique,Martinique,38,1,10.3,4,38.7,0.33,2,0.67,15,13.7,2,0,0,1,0,0
2019-Gold Cup-Martinique,Martinique,38.3,1.67,15,4.33,28.9,0.33,2.33,0,13.7,14,2.33,0,0,1,0,0
2017-Gold Cup-Martinique,Martinique,44.7,1.33,14.3,6,41.9,0,3.33,0,14,18.3,1.33,0,0,1,0,0
2021-Gold Cup-Suriname,Suriname,54.7,1,16,5.33,33.3,0,2.33,0,14,10.3,3,0,0,1,0,0
2021-Gold Cup-Trin & Tobago,Trin & Tobago,35.7,0.33,6.67,2,30,0,1.67,0,14.7,11.7,0.67,0,0,1,0,0
2019-Gold Cup-Trin & Tobago,Trin & Tobago,48.7,0.33,9.67,2.33,24.1,0,1,0,14,8,0.67,0,0,1,0,0
2019-Gold Cup-Bermuda,Bermuda,40.7,1.33,13,4.33,33.3,0.33,1.33,0,11.3,12.3,1.67,0,0,1,0,0
2019-Gold Cup-Cuba,Cuba,41,0,7,1.67,23.8,0,2.67,0.33,13.3,12.3,1.33,0,0,1,0,0
2019-Gold Cup-Curaçao,Curaçao,49.3,0.5,9,3.25,36.1,0,1,0,9,8.25,0.25,0,0,1,0,0
2017-Gold Cup-Curaçao,Curaçao,46.7,0,15.3,4.67,30.4,0.33,0.67,0,11,14,0.67,0,0,1,0,0
2019-Gold Cup-Guyana,Guyana,41.7,1,5.33,1.67,31.3,0.67,1.33,0,15.3,11.3,0.33,0,0,1,0,0
2019-Gold Cup-Nicaragua,Nicaragua,56.3,0,12,3,25,0,1.67,0,16.3,9,2,0,0,1,0,0
2017-Gold Cup-Nicaragua,Nicaragua,47.7,0.33,11.3,3.33,29.4,0,1.67,0.33,17,15.3,2,0,0,1,0,0
2017-Gold Cup-French Guiana,French Guiana,50.5,0.67,11.3,4,35.3,0,1.67,0.33,12.3,15.3,1.33,0,0,1,0,0
2021-Africa Cup of Nations-Algeria,Algeria,64,0.33,15.3,5,32.6,0.33,2.33,0,17,9.67,2.67,0,1,0,0,0
2019-Africa Cup of Nations-Algeria,Algeria,49.3,1.64,10.5,3.56,33.8,0.27,0.41,0,18.5,9.18,2.05,0,1,0,0,0
2017-Africa Cup of Nations-Algeria,Algeria,55,1.67,12.3,5.67,45.9,0,2.33,0,15,15.7,1,0,1,0,0,0
2015-Africa Cup of Nations-Algeria,Algeria,51,1.25,8.5,4,47.1,0,0.5,0,18.8,16.3,1.25,0,1,0,0,0
2021-Africa Cup of Nations-Burkina Faso,Burkina Faso,42.7,1.1,9.86,4.11,41.7,0.14,2.47,0.14,14.9,10.4,2.6,0,1,0,0,0
2017-Africa Cup of Nations-Burkina Faso,Burkina Faso,49.7,1.11,12.7,3.81,30,0,0.63,0,17,11.9,1.59,0,1,0,0,0
2015-Africa Cup of Nations-Burkina Faso,Burkina Faso,55.7,0.33,15.7,4,25.5,0,0.33,0,14,8,1.33,0,1,0,0,0
2021-Africa Cup of Nations-Cameroon,Cameroon,59.7,1.92,14.8,5.07,34.3,0.27,1.51,0,13.6,6.44,2.05,0,1,0,0,0
2019-Africa Cup of Nations-Cameroon,Cameroon,62.8,1,12,3,25,0,0.5,0,12.8,6.5,1.25,0,1,0,0,0
2017-Africa Cup of Nations-Cameroon,Cameroon,50.3,1.11,12.4,3.81,30.8,0,0.16,0,13.2,9.37,0.79,0,1,0,0,0
2015-Africa Cup of Nations-Cameroon,Cameroon,54.7,0.67,10,2.33,23.3,0,0,0,22.3,12,2,0,1,0,0,0
2021-Africa Cup of Nations-Cape Verde,Cape Verde,46.3,0.5,6,2,33.3,0,1,0.5,11.3,10.5,1.25,0,1,0,0,0
2015-Africa Cup of Nations-Cape Verde,Cape Verde,49.7,0.33,10.7,3.67,34.4,0.33,0.33,0,24.3,9.67,1,0,1,0,0,0
2021-Africa Cup of Nations-Comoros,Comoros,44,1,10.3,2.75,26.8,0,1.5,0.25,14.5,14,1.5,0,1,0,0,0
2021-Africa Cup of Nations-Côte d'Ivoire,Côte d'Ivoire,54,1.4,12.6,5.81,46.3,0.23,1.63,0,13.7,10.2,1.4,0,1,0,0,0
2019-Africa Cup of Nations-Côte d'Ivoire,Côte d'Ivoire,43.4,1.32,10.8,4.72,43.9,0,0.19,0,21.5,12.1,1.13,0,1,0,0,0
2017-Africa Cup of Nations-Côte d'Ivoire,Côte d'Ivoire,62.7,0.67,11.3,3.67,32.4,0,1,0,22.3,10.3,1,0,1,0,0,0
2015-Africa Cup of Nations-Côte d'Ivoire,Côte d'Ivoire,49,1.43,9.68,3.49,36.1,0,1.11,0.16,18.7,13.8,1.11,0,1,0,0,0
2021-Africa Cup of Nations-Equ. Guinea,Equ. Guinea,45.4,0.57,10,2.83,28.3,0,2.45,0,15.7,9.06,2.64,0,1,0,0,0
2015-Africa Cup of Nations-Equ. Guinea,Equ. Guinea,44.3,0.75,8.36,2.99,35.7,0.3,0.9,0,17,14.9,2.09,0,1,0,0,0
2021-Africa Cup of Nations-Ethiopia,Ethiopia,49.7,0.67,10,4,40,0.33,1.33,0.33,11,10.7,1,0,1,0,0,0
2021-Africa Cup of Nations-Gabon,Gabon,44,0.7,10.9,2.56,23.4,0,3.49,0.23,15.8,9.07,2.79,0,1,0,0,0
2017-Africa Cup of Nations-Gabon,Gabon,54.3,0.67,8.67,3,34.6,0.33,0.33,0,15.3,11.7,1,0,1,0,0,0
2015-Africa Cup of Nations-Gabon,Gabon,59.7,0.67,11.3,4.67,41.2,0,2,0,16.3,12.7,1,0,1,0,0,0
2021-Africa Cup of Nations-Gambia,Gambia,38.2,0.8,7.6,2.2,28.9,0.2,2.6,0.2,15.4,6.6,2,0,1,0,0,0
2021-Africa Cup of Nations-Ghana,Ghana,51,1,10.7,3.67,34.4,0,2.33,0.67,23,11,1.67,0,1,0,0,0
2019-Africa Cup of Nations-Ghana,Ghana,49.5,0.93,10.7,2.56,23.9,0,0.93,0.23,16.5,8.14,1.4,0,1,0,0,0
2017-Africa Cup of Nations-Ghana,Ghana,50.5,0.67,11.3,3.17,27.9,0.33,0.33,0,17.8,11.2,1.17,0,1,0,0,0
2015-Africa Cup of Nations-Ghana,Ghana,49.8,1.59,12.7,3.49,27.5,0.32,0.63,0,21.7,11.9,2.86,0,1,0,0,0
2021-Africa Cup of Nations-Guinea,Guinea,57.8,0.5,13.3,2.75,20.8,0,2.5,0.25,13.8,8.25,2.25,0,1,0,0,0
2019-Africa Cup of Nations-Guinea,Guinea,58.5,1,12.8,2.75,21.6,0.25,0.75,0,13,8.5,2,0,1,0,0,0
2015-Africa Cup of Nations-Guinea,Guinea,51.8,0.75,7.5,2,26.7,0.25,1.25,0.25,16.8,14.3,1,0,1,0,0,0
2021-Africa Cup of Nations-Guinea-Bissau,Guinea-Bissau,48.3,0,8.67,3,34.6,0.33,1.33,0,18,6.67,1,0,1,0,0,0
2019-Africa Cup of Nations-Guinea-Bissau,Guinea-Bissau,41.3,0,7,1.33,19,0,1.33,0,12.3,6.67,1.67,0,1,0,0,0
2017-Africa Cup of Nations-Guinea-Bissau,Guinea-Bissau,45.7,0.67,12,3.33,27.8,0,1,0,19,9.33,1.33,0,1,0,0,0
2021-Africa Cup of Nations-Malawi,Malawi,29.5,0.75,8.25,2.5,30.3,0,2.25,0,11,10.8,1.25,0,1,0,0,0
2021-Africa Cup of Nations-Mali,Mali,59,0.93,14.2,2.79,19.7,0.7,1.63,0.23,16,9.07,2.33,0,1,0,0,0
2019-Africa Cup of Nations-Mali,Mali,53.5,1.5,11.5,4.25,37,0.25,1.5,0,15.5,10.8,2.5,0,1,0,0,0
2017-Africa Cup of Nations-Mali,Mali,53,0.33,13.3,2,15,0,0.33,0,19,13,1.67,0,1,0,0,0
2015-Africa Cup of Nations-Mali,Mali,41.7,1,9.33,3.33,35.7,0.33,2,0,18.7,16,0.67,0,1,0,0,0
2021-Africa Cup of Nations-Mauritania,Mauritania,47,0,12.7,2,15.8,0,1.67,0,18.3,8.33,2.33,0,1,0,0,0
2019-Africa Cup of Nations-Mauritania,Mauritania,42.7,0.33,3,0.33,11.1,0.33,2.33,0,8.67,5.67,2,0,1,0,0,0
2021-Africa Cup of Nations-Sierra Leone,Sierra Leone,40,0.67,7.67,2.67,34.8,0.33,3,0.33,13.7,11,1.33,0,1,0,0,0
2021-Africa Cup of Nations-Sudan,Sudan,40.3,0.33,7.67,2.33,30.4,0.33,1.33,0,10.3,10.3,1.33,0,1,0,0,0
2021-Africa Cup of Nations-Zimbabwe,Zimbabwe,46.3,1,11.3,3.67,32.4,0,2.67,0,11.7,6.67,2,0,1,0,0,0
2019-Africa Cup of Nations-Zimbabwe,Zimbabwe,52.3,0.33,13.3,3,22.5,0,0.67,0,17.3,10.3,1.33,0,1,0,0,0
2017-Africa Cup of Nations-Zimbabwe,Zimbabwe,44,1.33,11,4.67,42.4,0.33,1.33,0,16,11,1.67,0,1,0,0,0
2019-Africa Cup of Nations-Angola,Angola,51.7,0.33,6.33,1.67,26.3,0,2,0,15,7,1.33,0,1,0,0,0
2019-Africa Cup of Nations-Benin,Benin,41.6,0.57,8.68,1.7,19.6,0,1.13,0.19,14.9,5.28,2.08,0,1,0,0,0
2019-Africa Cup of Nations-Burundi,Burundi,41.3,0,12.3,4,32.4,0,1.33,0.33,14.3,12,0.67,0,1,0,0,0
2019-Africa Cup of Nations-Congo DR,Congo DR,49,1.4,13.3,5.35,40.4,0.23,1.63,0,17.4,11.4,1.4,0,1,0,0,0
2017-Africa Cup of Nations-Congo DR,Congo DR,44.3,1.75,10.8,3.5,32.6,0,0.75,0.25,17.8,16.3,1,0,1,0,0,0
2015-Africa Cup of Nations-Congo DR,Congo DR,53,1.11,13.8,5.56,40.2,0.16,0,0,17.5,13.7,1.43,0,1,0,0,0
2019-Africa Cup of Nations-Kenya,Kenya,44,1,10.3,3.67,35.5,0,2.67,0.33,15.3,6.33,1,0,1,0,0,0
2019-Africa Cup of Nations-Madagascar,Madagascar,44.4,1.32,8.68,3.4,39.1,0,0.19,0,19.6,10.9,0.57,0,1,0,0,0
2019-Africa Cup of Nations-Namibia,Namibia,43.7,0.33,6.67,1.67,25,0,1.67,0,14,9,0.33,0,1,0,0,0
2019-Africa Cup of Nations-South Africa,South Africa,51.4,0.6,8.4,3,35.7,0,0.6,0,17.6,11.8,1.6,0,1,0,0,0
2015-Africa Cup of Nations-South Africa,South Africa,44.7,1,11,2.67,24.2,0.33,1.33,0,9.67,16,0.67,0,1,0,0,0
2019-Africa Cup of Nations-Tanzania,Tanzania,42.3,0.67,7.67,2,26.1,0,2.33,0,21.7,6.67,2,0,1,0,0,0
2019-Africa Cup of Nations-Uganda,Uganda,46,0.75,11.3,4,35.6,0,1,0,19,8.75,1.25,0,1,0,0,0
2017-Africa Cup of Nations-Uganda,Uganda,47.7,0.33,6.67,1.67,25,0,1,0,10.3,15,0.33,0,1,0,0,0
2017-Africa Cup of Nations-Togo,Togo,45.7,0.67,8.67,2.67,30.8,0,0.33,0,24,12,0.67,0,1,0,0,0
2015-Africa Cup of Nations-Congo,Congo,47.3,1.5,11.3,4,35.6,0,0.5,0,18.5,8.25,1.25,0,1,0,0,0
2015-Africa Cup of Nations-Zambia,Zambia,43.3,0.67,12.3,4.67,37.8,0,2.33,0,10.7,13,0.33,0,1,0,0,0
2022-UEFA WCQ-Andorra,Andorra,26.6,0.8,5.4,2.5,46.3,0.1,3,0.1,11.3,12.3,2.3,0,0,0,0,1
2021-UEFA Euro Qualifiers-Andorra,Andorra,23.1,0.3,3.9,1,25.6,0,2,0,9,9.3,1.6,0,0,0,0,1
2022-UEFA WCQ-Armenia,Armenia,44.7,0.8,11.4,3.5,30.7,0.3,1.9,0,10.1,9.2,2.2,0,0,0,0,1
2021-UEFA Euro Qualifiers-Armenia,Armenia,39.7,1.2,12.2,4.4,36.1,0,2,0.1,8.1,7.6,1.9,0,0,0,0,1
2022-UEFA WCQ-Azerbaijan,Azerbaijan,41.9,0.63,7.88,2.13,27,0.13,2,0.13,11.3,13.6,1.38,0,0,0,0,1
2021-UEFA Euro Qualifiers-Azerbaijan,Azerbaijan,40.3,0.5,6.5,2,30.8,0,2.88,0,10,7.5,1.88,0,0,0,0,1
2022-UEFA WCQ-Belarus,Belarus,38,0.88,6.13,2,32.7,0.25,2.13,0,10.1,13.8,1.88,0,0,0,0,1
2021-UEFA Euro Qualifiers-Belarus,Belarus,40.4,0.33,8.33,2.33,28,0.11,1.33,0,8,12.3,1.22,0,0,0,0,1
2022-UEFA WCQ-Bosnia & Herz'na,Bosnia & Herz'na,52,1.13,15.3,4.63,30.3,0.25,1.75,0,8.5,10.6,1.63,0,0,0,0,1
2021-UEFA Euro Qualifiers-Bosnia & Herz'na,Bosnia & Herz'na,55.1,1.59,15.8,5.58,35.2,0.09,1.68,0.09,9.47,9.38,1.59,0,0,0,0,1
2022-UEFA WCQ-Bulgaria,Bulgaria,38.8,0.75,6.75,2.25,33.3,0.13,2,0.13,14.8,8.75,2.38,0,0,0,0,1
2021-UEFA Euro Qualifiers-Bulgaria,Bulgaria,42.6,0.56,5.89,2.11,35.8,0,1.11,0,9.89,9.89,2.11,0,0,0,0,1
2022-UEFA WCQ-Cyprus,Cyprus,35.7,0.4,8.2,2.4,29.3,0,1.7,0.1,12.1,13.3,1.8,0,0,0,0,1
2021-UEFA Euro Qualifiers-Cyprus,Cyprus,51.4,1,9.5,3.3,34.7,0,1.2,0.1,11,6.2,2,0,0,0,0,1
2022-UEFA WCQ-Estonia,Estonia,35,1.13,8.88,3.13,35.2,0,2.38,0.13,9.25,10.3,1.63,0,0,0,0,1
2021-UEFA Euro Qualifiers-Estonia,Estonia,38,0.25,6.38,1.5,23.5,0,1,0,7.88,11.8,0.63,0,0,0,0,1
2022-UEFA WCQ-Faroe Islands,Faroe Islands,37.6,0.7,7.7,2.9,37.7,0,1.6,0.1,8.8,13,1.5,0,0,0,0,1
2021-UEFA Euro Qualifiers-Faroe Islands,Faroe Islands,40.5,0.3,5.4,1.8,33.3,0.1,1.5,0,8.8,8.9,1.8,0,0,0,0,1
2022-UEFA WCQ-Georgia,Georgia,40.8,0.75,7.38,3,40.7,0,2.63,0.13,10.4,11.4,2.63,0,0,0,0,1
2021-UEFA Euro Qualifiers-Georgia,Georgia,49.2,0.8,11,3.5,31.8,0.2,2,0,8.9,10.3,1.3,0,0,0,0,1
2022-UEFA WCQ-Gibraltar,Gibraltar,26.6,0.4,2.5,1,40,0.2,2.2,0.1,8,7.9,1.3,0,0,0,0,1
2021-UEFA Euro Qualifiers-Gibraltar,Gibraltar,26.5,0.38,4.13,1.75,42.4,0,1.88,0,11.5,10.8,1,0,0,0,0,1
2022-UEFA WCQ-Greece,Greece,47,0.88,9.38,3.5,37.3,0.25,2.75,0.13,13.8,12.4,2.5,0,0,0,0,1
2021-UEFA Euro Qualifiers-Greece,Greece,57.6,1.1,18.1,5.8,32,0.1,2.5,0,11.8,10.7,1.5,0,0,0,0,1
2022-UEFA WCQ-Israel,Israel,51.8,2.3,10.8,4.6,42.6,0.1,1.7,0,12.1,13.2,2.2,0,0,0,0,1
2021-UEFA Euro Qualifiers-Israel,Israel,55.4,0.97,12.2,4.51,37,0,1.59,0,10.2,10.2,2.12,0,0,0,0,1
2022-UEFA WCQ-Kazakhstan,Kazakhstan,38.5,0.63,5.38,2,37.2,0,2.63,0,7.88,13.9,1.38,0,0,0,0,1
2021-UEFA Euro Qualifiers-Kazakhstan,Kazakhstan,46.2,1,10.4,4,38.5,0,2.3,0,7.5,9.1,1.6,0,0,0,0,1
2022-UEFA WCQ-Kosovo,Kosovo,40.6,0.63,8.25,2.5,30.3,0.13,2.88,0.13,11,10.8,1.75,0,0,0,0,1
2021-UEFA Euro Qualifiers-Kosovo,Kosovo,50,1.44,10.2,3.67,35.9,0.11,2.11,0,10.9,8.67,2.44,0,0,0,0,1
2022-UEFA WCQ-Latvia,Latvia,36.6,1,8.5,2.7,31.8,0.1,2.3,0,10.9,13.2,1.9,0,0,0,0,1
2021-UEFA Euro Qualifiers-Latvia,Latvia,33.9,0.2,6.1,1.8,29.5,0,2.3,0,10,10,1.1,0,0,0,0,1
2022-UEFA WCQ-Liechtenstein,Liechtenstein,24.7,0.2,2.3,0.9,39.1,0,1.9,0.2,8.5,11.4,0.6,0,0,0,0,1
2021-UEFA Euro Qualifiers-Liechtenstein,Liechtenstein,27.4,0.2,4.1,1.5,36.6,0,0.9,0,8.9,11.8,0.9,0,0,0,0,1
2022-UEFA WCQ-Lithuania,Lithuania,35.9,0.5,7.5,2,26.7,0.13,2.13,0,8.63,11.3,1.13,0,0,0,0,1
2021-UEFA Euro Qualifiers-Lithuania,Lithuania,36.1,0.5,7.5,1.88,25,0.13,2.13,0.25,11.4,10.5,1.25,0,0,0,0,1
2022-UEFA WCQ-Luxembourg,Luxembourg,47.5,1,10.8,2.75,25.6,0.13,2.25,0.25,13.1,12.8,2.63,0,0,0,0,1
2021-UEFA Euro Qualifiers-Luxembourg,Luxembourg,42.8,0.5,8.88,2.75,31,0,1.88,0,8.38,8.25,2.38,0,0,0,0,1
2022-UEFA WCQ-Malta,Malta,44.1,0.8,5.4,2.1,38.9,0,2.3,0.2,8.3,10.4,1.3,0,0,0,0,1
2021-UEFA Euro Qualifiers-Malta,Malta,32.9,0.3,6.7,1.2,17.9,0.1,1.5,0.1,10.8,10.9,0.8,0,0,0,0,1
2022-UEFA WCQ-Moldova,Moldova,36.8,0.5,7,2.6,37.1,0.1,2.6,0.2,9.9,17.4,0.6,0,0,0,0,1
2021-UEFA Euro Qualifiers-Moldova,Moldova,41.9,0.3,4.8,1.2,25,0,2.3,0.2,10.2,7.6,1.6,0,0,0,0,1
2022-UEFA WCQ-Montenegro,Montenegro,47.8,1.4,14.8,4.6,31.1,0.1,2.4,0.1,11.1,10.6,2,0,0,0,0,1
2021-UEFA Euro Qualifiers-Montenegro,Montenegro,42.8,0.13,6.38,2.25,35.3,0,1.75,0,14.1,6.75,2.25,0,0,0,0,1
2022-UEFA WCQ-Norway,Norway,58.5,1.5,17.5,5.5,31.4,0.1,1.7,0.1,8.9,11.4,2.2,0,0,0,0,1
2021-UEFA Euro Qualifiers-Norway,Norway,52.4,1.42,10,3.81,38.1,0.27,0.44,0,8.05,7.26,2.3,0,0,0,0,1
2022-UEFA WCQ-San Marino,San Marino,24.9,0.1,3.8,0.9,23.7,0,2.4,0.1,10.7,11.4,0.9,0,0,0,0,1
2021-UEFA Euro Qualifiers-San Marino,San Marino,22,0.1,2.4,1.1,45.8,0,1.8,0,10.1,8.2,0.8,0,0,0,0,1
2022-UEFA WCQ-Slovenia,Slovenia,49.7,1.3,11.1,3.7,33.3,0.2,2.1,0.1,13.7,9.4,2.2,0,0,0,0,1
2021-UEFA Euro Qualifiers-Slovenia,Slovenia,50.8,1.3,10.8,3.8,35.2,0.2,1.4,0.2,12.5,6,3.1,0,0,0,0,1
