date,home_team,away_team,home_score,away_score,tournament,city,country,neutral
7/2/1916,Chile,Uruguay,0.0,4.0,Copa America,Buenos Aires,Argentina,True
7/6/1916,Argentina,Chile,6.0,1.0,Copa America,Buenos Aires,Argentina,False
7/8/1916,Brazil,Chile,1.0,1.0,Copa America,Buenos Aires,Argentina,True
7/10/1916,Argentina,Brazil,1.0,1.0,Copa America,Buenos Aires,Argentina,False
7/12/1916,Brazil,Uruguay,1.0,2.0,Copa America,Buenos Aires,Argentina,True
7/17/1916,Argentina,Uruguay,0.0,0.0,Copa America,Avellaneda,Argentina,False
9/30/1917,Uruguay,Chile,4.0,0.0,Copa America,Montevideo,Uruguay,False
10/3/1917,Argentina,Brazil,4.0,2.0,Copa America,Montevideo,Uruguay,True
10/6/1917,Argentina,Chile,1.0,0.0,Copa America,Montevideo,Uruguay,True
10/7/1917,Uruguay,Brazil,4.0,0.0,Copa America,Montevideo,Uruguay,False
10/12/1917,Brazil,Chile,5.0,0.0,Copa America,Montevideo,Uruguay,True
10/14/1917,Uruguay,Argentina,1.0,0.0,Copa America,Montevideo,Uruguay,False
5/11/1919,Brazil,Chile,6.0,0.0,Copa America,Rio de Janeiro,Brazil,False
5/13/1919,Argentina,Uruguay,2.0,3.0,Copa America,Rio de Janeiro,Brazil,True
5/17/1919,Chile,Uruguay,0.0,2.0,Copa America,Rio de Janeiro,Brazil,True
5/18/1919,Brazil,Argentina,3.0,1.0,Copa America,Rio de Janeiro,Brazil,False
5/22/1919,Argentina,Chile,4.0,1.0,Copa America,Rio de Janeiro,Brazil,True
5/26/1919,Brazil,Uruguay,2.0,2.0,Copa America,Rio de Janeiro,Brazil,False
5/29/1919,Brazil,Uruguay,1.0,0.0,Copa America,Rio de Janeiro,Brazil,False
9/11/1920,Chile,Brazil,0.0,1.0,Copa America,Viña del Mar,Chile,False
9/12/1920,Uruguay,Argentina,1.0,1.0,Copa America,Viña del Mar,Chile,True
9/18/1920,Brazil,Uruguay,0.0,6.0,Copa America,Viña del Mar,Chile,True
9/20/1920,Chile,Argentina,1.0,1.0,Copa America,Viña del Mar,Chile,False
9/25/1920,Argentina,Brazil,2.0,0.0,Copa America,Viña del Mar,Chile,True
10/3/1920,Chile,Uruguay,1.0,2.0,Copa America,Viña del Mar,Chile,False
10/2/1921,Argentina,Brazil,1.0,0.0,Copa America,Buenos Aires,Argentina,False
10/9/1921,Paraguay,Uruguay,2.0,1.0,Copa America,Buenos Aires,Argentina,True
10/12/1921,Brazil,Paraguay,3.0,0.0,Copa America,Buenos Aires,Argentina,True
10/16/1921,Argentina,Paraguay,3.0,0.0,Copa America,Buenos Aires,Argentina,False
10/23/1921,Brazil,Uruguay,1.0,2.0,Copa America,Buenos Aires,Argentina,True
10/30/1921,Argentina,Uruguay,1.0,0.0,Copa America,Buenos Aires,Argentina,False
9/17/1922,Brazil,Chile,1.0,1.0,Copa America,Rio de Janeiro,Brazil,False
9/23/1922,Chile,Uruguay,0.0,2.0,Copa America,Rio de Janeiro,Brazil,True
9/24/1922,Brazil,Paraguay,1.0,1.0,Copa America,Rio de Janeiro,Brazil,False
9/28/1922,Argentina,Chile,4.0,0.0,Copa America,Rio de Janeiro,Brazil,True
10/1/1922,Brazil,Uruguay,0.0,0.0,Copa America,Rio de Janeiro,Brazil,False
10/5/1922,Chile,Paraguay,0.0,3.0,Copa America,Rio de Janeiro,Brazil,True
10/8/1922,Argentina,Uruguay,0.0,1.0,Copa America,Rio de Janeiro,Brazil,True
10/12/1922,Paraguay,Uruguay,1.0,0.0,Copa America,Rio de Janeiro,Brazil,True
10/15/1922,Brazil,Argentina,2.0,0.0,Copa America,Rio de Janeiro,Brazil,False
10/18/1922,Argentina,Paraguay,2.0,0.0,Copa America,Rio de Janeiro,Brazil,True
10/22/1922,Brazil,Paraguay,3.0,0.0,Copa America,Rio de Janeiro,Brazil,False
10/29/1923,Argentina,Paraguay,4.0,3.0,Copa America,Montevideo,Uruguay,True
11/4/1923,Uruguay,Paraguay,2.0,0.0,Copa America,Montevideo,Uruguay,False
11/11/1923,Brazil,Paraguay,0.0,1.0,Copa America,Montevideo,Uruguay,True
11/18/1923,Argentina,Brazil,2.0,1.0,Copa America,Montevideo,Uruguay,True
11/25/1923,Uruguay,Brazil,2.0,1.0,Copa America,Montevideo,Uruguay,False
12/2/1923,Uruguay,Argentina,2.0,0.0,Copa America,Montevideo,Uruguay,False
10/12/1924,Argentina,Paraguay,0.0,0.0,Copa America,Montevideo,Uruguay,True
10/19/1924,Uruguay,Chile,5.0,0.0,Copa America,Montevideo,Uruguay,False
10/25/1924,Argentina,Chile,2.0,0.0,Copa America,Montevideo,Uruguay,True
10/26/1924,Uruguay,Paraguay,3.0,1.0,Copa America,Montevideo,Uruguay,False
11/1/1924,Chile,Paraguay,1.0,3.0,Copa America,Montevideo,Uruguay,True
11/2/1924,Uruguay,Argentina,0.0,0.0,Copa America,Montevideo,Uruguay,False
11/29/1925,Argentina,Paraguay,2.0,0.0,Copa America,Buenos Aires,Argentina,False
12/6/1925,Brazil,Paraguay,5.0,2.0,Copa America,Buenos Aires,Argentina,True
12/13/1925,Argentina,Brazil,4.0,1.0,Copa America,Buenos Aires,Argentina,False
12/17/1925,Brazil,Paraguay,3.0,1.0,Copa America,Buenos Aires,Argentina,True
12/20/1925,Argentina,Paraguay,3.0,1.0,Copa America,Buenos Aires,Argentina,False
12/25/1925,Argentina,Brazil,2.0,2.0,Copa America,Buenos Aires,Argentina,False
10/12/1926,Chile,Bolivia,7.0,1.0,Copa America,Santiago,Chile,False
10/16/1926,Argentina,Bolivia,5.0,0.0,Copa America,Santiago,Chile,True
10/17/1926,Chile,Uruguay,1.0,3.0,Copa America,Santiago,Chile,False
10/20/1926,Argentina,Paraguay,8.0,0.0,Copa America,Santiago,Chile,True
10/23/1926,Bolivia,Paraguay,1.0,6.0,Copa America,Santiago,Chile,True
10/24/1926,Argentina,Uruguay,0.0,2.0,Copa America,Santiago,Chile,True
10/28/1926,Bolivia,Uruguay,0.0,6.0,Copa America,Santiago,Chile,True
10/31/1926,Chile,Argentina,1.0,1.0,Copa America,Santiago,Chile,False
11/1/1926,Paraguay,Uruguay,1.0,6.0,Copa America,Santiago,Chile,True
11/3/1926,Chile,Paraguay,5.0,1.0,Copa America,Santiago,Chile,False
10/30/1927,Argentina,Bolivia,7.0,1.0,Copa America,Lima,Peru,True
11/1/1927,Peru,Uruguay,0.0,4.0,Copa America,Lima,Peru,False
11/6/1927,Bolivia,Uruguay,0.0,9.0,Copa America,Lima,Peru,True
11/13/1927,Peru,Bolivia,3.0,2.0,Copa America,Lima,Peru,False
11/20/1927,Argentina,Uruguay,3.0,2.0,Copa America,Lima,Peru,True
11/27/1927,Peru,Argentina,1.0,5.0,Copa America,Lima,Peru,False
11/1/1929,Paraguay,Uruguay,3.0,0.0,Copa America,Buenos Aires,Argentina,True
11/3/1929,Argentina,Peru,3.0,0.0,Copa America,Buenos Aires,Argentina,False
11/10/1929,Argentina,Paraguay,4.0,1.0,Copa America,Buenos Aires,Argentina,False
11/11/1929,Peru,Uruguay,1.0,4.0,Copa America,Buenos Aires,Argentina,True
11/16/1929,Paraguay,Peru,5.0,0.0,Copa America,Avellaneda,Argentina,True
11/17/1929,Argentina,Uruguay,2.0,0.0,Copa America,Buenos Aires,Argentina,False
1/6/1935,Argentina,Chile,4.0,1.0,Copa America,Lima,Peru,True
1/13/1935,Peru,Uruguay,0.0,1.0,Copa America,Lima,Peru,False
1/18/1935,Chile,Uruguay,1.0,2.0,Copa America,Lima,Peru,True
1/20/1935,Peru,Argentina,1.0,4.0,Copa America,Lima,Peru,False
1/26/1935,Peru,Chile,1.0,0.0,Copa America,Lima,Peru,False
1/27/1935,Argentina,Uruguay,0.0,3.0,Copa America,Lima,Peru,True
12/27/1936,Brazil,Peru,3.0,2.0,Copa America,Buenos Aires,Argentina,True
12/30/1936,Argentina,Chile,2.0,1.0,Copa America,Buenos Aires,Argentina,False
1/2/1937,Paraguay,Uruguay,4.0,2.0,Copa America,Buenos Aires,Argentina,True
1/3/1937,Brazil,Chile,6.0,4.0,Copa America,Buenos Aires,Argentina,True
1/6/1937,Peru,Uruguay,2.0,4.0,Copa America,Buenos Aires,Argentina,True
1/9/1937,Argentina,Paraguay,6.0,1.0,Copa America,Buenos Aires,Argentina,False
1/10/1937,Chile,Uruguay,3.0,0.0,Copa America,Buenos Aires,Argentina,True
1/13/1937,Brazil,Paraguay,5.0,0.0,Copa America,Buenos Aires,Argentina,True
1/16/1937,Argentina,Peru,1.0,0.0,Copa America,Buenos Aires,Argentina,False
1/17/1937,Chile,Paraguay,2.0,3.0,Copa America,Buenos Aires,Argentina,True
1/19/1937,Brazil,Uruguay,3.0,2.0,Copa America,Buenos Aires,Argentina,True
1/21/1937,Chile,Peru,2.0,2.0,Copa America,Buenos Aires,Argentina,True
1/23/1937,Argentina,Uruguay,2.0,3.0,Copa America,Buenos Aires,Argentina,False
1/24/1937,Paraguay,Peru,0.0,1.0,Copa America,Buenos Aires,Argentina,True
1/30/1937,Argentina,Brazil,1.0,0.0,Copa America,Buenos Aires,Argentina,False
2/1/1937,Argentina,Brazil,2.0,0.0,Copa America,Buenos Aires,Argentina,False
1/15/1939,Chile,Paraguay,1.0,5.0,Copa America,Lima,Peru,True
1/15/1939,Peru,Ecuador,5.0,2.0,Copa America,Lima,Peru,False
1/22/1939,Ecuador,Uruguay,0.0,6.0,Copa America,Lima,Peru,True
1/22/1939,Peru,Chile,3.0,1.0,Copa America,Lima,Peru,False
1/29/1939,Chile,Uruguay,2.0,3.0,Copa America,Lima,Peru,True
1/29/1939,Peru,Paraguay,3.0,0.0,Copa America,Lima,Peru,False
2/5/1939,Chile,Ecuador,4.0,1.0,Copa America,Lima,Peru,True
2/5/1939,Paraguay,Uruguay,1.0,3.0,Copa America,Lima,Peru,True
2/12/1939,Ecuador,Paraguay,1.0,3.0,Copa America,Lima,Peru,True
2/12/1939,Peru,Uruguay,2.0,1.0,Copa America,Lima,Peru,False
2/2/1941,Chile,Ecuador,5.0,0.0,Copa America,Santiago,Chile,False
2/9/1941,Chile,Peru,1.0,0.0,Copa America,Santiago,Chile,False
2/9/1941,Ecuador,Uruguay,0.0,6.0,Copa America,Santiago,Chile,True
2/12/1941,Argentina,Peru,2.0,1.0,Copa America,Santiago,Chile,True
2/16/1941,Argentina,Ecuador,6.0,1.0,Copa America,Santiago,Chile,True
2/16/1941,Chile,Uruguay,0.0,2.0,Copa America,Santiago,Chile,False
2/23/1941,Argentina,Uruguay,1.0,0.0,Copa America,Santiago,Chile,True
2/23/1941,Ecuador,Peru,0.0,4.0,Copa America,Santiago,Chile,True
2/26/1941,Peru,Uruguay,0.0,2.0,Copa America,Santiago,Chile,True
3/4/1941,Chile,Argentina,0.0,1.0,Copa America,Santiago,Chile,False
1/10/1942,Uruguay,Chile,6.0,1.0,Copa America,Montevideo,Uruguay,False
1/11/1942,Argentina,Paraguay,4.0,3.0,Copa America,Montevideo,Uruguay,True
1/14/1942,Brazil,Chile,6.0,1.0,Copa America,Montevideo,Uruguay,True
1/17/1942,Argentina,Brazil,2.0,1.0,Copa America,Montevideo,Uruguay,True
1/18/1942,Paraguay,Peru,1.0,1.0,Copa America,Montevideo,Uruguay,True
1/18/1942,Uruguay,Ecuador,7.0,0.0,Copa America,Montevideo,Uruguay,False
1/21/1942,Brazil,Peru,2.0,1.0,Copa America,Montevideo,Uruguay,True
1/22/1942,Argentina,Ecuador,12.0,0.0,Copa America,Montevideo,Uruguay,True
1/22/1942,Chile,Paraguay,0.0,2.0,Copa America,Montevideo,Uruguay,True
1/24/1942,Uruguay,Brazil,1.0,0.0,Copa America,Montevideo,Uruguay,False
1/25/1942,Argentina,Peru,3.0,1.0,Copa America,Montevideo,Uruguay,True
1/25/1942,Ecuador,Paraguay,1.0,3.0,Copa America,Montevideo,Uruguay,True
1/28/1942,Ecuador,Peru,1.0,2.0,Copa America,Montevideo,Uruguay,True
1/28/1942,Uruguay,Paraguay,3.0,1.0,Copa America,Montevideo,Uruguay,False
1/31/1942,Argentina,Chile,0.0,0.0,Copa America,Montevideo,Uruguay,True
1/31/1942,Brazil,Ecuador,5.0,1.0,Copa America,Montevideo,Uruguay,True
2/1/1942,Uruguay,Peru,3.0,0.0,Copa America,Montevideo,Uruguay,False
2/5/1942,Brazil,Paraguay,1.0,1.0,Copa America,Montevideo,Uruguay,True
2/5/1942,Chile,Ecuador,2.0,1.0,Copa America,Montevideo,Uruguay,True
2/7/1942,Chile,Peru,0.0,0.0,Copa America,Montevideo,Uruguay,True
2/7/1942,Uruguay,Argentina,1.0,0.0,Copa America,Montevideo,Uruguay,False
1/14/1945,Chile,Ecuador,6.0,3.0,Copa America,Santiago,Chile,False
1/18/1945,Argentina,Bolivia,4.0,0.0,Copa America,Santiago,Chile,True
1/21/1945,Brazil,Colombia,3.0,0.0,Copa America,Santiago,Chile,True
1/24/1945,Chile,Bolivia,5.0,0.0,Copa America,Santiago,Chile,False
1/24/1945,Ecuador,Uruguay,1.0,5.0,Copa America,Santiago,Chile,True
1/28/1945,Bolivia,Brazil,0.0,2.0,Copa America,Santiago,Chile,True
1/28/1945,Colombia,Uruguay,0.0,7.0,Copa America,Santiago,Chile,True
1/31/1945,Argentina,Ecuador,4.0,2.0,Copa America,Santiago,Chile,True
1/31/1945,Chile,Colombia,2.0,0.0,Copa America,Santiago,Chile,False
2/7/1945,Argentina,Colombia,9.0,1.0,Copa America,Santiago,Chile,True
2/7/1945,Brazil,Uruguay,3.0,0.0,Copa America,Santiago,Chile,True
2/11/1945,Bolivia,Ecuador,0.0,0.0,Copa America,Santiago,Chile,True
2/11/1945,Chile,Argentina,1.0,1.0,Copa America,Santiago,Chile,False
2/15/1945,Argentina,Brazil,3.0,1.0,Copa America,Santiago,Chile,True
2/15/1945,Bolivia,Uruguay,0.0,2.0,Copa America,Santiago,Chile,True
2/18/1945,Chile,Uruguay,1.0,0.0,Copa America,Santiago,Chile,False
2/18/1945,Colombia,Ecuador,3.0,1.0,Copa America,Santiago,Chile,True
2/21/1945,Bolivia,Colombia,3.0,3.0,Copa America,Santiago,Chile,True
2/21/1945,Brazil,Ecuador,9.0,2.0,Copa America,Santiago,Chile,True
2/25/1945,Argentina,Uruguay,1.0,0.0,Copa America,Santiago,Chile,True
2/28/1945,Chile,Brazil,0.0,1.0,Copa America,Santiago,Chile,False
1/12/1946,Argentina,Paraguay,2.0,0.0,Copa America,Buenos Aires,Argentina,False
1/16/1946,Bolivia,Brazil,0.0,3.0,Copa America,Buenos Aires,Argentina,True
1/16/1946,Chile,Uruguay,0.0,1.0,Copa America,Buenos Aires,Argentina,True
1/19/1946,Argentina,Bolivia,7.0,1.0,Copa America,Buenos Aires,Argentina,False
1/19/1946,Chile,Paraguay,2.0,1.0,Copa America,Buenos Aires,Argentina,True
1/23/1946,Brazil,Uruguay,4.0,3.0,Copa America,Buenos Aires,Argentina,True
1/26/1946,Argentina,Chile,3.0,1.0,Copa America,Buenos Aires,Argentina,False
1/26/1946,Bolivia,Paraguay,2.0,4.0,Copa America,Buenos Aires,Argentina,True
1/29/1946,Bolivia,Uruguay,0.0,5.0,Copa America,Avellaneda,Argentina,True
1/29/1946,Brazil,Paraguay,1.0,1.0,Copa America,Avellaneda,Argentina,True
2/2/1946,Argentina,Uruguay,3.0,1.0,Copa America,Buenos Aires,Argentina,False
2/3/1946,Brazil,Chile,5.0,1.0,Copa America,Buenos Aires,Argentina,True
2/8/1946,Bolivia,Chile,1.0,4.0,Copa America,Buenos Aires,Argentina,True
2/8/1946,Paraguay,Uruguay,2.0,1.0,Copa America,Buenos Aires,Argentina,True
2/10/1946,Argentina,Brazil,2.0,0.0,Copa America,Buenos Aires,Argentina,False
11/30/1947,Ecuador,Bolivia,2.0,2.0,Copa America,Guayaquil,Ecuador,False
12/2/1947,Argentina,Paraguay,6.0,0.0,Copa America,Guayaquil,Ecuador,True
12/2/1947,Colombia,Uruguay,0.0,2.0,Copa America,Guayaquil,Ecuador,True
12/4/1947,Argentina,Bolivia,7.0,0.0,Copa America,Guayaquil,Ecuador,True
12/4/1947,Ecuador,Colombia,0.0,0.0,Copa America,Guayaquil,Ecuador,False
12/6/1947,Chile,Uruguay,0.0,6.0,Copa America,Guayaquil,Ecuador,True
12/6/1947,Paraguay,Peru,2.0,2.0,Copa America,Guayaquil,Ecuador,True
12/9/1947,Bolivia,Uruguay,0.0,3.0,Copa America,Guayaquil,Ecuador,True
12/9/1947,Chile,Peru,2.0,1.0,Copa America,Guayaquil,Ecuador,True
12/11/1947,Argentina,Peru,3.0,2.0,Copa America,Guayaquil,Ecuador,True
12/11/1947,Ecuador,Chile,0.0,3.0,Copa America,Guayaquil,Ecuador,False
12/13/1947,Bolivia,Colombia,0.0,0.0,Copa America,Guayaquil,Ecuador,True
12/13/1947,Paraguay,Uruguay,4.0,2.0,Copa America,Guayaquil,Ecuador,True
12/16/1947,Argentina,Chile,1.0,1.0,Copa America,Guayaquil,Ecuador,True
12/16/1947,Ecuador,Uruguay,1.0,6.0,Copa America,Guayaquil,Ecuador,False
12/18/1947,Argentina,Colombia,6.0,0.0,Copa America,Guayaquil,Ecuador,True
12/18/1947,Bolivia,Paraguay,1.0,3.0,Copa America,Guayaquil,Ecuador,True
12/20/1947,Colombia,Paraguay,0.0,2.0,Copa America,Guayaquil,Ecuador,True
12/20/1947,Ecuador,Peru,0.0,0.0,Copa America,Guayaquil,Ecuador,False
12/23/1947,Chile,Paraguay,0.0,1.0,Copa America,Guayaquil,Ecuador,True
12/23/1947,Colombia,Peru,1.0,5.0,Copa America,Guayaquil,Ecuador,True
12/25/1947,Ecuador,Argentina,0.0,2.0,Copa America,Guayaquil,Ecuador,False
12/25/1947,Peru,Uruguay,0.0,1.0,Copa America,Guayaquil,Ecuador,True
12/27/1947,Bolivia,Peru,0.0,2.0,Copa America,Guayaquil,Ecuador,True
12/28/1947,Argentina,Uruguay,3.0,1.0,Copa America,Guayaquil,Ecuador,True
12/29/1947,Chile,Colombia,4.0,1.0,Copa America,Guayaquil,Ecuador,True
12/29/1947,Ecuador,Paraguay,0.0,4.0,Copa America,Guayaquil,Ecuador,False
12/31/1947,Bolivia,Chile,3.0,4.0,Copa America,Guayaquil,Ecuador,True
4/3/1949,Brazil,Ecuador,9.0,1.0,Copa America,Rio de Janeiro,Brazil,False
4/6/1949,Bolivia,Chile,3.0,2.0,Copa America,São Paulo,Brazil,True
4/6/1949,Colombia,Paraguay,0.0,3.0,Copa America,São Paulo,Brazil,True
4/10/1949,Brazil,Bolivia,10.0,1.0,Copa America,São Paulo,Brazil,False
4/10/1949,Colombia,Peru,0.0,4.0,Copa America,Rio de Janeiro,Brazil,True
4/10/1949,Ecuador,Paraguay,0.0,1.0,Copa America,Rio de Janeiro,Brazil,True
4/13/1949,Brazil,Chile,2.0,1.0,Copa America,São Paulo,Brazil,False
4/13/1949,Ecuador,Uruguay,2.0,3.0,Copa America,Rio de Janeiro,Brazil,True
4/13/1949,Paraguay,Peru,3.0,1.0,Copa America,Rio de Janeiro,Brazil,True
4/17/1949,Bolivia,Uruguay,3.0,2.0,Copa America,Rio de Janeiro,Brazil,True
4/17/1949,Brazil,Colombia,5.0,0.0,Copa America,São Paulo,Brazil,False
4/17/1949,Chile,Ecuador,1.0,0.0,Copa America,São Paulo,Brazil,True
4/20/1949,Chile,Colombia,1.0,1.0,Copa America,Rio de Janeiro,Brazil,True
4/20/1949,Ecuador,Peru,0.0,4.0,Copa America,Rio de Janeiro,Brazil,True
4/20/1949,Paraguay,Uruguay,1.0,2.0,Copa America,São Paulo,Brazil,True
4/24/1949,Brazil,Peru,7.0,1.0,Copa America,Rio de Janeiro,Brazil,False
4/25/1949,Bolivia,Ecuador,2.0,0.0,Copa America,São Paulo,Brazil,True
4/25/1949,Uruguay,Colombia,2.0,2.0,Copa America,São Paulo,Brazil,True
4/27/1949,Bolivia,Peru,0.0,3.0,Copa America,Santos,Brazil,True
4/27/1949,Chile,Paraguay,2.0,4.0,Copa America,São Paulo,Brazil,True
4/30/1949,Bolivia,Paraguay,0.0,7.0,Copa America,Rio de Janeiro,Brazil,True
4/30/1949,Brazil,Uruguay,5.0,1.0,Copa America,Rio de Janeiro,Brazil,False
4/30/1949,Chile,Peru,0.0,3.0,Copa America,São Paulo,Brazil,True
5/3/1949,Colombia,Ecuador,1.0,4.0,Copa America,Rio de Janeiro,Brazil,True
5/4/1949,Peru,Uruguay,4.0,3.0,Copa America,Rio de Janeiro,Brazil,True
5/6/1949,Bolivia,Colombia,4.0,0.0,Copa America,Rio de Janeiro,Brazil,True
5/8/1949,Brazil,Paraguay,1.0,2.0,Copa America,Rio de Janeiro,Brazil,False
5/8/1949,Chile,Uruguay,3.0,1.0,Copa America,Belo Horizonte,Brazil,True
5/11/1949,Brazil,Paraguay,7.0,0.0,Copa America,Rio de Janeiro,Brazil,False
2/22/1953,Peru,Bolivia,0.0,1.0,Copa America,Lima,Peru,False
2/25/1953,Bolivia,Uruguay,0.0,2.0,Copa America,Lima,Peru,True
2/25/1953,Chile,Paraguay,0.0,3.0,Copa America,Lima,Peru,True
2/28/1953,Peru,Ecuador,1.0,0.0,Copa America,Lima,Peru,False
3/1/1953,Bolivia,Brazil,1.0,8.0,Copa America,Lima,Peru,True
3/1/1953,Chile,Uruguay,3.0,2.0,Copa America,Lima,Peru,True
3/4/1953,Ecuador,Paraguay,0.0,0.0,Copa America,Lima,Peru,True
3/4/1953,Peru,Chile,0.0,0.0,Copa America,Lima,Peru,False
3/8/1953,Bolivia,Ecuador,1.0,1.0,Copa America,Lima,Peru,True
3/8/1953,Peru,Paraguay,2.0,2.0,Copa America,Lima,Peru,False
3/12/1953,Brazil,Ecuador,2.0,0.0,Copa America,Lima,Peru,True
3/12/1953,Paraguay,Uruguay,2.0,2.0,Copa America,Lima,Peru,True
3/15/1953,Brazil,Uruguay,1.0,0.0,Copa America,Lima,Peru,True
3/16/1953,Bolivia,Paraguay,1.0,2.0,Copa America,Lima,Peru,True
3/19/1953,Chile,Ecuador,3.0,0.0,Copa America,Lima,Peru,True
3/19/1953,Peru,Brazil,1.0,0.0,Copa America,Lima,Peru,False
3/23/1953,Brazil,Chile,3.0,2.0,Copa America,Lima,Peru,True
3/23/1953,Ecuador,Uruguay,0.0,6.0,Copa America,Lima,Peru,True
3/27/1953,Brazil,Paraguay,1.0,2.0,Copa America,Lima,Peru,True
3/28/1953,Bolivia,Chile,2.0,2.0,Copa America,Lima,Peru,True
3/28/1953,Peru,Uruguay,0.0,3.0,Copa America,Lima,Peru,False
4/1/1953,Brazil,Paraguay,2.0,3.0,Copa America,Lima,Peru,True
2/27/1955,Chile,Ecuador,7.0,1.0,Copa America,Santiago,Chile,False
3/2/1955,Argentina,Paraguay,5.0,3.0,Copa America,Santiago,Chile,True
3/6/1955,Chile,Peru,5.0,4.0,Copa America,Santiago,Chile,False
3/9/1955,Argentina,Ecuador,4.0,0.0,Copa America,Santiago,Chile,True
3/9/1955,Paraguay,Uruguay,1.0,3.0,Copa America,Santiago,Chile,True
3/13/1955,Chile,Uruguay,2.0,2.0,Copa America,Santiago,Chile,False
3/13/1955,Ecuador,Peru,2.0,4.0,Copa America,Santiago,Chile,True
3/16/1955,Ecuador,Paraguay,0.0,2.0,Copa America,Santiago,Chile,True
3/20/1955,Chile,Paraguay,5.0,0.0,Copa America,Santiago,Chile,False
3/23/1955,Ecuador,Uruguay,1.0,5.0,Copa America,Santiago,Chile,True
3/23/1955,Paraguay,Peru,1.0,1.0,Copa America,Santiago,Chile,True
3/27/1955,Argentina,Uruguay,6.0,1.0,Copa America,Santiago,Chile,True
3/30/1955,Chile,Argentina,0.0,1.0,Copa America,Santiago,Chile,False
3/30/1955,Peru,Uruguay,2.0,1.0,Copa America,Santiago,Chile,True
4/25/1955,Argentina,Peru,2.0,2.0,Copa America,Santiago,Chile,True
1/21/1956,Uruguay,Paraguay,4.0,2.0,Copa America,Montevideo,Uruguay,False
1/22/1956,Argentina,Peru,2.0,1.0,Copa America,Montevideo,Uruguay,True
1/24/1956,Brazil,Chile,1.0,4.0,Copa America,Montevideo,Uruguay,True
1/28/1956,Uruguay,Peru,2.0,0.0,Copa America,Montevideo,Uruguay,False
1/29/1956,Argentina,Chile,2.0,0.0,Copa America,Montevideo,Uruguay,True
1/29/1956,Brazil,Paraguay,0.0,0.0,Copa America,Montevideo,Uruguay,True
2/1/1956,Argentina,Paraguay,1.0,0.0,Copa America,Montevideo,Uruguay,True
2/1/1956,Brazil,Peru,2.0,1.0,Copa America,Montevideo,Uruguay,True
2/5/1956,Argentina,Brazil,0.0,1.0,Copa America,Montevideo,Uruguay,True
2/5/1956,Paraguay,Peru,1.0,1.0,Copa America,Montevideo,Uruguay,True
2/6/1956,Uruguay,Chile,2.0,1.0,Copa America,Montevideo,Uruguay,False
2/9/1956,Chile,Peru,4.0,3.0,Copa America,Montevideo,Uruguay,True
2/10/1956,Uruguay,Brazil,0.0,0.0,Copa America,Montevideo,Uruguay,False
2/12/1956,Chile,Paraguay,2.0,0.0,Copa America,Montevideo,Uruguay,True
2/15/1956,Uruguay,Argentina,1.0,0.0,Copa America,Montevideo,Uruguay,False
3/7/1957,Ecuador,Uruguay,2.0,5.0,Copa America,Lima,Peru,True
3/10/1957,Peru,Ecuador,2.0,1.0,Copa America,Lima,Peru,False
3/13/1957,Argentina,Colombia,8.0,2.0,Copa America,Lima,Peru,True
3/13/1957,Brazil,Chile,4.0,2.0,Copa America,Lima,Peru,True
3/16/1957,Peru,Chile,1.0,0.0,Copa America,Lima,Peru,False
3/17/1957,Argentina,Ecuador,3.0,0.0,Copa America,Lima,Peru,True
3/17/1957,Colombia,Uruguay,1.0,0.0,Copa America,Lima,Peru,True
3/20/1957,Argentina,Uruguay,4.0,0.0,Copa America,Lima,Peru,True
3/21/1957,Brazil,Ecuador,7.0,1.0,Copa America,Lima,Peru,True
3/21/1957,Chile,Colombia,3.0,2.0,Copa America,Lima,Peru,True
3/23/1957,Peru,Uruguay,3.0,5.0,Copa America,Lima,Peru,False
3/24/1957,Brazil,Colombia,9.0,0.0,Copa America,Lima,Peru,True
3/24/1957,Chile,Ecuador,2.0,2.0,Copa America,Lima,Peru,True
3/27/1957,Peru,Colombia,4.0,1.0,Copa America,Lima,Peru,False
3/28/1957,Argentina,Chile,6.0,2.0,Copa America,Lima,Peru,True
3/28/1957,Brazil,Uruguay,2.0,3.0,Copa America,Lima,Peru,True
3/31/1957,Peru,Brazil,0.0,1.0,Copa America,Lima,Peru,False
4/1/1957,Chile,Uruguay,0.0,2.0,Copa America,Lima,Peru,True
4/1/1957,Colombia,Ecuador,4.0,1.0,Copa America,Lima,Peru,True
4/3/1957,Argentina,Brazil,3.0,0.0,Copa America,Lima,Peru,True
4/6/1957,Peru,Argentina,2.0,1.0,Copa America,Lima,Peru,False
3/7/1959,Argentina,Chile,6.0,1.0,Copa America,Buenos Aires,Argentina,False
3/8/1959,Bolivia,Uruguay,0.0,7.0,Copa America,Buenos Aires,Argentina,True
3/10/1959,Brazil,Peru,2.0,2.0,Copa America,Buenos Aires,Argentina,True
3/11/1959,Argentina,Bolivia,2.0,0.0,Copa America,Buenos Aires,Argentina,False
3/11/1959,Chile,Paraguay,1.0,2.0,Copa America,Buenos Aires,Argentina,True
3/14/1959,Peru,Uruguay,5.0,3.0,Copa America,Buenos Aires,Argentina,True
3/15/1959,Bolivia,Paraguay,0.0,5.0,Copa America,Buenos Aires,Argentina,True
3/15/1959,Brazil,Chile,3.0,0.0,Copa America,Buenos Aires,Argentina,True
3/18/1959,Argentina,Peru,3.0,1.0,Copa America,Buenos Aires,Argentina,False
3/18/1959,Paraguay,Uruguay,1.0,3.0,Copa America,Buenos Aires,Argentina,True
3/21/1959,Bolivia,Brazil,2.0,4.0,Copa America,Buenos Aires,Argentina,True
3/21/1959,Chile,Peru,1.0,1.0,Copa America,Buenos Aires,Argentina,True
3/22/1959,Argentina,Paraguay,3.0,1.0,Copa America,Buenos Aires,Argentina,False
3/26/1959,Bolivia,Chile,2.0,5.0,Copa America,Buenos Aires,Argentina,True
3/26/1959,Brazil,Uruguay,3.0,1.0,Copa America,Buenos Aires,Argentina,True
3/29/1959,Bolivia,Peru,0.0,0.0,Copa America,Buenos Aires,Argentina,True
3/29/1959,Brazil,Paraguay,4.0,1.0,Copa America,Buenos Aires,Argentina,True
3/30/1959,Argentina,Uruguay,4.0,1.0,Copa America,Buenos Aires,Argentina,False
4/2/1959,Chile,Uruguay,1.0,0.0,Copa America,Buenos Aires,Argentina,True
4/2/1959,Paraguay,Peru,2.0,1.0,Copa America,Buenos Aires,Argentina,True
4/4/1959,Argentina,Brazil,1.0,1.0,Copa America,Buenos Aires,Argentina,False
12/5/1959,Brazil,Paraguay,3.0,2.0,Copa America,Guayaquil,Ecuador,True
12/6/1959,Ecuador,Uruguay,0.0,4.0,Copa America,Guayaquil,Ecuador,False
12/9/1959,Argentina,Paraguay,4.0,2.0,Copa America,Guayaquil,Ecuador,True
12/12/1959,Brazil,Uruguay,0.0,3.0,Copa America,Guayaquil,Ecuador,True
12/12/1959,Ecuador,Argentina,1.0,1.0,Copa America,Guayaquil,Ecuador,False
12/16/1959,Argentina,Uruguay,0.0,5.0,Copa America,Guayaquil,Ecuador,True
12/19/1959,Ecuador,Brazil,1.0,3.0,Copa America,Guayaquil,Ecuador,False
12/22/1959,Argentina,Brazil,4.0,1.0,Copa America,Guayaquil,Ecuador,True
12/22/1959,Paraguay,Uruguay,1.0,1.0,Copa America,Guayaquil,Ecuador,True
12/25/1959,Ecuador,Paraguay,3.0,1.0,Copa America,Guayaquil,Ecuador,False
3/10/1963,Argentina,Colombia,4.0,2.0,Copa America,Cochabamba,Bolivia,True
3/10/1963,Bolivia,Ecuador,4.0,4.0,Copa America,La Paz,Bolivia,False
3/10/1963,Brazil,Peru,1.0,0.0,Copa America,Cochabamba,Bolivia,True
3/13/1963,Argentina,Peru,1.0,2.0,Copa America,Cochabamba,Bolivia,True
3/14/1963,Brazil,Colombia,5.0,1.0,Copa America,La Paz,Bolivia,True
3/14/1963,Ecuador,Paraguay,1.0,3.0,Copa America,La Paz,Bolivia,True
3/17/1963,Bolivia,Colombia,2.0,1.0,Copa America,Cochabamba,Bolivia,False
3/17/1963,Brazil,Paraguay,0.0,2.0,Copa America,La Paz,Bolivia,True
3/17/1963,Ecuador,Peru,1.0,2.0,Copa America,La Paz,Bolivia,True
3/20/1963,Argentina,Ecuador,4.0,2.0,Copa America,Cochabamba,Bolivia,True
3/20/1963,Colombia,Paraguay,2.0,3.0,Copa America,Cochabamba,Bolivia,True
3/21/1963,Bolivia,Peru,3.0,2.0,Copa America,La Paz,Bolivia,False
3/24/1963,Argentina,Brazil,3.0,0.0,Copa America,La Paz,Bolivia,True
3/24/1963,Bolivia,Paraguay,2.0,0.0,Copa America,Cochabamba,Bolivia,False
3/24/1963,Colombia,Peru,1.0,1.0,Copa America,La Paz,Bolivia,True
3/27/1963,Brazil,Ecuador,2.0,2.0,Copa America,Cochabamba,Bolivia,True
3/27/1963,Paraguay,Peru,4.0,1.0,Copa America,Cochabamba,Bolivia,True
3/28/1963,Bolivia,Argentina,3.0,2.0,Copa America,La Paz,Bolivia,False
3/31/1963,Argentina,Paraguay,1.0,1.0,Copa America,La Paz,Bolivia,True
3/31/1963,Bolivia,Brazil,5.0,4.0,Copa America,Cochabamba,Bolivia,False
3/31/1963,Colombia,Ecuador,3.0,4.0,Copa America,La Paz,Bolivia,True
11/30/1966,Chile,Colombia,5.0,2.0,Copa America,Santiago,Chile,False
12/11/1966,Colombia,Chile,0.0,0.0,Copa America,Bogotá,Colombia,False
12/21/1966,Ecuador,Paraguay,2.0,2.0,Copa America,Guayaquil,Ecuador,False
12/28/1966,Paraguay,Ecuador,3.0,1.0,Copa America,Asunción,Paraguay,False
1/13/1967,Uruguay,Bolivia,4.0,0.0,Copa America,Montevideo,Uruguay,False
1/18/1967,Argentina,Paraguay,4.0,1.0,Copa America,Montevideo,Uruguay,True
1/18/1967,Chile,Venezuela,2.0,0.0,Copa America,Montevideo,Uruguay,True
1/21/1967,Uruguay,Venezuela,4.0,0.0,Copa America,Montevideo,Uruguay,False
1/22/1967,Bolivia,Argentina,0.0,1.0,Copa America,Montevideo,Uruguay,True
1/22/1967,Chile,Paraguay,4.0,2.0,Copa America,Montevideo,Uruguay,True
1/25/1967,Argentina,Venezuela,5.0,1.0,Copa America,Montevideo,Uruguay,True
1/25/1967,Paraguay,Bolivia,1.0,0.0,Copa America,Montevideo,Uruguay,True
1/26/1967,Uruguay,Chile,2.0,2.0,Copa America,Montevideo,Uruguay,False
1/28/1967,Argentina,Chile,2.0,0.0,Copa America,Montevideo,Uruguay,True
1/28/1967,Bolivia,Venezuela,0.0,3.0,Copa America,Montevideo,Uruguay,True
1/29/1967,Uruguay,Paraguay,2.0,0.0,Copa America,Montevideo,Uruguay,False
2/1/1967,Bolivia,Chile,0.0,0.0,Copa America,Montevideo,Uruguay,True
2/1/1967,Venezuela,Paraguay,3.0,5.0,Copa America,Montevideo,Uruguay,True
2/2/1967,Uruguay,Argentina,1.0,0.0,Copa America,Montevideo,Uruguay,False
7/17/1975,Chile,Peru,1.0,1.0,Copa America,Santiago,Chile,False
7/20/1975,Bolivia,Chile,2.0,1.0,Copa America,Oruro,Bolivia,False
7/20/1975,Colombia,Paraguay,1.0,0.0,Copa America,Bogotá,Colombia,False
7/24/1975,Ecuador,Paraguay,2.0,2.0,Copa America,Guayaquil,Ecuador,False
7/27/1975,Bolivia,Peru,0.0,1.0,Copa America,Oruro,Bolivia,False
7/27/1975,Ecuador,Colombia,1.0,3.0,Copa America,Quito,Ecuador,False
7/30/1975,Paraguay,Colombia,0.0,1.0,Copa America,Asunción,Paraguay,False
7/31/1975,Venezuela,Brazil,0.0,4.0,Copa America,Caracas,Venezuela,False
8/3/1975,Venezuela,Argentina,1.0,5.0,Copa America,Caracas,Venezuela,False
8/6/1975,Brazil,Argentina,2.0,1.0,Copa America,Belo Horizonte,Brazil,False
8/7/1975,Colombia,Ecuador,2.0,0.0,Copa America,Bogotá,Colombia,False
8/7/1975,Peru,Bolivia,3.0,1.0,Copa America,Lima,Peru,False
8/10/1975,Argentina,Venezuela,11.0,0.0,Copa America,Rosario,Argentina,False
8/10/1975,Paraguay,Ecuador,3.0,1.0,Copa America,Asunción,Paraguay,False
8/13/1975,Brazil,Venezuela,6.0,0.0,Copa America,Belo Horizonte,Brazil,False
8/13/1975,Chile,Bolivia,4.0,0.0,Copa America,Santiago,Chile,False
8/16/1975,Argentina,Brazil,0.0,1.0,Copa America,Rosario,Argentina,False
8/20/1975,Peru,Chile,3.0,1.0,Copa America,Lima,Peru,False
9/21/1975,Colombia,Uruguay,3.0,0.0,Copa America,Bogotá,Colombia,False
9/30/1975,Brazil,Peru,1.0,3.0,Copa America,Belo Horizonte,Brazil,False
10/1/1975,Uruguay,Colombia,1.0,0.0,Copa America,Montevideo,Uruguay,False
10/4/1975,Peru,Brazil,0.0,2.0,Copa America,Lima,Peru,False
10/16/1975,Colombia,Peru,1.0,0.0,Copa America,Bogotá,Colombia,False
10/22/1975,Peru,Colombia,2.0,0.0,Copa America,Lima,Peru,False
10/28/1975,Colombia,Peru,0.0,1.0,Copa America,Caracas,Venezuela,True
7/18/1979,Bolivia,Argentina,2.0,1.0,Copa America,La Paz,Bolivia,False
7/26/1979,Bolivia,Brazil,2.0,1.0,Copa America,La Paz,Bolivia,False
8/1/1979,Venezuela,Colombia,0.0,0.0,Copa America,San Cristóbal,Venezuela,False
8/2/1979,Brazil,Argentina,2.0,1.0,Copa America,Rio de Janeiro,Brazil,False
8/8/1979,Argentina,Bolivia,3.0,0.0,Copa America,Buenos Aires,Argentina,False
8/8/1979,Venezuela,Chile,1.0,1.0,Copa America,San Cristóbal,Venezuela,False
8/15/1979,Colombia,Chile,1.0,0.0,Copa America,Bogotá,Colombia,False
8/16/1979,Brazil,Bolivia,2.0,0.0,Copa America,São Paulo,Brazil,False
8/22/1979,Colombia,Venezuela,4.0,0.0,Copa America,Bogotá,Colombia,False
8/23/1979,Argentina,Brazil,2.0,2.0,Copa America,Buenos Aires,Argentina,False
8/29/1979,Chile,Venezuela,7.0,0.0,Copa America,Santiago,Chile,False
8/29/1979,Ecuador,Paraguay,1.0,2.0,Copa America,Quito,Ecuador,False
9/5/1979,Chile,Colombia,2.0,0.0,Copa America,Santiago,Chile,False
9/5/1979,Ecuador,Uruguay,2.0,1.0,Copa America,Quito,Ecuador,False
9/13/1979,Paraguay,Ecuador,2.0,0.0,Copa America,Asunción,Paraguay,False
9/16/1979,Uruguay,Ecuador,2.0,1.0,Copa America,Montevideo,Uruguay,False
9/20/1979,Paraguay,Uruguay,0.0,0.0,Copa America,Asunción,Paraguay,False
9/26/1979,Uruguay,Paraguay,2.0,2.0,Copa America,Montevideo,Uruguay,False
10/17/1979,Peru,Chile,1.0,2.0,Copa America,Lima,Peru,False
10/24/1979,Chile,Peru,0.0,0.0,Copa America,Santiago,Chile,False
10/24/1979,Paraguay,Brazil,2.0,1.0,Copa America,Asunción,Paraguay,False
10/31/1979,Brazil,Paraguay,2.0,2.0,Copa America,Rio de Janeiro,Brazil,False
11/28/1979,Paraguay,Chile,3.0,0.0,Copa America,Asunción,Paraguay,False
12/5/1979,Chile,Paraguay,1.0,0.0,Copa America,Santiago,Chile,False
12/11/1979,Chile,Paraguay,0.0,0.0,Copa America,Buenos Aires,Argentina,True
8/10/1983,Ecuador,Argentina,2.0,2.0,Copa America,Quito,Ecuador,False
8/14/1983,Bolivia,Colombia,0.0,1.0,Copa America,La Paz,Bolivia,False
8/17/1983,Ecuador,Brazil,0.0,1.0,Copa America,Quito,Ecuador,False
8/17/1983,Peru,Colombia,1.0,0.0,Copa America,Lima,Peru,False
8/21/1983,Bolivia,Peru,1.0,1.0,Copa America,La Paz,Bolivia,False
8/24/1983,Argentina,Brazil,1.0,0.0,Copa America,Buenos Aires,Argentina,False
8/28/1983,Colombia,Peru,2.0,2.0,Copa America,Bogotá,Colombia,False
8/31/1983,Colombia,Bolivia,2.0,2.0,Copa America,Bogotá,Colombia,False
9/1/1983,Brazil,Ecuador,5.0,0.0,Copa America,Goiânia,Brazil,False
9/1/1983,Uruguay,Chile,2.0,1.0,Copa America,Montevideo,Uruguay,False
9/4/1983,Peru,Bolivia,2.0,1.0,Copa America,Lima,Peru,False
9/4/1983,Uruguay,Venezuela,3.0,0.0,Copa America,Montevideo,Uruguay,False
9/7/1983,Argentina,Ecuador,2.0,2.0,Copa America,Buenos Aires,Argentina,False
9/8/1983,Chile,Venezuela,5.0,0.0,Copa America,Santiago,Chile,False
9/11/1983,Chile,Uruguay,2.0,0.0,Copa America,Santiago,Chile,False
9/14/1983,Brazil,Argentina,0.0,0.0,Copa America,Rio de Janeiro,Brazil,False
9/18/1983,Venezuela,Uruguay,1.0,2.0,Copa America,Caracas,Venezuela,False
9/21/1983,Venezuela,Chile,0.0,0.0,Copa America,Caracas,Venezuela,False
10/13/1983,Paraguay,Brazil,1.0,1.0,Copa America,Asunción,Paraguay,False
10/13/1983,Peru,Uruguay,0.0,1.0,Copa America,Lima,Peru,False
10/20/1983,Brazil,Paraguay,0.0,0.0,Copa America,Uberlândia,Brazil,False
10/20/1983,Uruguay,Peru,1.0,1.0,Copa America,Montevideo,Uruguay,False
10/27/1983,Uruguay,Brazil,2.0,0.0,Copa America,Montevideo,Uruguay,False
11/4/1983,Brazil,Uruguay,1.0,1.0,Copa America,Salvador,Brazil,False
6/27/1987,Argentina,Peru,1.0,1.0,Copa America,Buenos Aires,Argentina,False
6/28/1987,Brazil,Venezuela,5.0,0.0,Copa America,Córdoba,Argentina,True
6/28/1987,Paraguay,Bolivia,0.0,0.0,Copa America,Rosario,Argentina,True
6/30/1987,Venezuela,Chile,1.0,3.0,Copa America,Córdoba,Argentina,True
7/1/1987,Bolivia,Colombia,0.0,2.0,Copa America,Rosario,Argentina,True
7/2/1987,Argentina,Ecuador,3.0,0.0,Copa America,Buenos Aires,Argentina,False
7/3/1987,Chile,Brazil,4.0,0.0,Copa America,Córdoba,Argentina,True
7/4/1987,Peru,Ecuador,1.0,1.0,Copa America,Buenos Aires,Argentina,True
7/5/1987,Colombia,Paraguay,3.0,0.0,Copa America,Rosario,Argentina,True
7/8/1987,Chile,Colombia,2.0,1.0,Copa America,Córdoba,Argentina,True
7/9/1987,Argentina,Uruguay,0.0,1.0,Copa America,Buenos Aires,Argentina,False
7/11/1987,Argentina,Colombia,1.0,2.0,Copa America,Buenos Aires,Argentina,False
7/12/1987,Chile,Uruguay,0.0,1.0,Copa America,Buenos Aires,Argentina,True
7/1/1989,Brazil,Venezuela,3.0,1.0,Copa America,Salvador,Brazil,False
7/1/1989,Paraguay,Peru,5.0,2.0,Copa America,Salvador,Brazil,True
7/2/1989,Argentina,Chile,1.0,0.0,Copa America,Goiânia,Brazil,True
7/2/1989,Uruguay,Ecuador,0.0,1.0,Copa America,Goiânia,Brazil,True
7/3/1989,Brazil,Peru,0.0,0.0,Copa America,Salvador,Brazil,False
7/3/1989,Venezuela,Colombia,2.0,4.0,Copa America,Salvador,Brazil,True
7/4/1989,Argentina,Ecuador,0.0,0.0,Copa America,Goiânia,Brazil,True
7/4/1989,Uruguay,Bolivia,3.0,0.0,Copa America,Goiânia,Brazil,True
7/5/1989,Colombia,Paraguay,0.0,1.0,Copa America,Salvador,Brazil,True
7/5/1989,Peru,Venezuela,1.0,1.0,Copa America,Salvador,Brazil,True
7/6/1989,Chile,Uruguay,0.0,3.0,Copa America,Goiânia,Brazil,True
7/6/1989,Ecuador,Bolivia,0.0,0.0,Copa America,Goiânia,Brazil,True
7/7/1989,Brazil,Colombia,0.0,0.0,Copa America,Salvador,Brazil,False
7/7/1989,Paraguay,Venezuela,3.0,0.0,Copa America,Salvador,Brazil,True
7/8/1989,Bolivia,Chile,0.0,5.0,Copa America,Goiânia,Brazil,True
7/8/1989,Uruguay,Argentina,0.0,1.0,Copa America,Goiânia,Brazil,True
7/9/1989,Brazil,Paraguay,2.0,0.0,Copa America,Recife,Brazil,False
7/9/1989,Colombia,Peru,1.0,1.0,Copa America,Recife,Brazil,True
7/10/1989,Argentina,Bolivia,0.0,0.0,Copa America,Goiânia,Brazil,True
7/10/1989,Chile,Ecuador,2.0,1.0,Copa America,Goiânia,Brazil,True
7/12/1989,Brazil,Argentina,2.0,0.0,Copa America,Rio de Janeiro,Brazil,False
7/12/1989,Paraguay,Uruguay,0.0,3.0,Copa America,Rio de Janeiro,Brazil,True
7/14/1989,Argentina,Uruguay,0.0,2.0,Copa America,Rio de Janeiro,Brazil,True
7/14/1989,Brazil,Paraguay,3.0,0.0,Copa America,Rio de Janeiro,Brazil,False
7/16/1989,Brazil,Uruguay,1.0,0.0,Copa America,Rio de Janeiro,Brazil,False
7/16/1989,Paraguay,Argentina,0.0,0.0,Copa America,Rio de Janeiro,Brazil,True
7/6/1991,Chile,Venezuela,2.0,0.0,Copa America,Santiago,Chile,False
7/6/1991,Paraguay,Peru,1.0,0.0,Copa America,Santiago,Chile,True
7/7/1991,Bolivia,Uruguay,1.0,1.0,Copa America,Valparaíso,Chile,True
7/7/1991,Colombia,Ecuador,1.0,0.0,Copa America,Valparaíso,Chile,True
7/8/1991,Argentina,Venezuela,3.0,0.0,Copa America,Santiago,Chile,True
7/8/1991,Chile,Peru,4.0,2.0,Copa America,Concepción,Chile,False
7/9/1991,Bolivia,Brazil,1.0,2.0,Copa America,Viña del Mar,Chile,True
7/9/1991,Ecuador,Uruguay,1.0,1.0,Copa America,Viña del Mar,Chile,True
7/10/1991,Chile,Argentina,0.0,1.0,Copa America,Santiago,Chile,False
7/10/1991,Paraguay,Venezuela,5.0,0.0,Copa America,Santiago,Chile,True
7/11/1991,Bolivia,Colombia,0.0,0.0,Copa America,Viña del Mar,Chile,True
7/11/1991,Brazil,Uruguay,1.0,1.0,Copa America,Viña del Mar,Chile,True
7/12/1991,Argentina,Paraguay,4.0,1.0,Copa America,Concepción,Chile,True
7/12/1991,Peru,Venezuela,5.0,1.0,Copa America,Santiago,Chile,True
7/13/1991,Bolivia,Ecuador,0.0,4.0,Copa America,Viña del Mar,Chile,True
7/13/1991,Brazil,Colombia,0.0,2.0,Copa America,Viña del Mar,Chile,True
7/14/1991,Argentina,Peru,3.0,2.0,Copa America,Santiago,Chile,True
7/14/1991,Chile,Paraguay,4.0,0.0,Copa America,Santiago,Chile,False
7/15/1991,Brazil,Ecuador,3.0,1.0,Copa America,Viña del Mar,Chile,True
7/15/1991,Colombia,Uruguay,0.0,1.0,Copa America,Viña del Mar,Chile,True
7/17/1991,Argentina,Brazil,3.0,2.0,Copa America,Santiago,Chile,True
7/17/1991,Chile,Colombia,1.0,1.0,Copa America,Santiago,Chile,False
7/19/1991,Brazil,Colombia,2.0,0.0,Copa America,Santiago,Chile,True
7/19/1991,Chile,Argentina,0.0,0.0,Copa America,Santiago,Chile,False
7/21/1991,Argentina,Colombia,2.0,1.0,Copa America,Santiago,Chile,True
7/21/1991,Chile,Brazil,0.0,2.0,Copa America,Santiago,Chile,False
6/15/1993,Ecuador,Venezuela,6.0,1.0,Copa America,Quito,Ecuador,False
6/16/1993,Colombia,Mexico,2.0,1.0,Copa America,Machala,Ecuador,True
6/16/1993,Uruguay,United States,1.0,0.0,Copa America,Ambato,Ecuador,True
6/17/1993,Argentina,Bolivia,1.0,0.0,Copa America,Guayaquil,Ecuador,True
6/18/1993,Brazil,Peru,0.0,0.0,Copa America,Cuenca,Ecuador,True
6/18/1993,Paraguay,Chile,1.0,0.0,Copa America,Cuenca,Ecuador,True
6/19/1993,Ecuador,United States,2.0,0.0,Copa America,Quito,Ecuador,False
6/19/1993,Uruguay,Venezuela,2.0,2.0,Copa America,Ambato,Ecuador,True
6/20/1993,Argentina,Mexico,1.0,1.0,Copa America,Guayaquil,Ecuador,True
6/20/1993,Colombia,Bolivia,1.0,1.0,Copa America,Machala,Ecuador,True
6/21/1993,Brazil,Chile,2.0,3.0,Copa America,Cuenca,Ecuador,True
6/21/1993,Paraguay,Peru,1.0,1.0,Copa America,Cuenca,Ecuador,True
6/22/1993,Ecuador,Uruguay,2.0,1.0,Copa America,Quito,Ecuador,False
6/22/1993,United States,Venezuela,3.0,3.0,Copa America,Quito,Ecuador,True
6/23/1993,Argentina,Colombia,1.0,1.0,Copa America,Guayaquil,Ecuador,True
6/23/1993,Mexico,Bolivia,0.0,0.0,Copa America,Portoviejo,Ecuador,True
6/24/1993,Brazil,Paraguay,3.0,0.0,Copa America,Cuenca,Ecuador,True
6/24/1993,Chile,Peru,0.0,1.0,Copa America,Cuenca,Ecuador,True
6/26/1993,Colombia,Uruguay,1.0,1.0,Copa America,Guayaquil,Ecuador,True
6/26/1993,Ecuador,Paraguay,3.0,0.0,Copa America,Quito,Ecuador,False
6/27/1993,Brazil,Argentina,1.0,1.0,Copa America,Guayaquil,Ecuador,True
6/27/1993,Peru,Mexico,2.0,4.0,Copa America,Quito,Ecuador,True
6/30/1993,Ecuador,Mexico,0.0,2.0,Copa America,Quito,Ecuador,False
7/1/1993,Colombia,Argentina,0.0,0.0,Copa America,Guayaquil,Ecuador,True
7/3/1993,Ecuador,Colombia,0.0,1.0,Copa America,Portoviejo,Ecuador,False
7/4/1993,Argentina,Mexico,2.0,1.0,Copa America,Guayaquil,Ecuador,True
7/5/1995,Uruguay,Venezuela,4.0,1.0,Copa America,Montevideo,Uruguay,False
7/6/1995,Mexico,Paraguay,1.0,2.0,Copa America,Maldonado,Uruguay,True
7/7/1995,Brazil,Ecuador,1.0,0.0,Copa America,Rivera,Uruguay,True
7/7/1995,Colombia,Peru,1.0,1.0,Copa America,Rivera,Uruguay,True
7/8/1995,Argentina,Bolivia,2.0,1.0,Copa America,Paysandú,Uruguay,True
7/8/1995,United States,Chile,2.0,1.0,Copa America,Paysandú,Uruguay,True
7/9/1995,Mexico,Venezuela,3.0,1.0,Copa America,Maldonado,Uruguay,True
7/9/1995,Uruguay,Paraguay,1.0,0.0,Copa America,Montevideo,Uruguay,False
7/10/1995,Brazil,Peru,2.0,0.0,Copa America,Rivera,Uruguay,True
7/10/1995,Colombia,Ecuador,1.0,0.0,Copa America,Rivera,Uruguay,True
7/11/1995,Argentina,Chile,4.0,0.0,Copa America,Paysandú,Uruguay,True
7/11/1995,United States,Bolivia,0.0,1.0,Copa America,Paysandú,Uruguay,True
7/12/1995,Paraguay,Venezuela,3.0,2.0,Copa America,Maldonado,Uruguay,True
7/13/1995,Brazil,Colombia,3.0,0.0,Copa America,Rivera,Uruguay,True
7/13/1995,Peru,Ecuador,1.0,2.0,Copa America,Rivera,Uruguay,True
7/13/1995,Uruguay,Mexico,1.0,1.0,Copa America,Montevideo,Uruguay,False
7/14/1995,Argentina,United States,0.0,3.0,Copa America,Paysandú,Uruguay,True
7/14/1995,Chile,Bolivia,2.0,2.0,Copa America,Paysandú,Uruguay,True
7/16/1995,Paraguay,Colombia,1.0,1.0,Copa America,Montevideo,Uruguay,True
7/16/1995,Uruguay,Bolivia,2.0,1.0,Copa America,Montevideo,Uruguay,False
7/17/1995,Brazil,Argentina,2.0,2.0,Copa America,Rivera,Uruguay,True
7/17/1995,United States,Mexico,0.0,0.0,Copa America,Paysandú,Uruguay,True
7/19/1995,Uruguay,Colombia,2.0,0.0,Copa America,Montevideo,Uruguay,False
7/20/1995,United States,Brazil,0.0,1.0,Copa America,Maldonado,Uruguay,True
7/22/1995,Colombia,United States,4.0,1.0,Copa America,Maldonado,Uruguay,True
7/23/1995,Uruguay,Brazil,1.0,1.0,Copa America,Montevideo,Uruguay,False
6/11/1997,Argentina,Ecuador,0.0,0.0,Copa America,Cochabamba,Bolivia,True
6/11/1997,Chile,Paraguay,0.0,1.0,Copa America,Cochabamba,Bolivia,True
6/12/1997,Bolivia,Venezuela,1.0,0.0,Copa America,La Paz,Bolivia,False
6/12/1997,Peru,Uruguay,1.0,0.0,Copa America,Sucre,Bolivia,True
6/13/1997,Brazil,Costa Rica,5.0,0.0,Copa America,Santa Cruz,Bolivia,True
6/13/1997,Mexico,Colombia,2.0,1.0,Copa America,Santa Cruz,Bolivia,True
6/14/1997,Argentina,Chile,2.0,0.0,Copa America,Cochabamba,Bolivia,True
6/14/1997,Paraguay,Ecuador,0.0,2.0,Copa America,Cochabamba,Bolivia,True
6/15/1997,Bolivia,Peru,2.0,0.0,Copa America,La Paz,Bolivia,False
6/15/1997,Uruguay,Venezuela,2.0,0.0,Copa America,Sucre,Bolivia,True
6/16/1997,Brazil,Mexico,3.0,2.0,Copa America,Santa Cruz,Bolivia,True
6/16/1997,Colombia,Costa Rica,4.0,1.0,Copa America,Santa Cruz,Bolivia,True
6/17/1997,Argentina,Paraguay,1.0,1.0,Copa America,Cochabamba,Bolivia,True
6/17/1997,Chile,Ecuador,1.0,2.0,Copa America,Cochabamba,Bolivia,True
6/18/1997,Bolivia,Uruguay,1.0,0.0,Copa America,La Paz,Bolivia,False
6/18/1997,Peru,Venezuela,2.0,0.0,Copa America,Sucre,Bolivia,True
6/19/1997,Brazil,Colombia,2.0,0.0,Copa America,Santa Cruz,Bolivia,True
6/19/1997,Mexico,Costa Rica,1.0,1.0,Copa America,Santa Cruz,Bolivia,True
6/21/1997,Bolivia,Colombia,2.0,1.0,Copa America,La Paz,Bolivia,False
6/21/1997,Peru,Argentina,2.0,1.0,Copa America,Sucre,Bolivia,True
6/22/1997,Brazil,Paraguay,2.0,0.0,Copa America,Santa Cruz,Bolivia,True
6/22/1997,Ecuador,Mexico,1.0,1.0,Copa America,Cochabamba,Bolivia,True
6/25/1997,Bolivia,Mexico,3.0,1.0,Copa America,La Paz,Bolivia,False
6/26/1997,Brazil,Peru,7.0,0.0,Copa America,Santa Cruz,Bolivia,True
6/28/1997,Mexico,Peru,1.0,0.0,Copa America,Oruro,Bolivia,True
6/29/1997,Bolivia,Brazil,1.0,3.0,Copa America,La Paz,Bolivia,False
6/29/1999,Paraguay,Bolivia,0.0,0.0,Copa America,Asunción,Paraguay,False
6/29/1999,Peru,Japan,3.0,2.0,Copa America,Asunción,Paraguay,True
6/30/1999,Brazil,Venezuela,7.0,0.0,Copa America,Ciudad del Este,Paraguay,True
6/30/1999,Chile,Mexico,0.0,1.0,Copa America,Ciudad del Este,Paraguay,True
7/1/1999,Argentina,Ecuador,3.0,1.0,Copa America,Luque,Paraguay,True
7/1/1999,Uruguay,Colombia,0.0,1.0,Copa America,Asunción,Paraguay,True
7/2/1999,Paraguay,Japan,4.0,0.0,Copa America,Asunción,Paraguay,False
7/2/1999,Peru,Bolivia,1.0,0.0,Copa America,Asunción,Paraguay,True
7/3/1999,Brazil,Mexico,2.0,1.0,Copa America,Ciudad del Este,Paraguay,True
7/3/1999,Chile,Venezuela,3.0,0.0,Copa America,Ciudad del Este,Paraguay,True
7/4/1999,Argentina,Colombia,0.0,3.0,Copa America,Luque,Paraguay,True
7/4/1999,Uruguay,Ecuador,2.0,1.0,Copa America,Luque,Paraguay,True
7/5/1999,Bolivia,Japan,1.0,1.0,Copa America,Pedro Juan Caballero,Paraguay,True
7/5/1999,Paraguay,Peru,1.0,0.0,Copa America,Pedro Juan Caballero,Paraguay,False
7/6/1999,Brazil,Chile,1.0,0.0,Copa America,Ciudad del Este,Paraguay,True
7/6/1999,Mexico,Venezuela,3.0,1.0,Copa America,Ciudad del Este,Paraguay,True
7/7/1999,Colombia,Ecuador,2.0,1.0,Copa America,Luque,Paraguay,True
7/7/1999,Uruguay,Argentina,0.0,2.0,Copa America,Luque,Paraguay,True
7/10/1999,Mexico,Peru,3.0,3.0,Copa America,Asunción,Paraguay,True
7/10/1999,Paraguay,Uruguay,1.0,1.0,Copa America,Asunción,Paraguay,False
7/11/1999,Brazil,Argentina,2.0,1.0,Copa America,Ciudad del Este,Paraguay,True
7/11/1999,Chile,Colombia,3.0,2.0,Copa America,Luque,Paraguay,True
7/13/1999,Uruguay,Chile,1.0,1.0,Copa America,Asunción,Paraguay,True
7/14/1999,Mexico,Brazil,0.0,2.0,Copa America,Ciudad del Este,Paraguay,True
7/17/1999,Chile,Mexico,1.0,2.0,Copa America,Asunción,Paraguay,True
7/18/1999,Brazil,Uruguay,3.0,0.0,Copa America,Asunción,Paraguay,True
7/11/2001,Colombia,Venezuela,2.0,0.0,Copa America,Barranquilla,Colombia,False
7/11/2001,Ecuador,Chile,1.0,4.0,Copa America,Barranquilla,Colombia,True
7/12/2001,Brazil,Mexico,0.0,1.0,Copa America,Cali,Colombia,True
7/12/2001,Peru,Paraguay,3.0,3.0,Copa America,Cali,Colombia,True
7/13/2001,Bolivia,Uruguay,0.0,1.0,Copa America,Medellín,Colombia,True
7/13/2001,Honduras,Costa Rica,0.0,1.0,Copa America,Medellín,Colombia,True
7/14/2001,Chile,Venezuela,1.0,0.0,Copa America,Barranquilla,Colombia,True
7/14/2001,Colombia,Ecuador,1.0,0.0,Copa America,Barranquilla,Colombia,False
7/15/2001,Brazil,Peru,2.0,0.0,Copa America,Cali,Colombia,True
7/15/2001,Paraguay,Mexico,0.0,0.0,Copa America,Cali,Colombia,True
7/16/2001,Honduras,Bolivia,2.0,0.0,Copa America,Medellín,Colombia,True
7/16/2001,Uruguay,Costa Rica,1.0,1.0,Copa America,Medellín,Colombia,True
7/17/2001,Colombia,Chile,2.0,0.0,Copa America,Barranquilla,Colombia,False
7/17/2001,Ecuador,Venezuela,4.0,0.0,Copa America,Barranquilla,Colombia,True
7/18/2001,Brazil,Paraguay,3.0,1.0,Copa America,Cali,Colombia,True
7/18/2001,Peru,Mexico,1.0,0.0,Copa America,Cali,Colombia,True
7/19/2001,Bolivia,Costa Rica,0.0,4.0,Copa America,Medellín,Colombia,True
7/19/2001,Honduras,Uruguay,1.0,0.0,Copa America,Medellín,Colombia,True
7/22/2001,Chile,Mexico,0.0,2.0,Copa America,Pereira,Colombia,True
7/22/2001,Uruguay,Costa Rica,2.0,1.0,Copa America,Armenia,Colombia,True
7/23/2001,Brazil,Honduras,0.0,2.0,Copa America,Manizales,Colombia,True
7/23/2001,Colombia,Peru,3.0,0.0,Copa America,Armenia,Colombia,False
7/25/2001,Mexico,Uruguay,2.0,1.0,Copa America,Pereira,Colombia,True
7/26/2001,Colombia,Honduras,2.0,0.0,Copa America,Manizales,Colombia,False
7/28/2001,Uruguay,Honduras,2.0,2.0,Copa America,Bogotá,Colombia,True
7/29/2001,Colombia,Mexico,1.0,0.0,Copa America,Bogotá,Colombia,False
7/6/2004,Peru,Bolivia,2.0,2.0,Copa America,Lima,Peru,False
7/6/2004,Venezuela,Colombia,0.0,1.0,Copa America,Lima,Peru,True
7/7/2004,Argentina,Ecuador,6.0,1.0,Copa America,Chiclayo,Peru,True
7/7/2004,Mexico,Uruguay,2.0,2.0,Copa America,Chiclayo,Peru,True
7/8/2004,Brazil,Chile,1.0,0.0,Copa America,Arequipa,Peru,True
7/8/2004,Costa Rica,Paraguay,0.0,1.0,Copa America,Arequipa,Peru,True
7/9/2004,Colombia,Bolivia,1.0,0.0,Copa America,Lima,Peru,True
7/9/2004,Peru,Venezuela,3.0,1.0,Copa America,Lima,Peru,False
7/10/2004,Argentina,Mexico,0.0,1.0,Copa America,Chiclayo,Peru,True
7/10/2004,Uruguay,Ecuador,2.0,1.0,Copa America,Chiclayo,Peru,True
7/11/2004,Brazil,Costa Rica,4.0,1.0,Copa America,Arequipa,Peru,True
7/11/2004,Paraguay,Chile,1.0,1.0,Copa America,Arequipa,Peru,True
7/12/2004,Peru,Colombia,2.0,2.0,Copa America,Trujillo,Peru,False
7/12/2004,Venezuela,Bolivia,1.0,1.0,Copa America,Trujillo,Peru,True
7/13/2004,Argentina,Uruguay,4.0,2.0,Copa America,Piura,Peru,True
7/13/2004,Mexico,Ecuador,2.0,1.0,Copa America,Piura,Peru,True
7/14/2004,Brazil,Paraguay,1.0,2.0,Copa America,Arequipa,Peru,True
7/14/2004,Costa Rica,Chile,2.0,1.0,Copa America,Tacna,Peru,True
7/17/2004,Colombia,Costa Rica,2.0,0.0,Copa America,Trujillo,Peru,True
7/17/2004,Peru,Argentina,0.0,1.0,Copa America,Chiclayo,Peru,False
7/18/2004,Mexico,Brazil,0.0,4.0,Copa America,Piura,Peru,True
7/18/2004,Paraguay,Uruguay,1.0,3.0,Copa America,Tacna,Peru,True
7/20/2004,Argentina,Colombia,3.0,0.0,Copa America,Lima,Peru,True
7/21/2004,Uruguay,Brazil,1.0,1.0,Copa America,Lima,Peru,True
7/24/2004,Colombia,Uruguay,1.0,2.0,Copa America,Cusco,Peru,True
7/25/2004,Argentina,Brazil,2.0,2.0,Copa America,Lima,Peru,True
6/26/2007,Uruguay,Peru,0.0,3.0,Copa America,Mérida,Venezuela,True
6/26/2007,Venezuela,Bolivia,2.0,2.0,Copa America,San Cristóbal,Venezuela,False
6/27/2007,Brazil,Mexico,0.0,2.0,Copa America,Puerto Ordaz,Venezuela,True
6/27/2007,Ecuador,Chile,2.0,3.0,Copa America,Puerto Ordaz,Venezuela,True
6/28/2007,Argentina,United States,4.0,1.0,Copa America,Maracaibo,Venezuela,True
6/28/2007,Paraguay,Colombia,5.0,0.0,Copa America,Barinas,Venezuela,True
6/30/2007,Bolivia,Uruguay,0.0,1.0,Copa America,San Cristóbal,Venezuela,True
6/30/2007,Venezuela,Peru,2.0,0.0,Copa America,San Cristóbal,Venezuela,False
7/1/2007,Brazil,Chile,3.0,0.0,Copa America,Maturín,Venezuela,True
7/1/2007,Mexico,Ecuador,2.0,1.0,Copa America,Maturín,Venezuela,True
7/2/2007,Argentina,Colombia,4.0,2.0,Copa America,Maracaibo,Venezuela,True
7/2/2007,United States,Paraguay,1.0,3.0,Copa America,Barinas,Venezuela,True
7/3/2007,Peru,Bolivia,2.0,2.0,Copa America,Mérida,Venezuela,True
7/3/2007,Venezuela,Uruguay,0.0,0.0,Copa America,Mérida,Venezuela,False
7/4/2007,Brazil,Ecuador,1.0,0.0,Copa America,Puerto la Cruz,Venezuela,True
7/4/2007,Mexico,Chile,0.0,0.0,Copa America,Puerto la Cruz,Venezuela,True
7/5/2007,Argentina,Paraguay,1.0,0.0,Copa America,Barquisimeto,Venezuela,True
7/5/2007,Colombia,United States,1.0,0.0,Copa America,Barquisimeto,Venezuela,True
7/7/2007,Chile,Brazil,1.0,6.0,Copa America,Puerto la Cruz,Venezuela,True
7/7/2007,Venezuela,Uruguay,1.0,4.0,Copa America,San Cristóbal,Venezuela,False
7/8/2007,Argentina,Peru,4.0,0.0,Copa America,Barquisimeto,Venezuela,True
7/8/2007,Mexico,Paraguay,6.0,0.0,Copa America,Maturín,Venezuela,True
7/10/2007,Uruguay,Brazil,2.0,2.0,Copa America,Maracaibo,Venezuela,True
7/11/2007,Mexico,Argentina,0.0,3.0,Copa America,Puerto Ordaz,Venezuela,True
7/14/2007,Mexico,Uruguay,3.0,1.0,Copa America,Caracas,Venezuela,True
7/15/2007,Brazil,Argentina,3.0,0.0,Copa America,Maracaibo,Venezuela,True
7/1/2011,Argentina,Bolivia,1.0,1.0,Copa America,La Plata,Argentina,False
7/2/2011,Colombia,Costa Rica,1.0,0.0,Copa America,San Salvador de Jujuy,Argentina,True
7/3/2011,Brazil,Venezuela,0.0,0.0,Copa America,La Plata,Argentina,True
7/3/2011,Paraguay,Ecuador,0.0,0.0,Copa America,Santa Fe,Argentina,True
7/4/2011,Chile,Mexico,2.0,1.0,Copa America,San Juan,Argentina,True
7/4/2011,Uruguay,Peru,1.0,1.0,Copa America,San Juan,Argentina,True
7/6/2011,Argentina,Colombia,0.0,0.0,Copa America,Santa Fe,Argentina,False
7/7/2011,Bolivia,Costa Rica,0.0,2.0,Copa America,San Salvador de Jujuy,Argentina,True
7/8/2011,Peru,Mexico,1.0,0.0,Copa America,Mendoza,Argentina,True
7/8/2011,Uruguay,Chile,1.0,1.0,Copa America,Mendoza,Argentina,True
7/9/2011,Brazil,Paraguay,2.0,2.0,Copa America,Córdoba,Argentina,True
7/9/2011,Venezuela,Ecuador,1.0,0.0,Copa America,Salta,Argentina,True
7/10/2011,Colombia,Bolivia,2.0,0.0,Copa America,Santa Fe,Argentina,True
7/11/2011,Argentina,Costa Rica,3.0,0.0,Copa America,Córdoba,Argentina,False
7/12/2011,Chile,Peru,1.0,0.0,Copa America,Mendoza,Argentina,True
7/12/2011,Uruguay,Mexico,1.0,0.0,Copa America,La Plata,Argentina,True
7/13/2011,Brazil,Ecuador,4.0,2.0,Copa America,Córdoba,Argentina,True
7/13/2011,Paraguay,Venezuela,3.0,3.0,Copa America,Salta,Argentina,True
7/16/2011,Argentina,Uruguay,1.0,1.0,Copa America,Santa Fe,Argentina,False
7/16/2011,Colombia,Peru,0.0,2.0,Copa America,Córdoba,Argentina,True
7/17/2011,Brazil,Paraguay,0.0,0.0,Copa America,La Plata,Argentina,True
7/17/2011,Chile,Venezuela,1.0,2.0,Copa America,San Juan,Argentina,True
7/19/2011,Peru,Uruguay,0.0,2.0,Copa America,La Plata,Argentina,True
7/20/2011,Paraguay,Venezuela,0.0,0.0,Copa America,Mendoza,Argentina,True
7/23/2011,Peru,Venezuela,4.0,1.0,Copa America,La Plata,Argentina,True
7/24/2011,Uruguay,Paraguay,3.0,0.0,Copa America,Buenos Aires,Argentina,True
6/11/2015,Chile,Ecuador,2.0,0.0,Copa America,Santiago,Chile,False
6/12/2015,Mexico,Bolivia,0.0,0.0,Copa America,Viña del Mar,Chile,True
6/13/2015,Argentina,Paraguay,2.0,2.0,Copa America,La Serena,Chile,True
6/13/2015,Uruguay,Jamaica,1.0,0.0,Copa America,Antofagasta,Chile,True
6/14/2015,Brazil,Peru,2.0,1.0,Copa America,Temuco,Chile,True
6/14/2015,Colombia,Venezuela,0.0,1.0,Copa America,Rancagua,Chile,True
6/15/2015,Chile,Mexico,3.0,3.0,Copa America,Santiago,Chile,False
6/15/2015,Ecuador,Bolivia,2.0,3.0,Copa America,Valparaíso,Chile,True
6/16/2015,Argentina,Uruguay,1.0,0.0,Copa America,La Serena,Chile,True
6/16/2015,Paraguay,Jamaica,1.0,0.0,Copa America,Antofagasta,Chile,True
6/17/2015,Brazil,Colombia,0.0,1.0,Copa America,Santiago,Chile,True
6/18/2015,Peru,Venezuela,1.0,0.0,Copa America,Valparaíso,Chile,True
6/19/2015,Chile,Bolivia,5.0,0.0,Copa America,Santiago,Chile,False
6/19/2015,Mexico,Ecuador,1.0,2.0,Copa America,Rancagua,Chile,True
6/20/2015,Argentina,Jamaica,1.0,0.0,Copa America,Viña del Mar,Chile,True
6/20/2015,Uruguay,Paraguay,1.0,1.0,Copa America,La Serena,Chile,True
6/21/2015,Brazil,Venezuela,2.0,1.0,Copa America,Santiago,Chile,True
6/21/2015,Colombia,Peru,0.0,0.0,Copa America,Temuco,Chile,True
6/24/2015,Chile,Uruguay,1.0,0.0,Copa America,Santiago,Chile,False
6/25/2015,Bolivia,Peru,1.0,3.0,Copa America,Temuco,Chile,True
6/26/2015,Argentina,Colombia,0.0,0.0,Copa America,Viña del Mar,Chile,True
6/27/2015,Brazil,Paraguay,1.0,1.0,Copa America,Concepción,Chile,True
6/29/2015,Chile,Peru,2.0,1.0,Copa America,Santiago,Chile,False
6/30/2015,Argentina,Paraguay,6.0,1.0,Copa America,Concepción,Chile,True
7/3/2015,Peru,Paraguay,2.0,0.0,Copa America,Concepción,Chile,True
7/4/2015,Chile,Argentina,0.0,0.0,Copa America,Santiago,Chile,False
6/3/2016,United States,Colombia,0.0,2.0,Copa America,Santa Clara,United States,False
6/4/2016,Brazil,Ecuador,0.0,0.0,Copa America,Pasadena,United States,True
6/4/2016,Costa Rica,Paraguay,0.0,0.0,Copa America,Orlando,United States,True
6/4/2016,Haiti,Peru,0.0,1.0,Copa America,Seattle,United States,True
6/5/2016,Jamaica,Venezuela,0.0,1.0,Copa America,Chicago,United States,True
6/5/2016,Mexico,Uruguay,3.0,1.0,Copa America,Glendale,United States,True
6/6/2016,Argentina,Chile,2.0,1.0,Copa America,Santa Clara,United States,True
6/6/2016,Panama,Bolivia,2.0,1.0,Copa America,Orlando,United States,True
6/7/2016,Colombia,Paraguay,2.0,1.0,Copa America,Pasadena,United States,True
6/7/2016,United States,Costa Rica,4.0,0.0,Copa America,Chicago,United States,False
6/8/2016,Brazil,Haiti,7.0,1.0,Copa America,Orlando,United States,True
6/8/2016,Ecuador,Peru,2.0,2.0,Copa America,Glendale,United States,True
6/9/2016,Mexico,Jamaica,2.0,0.0,Copa America,Pasadena,United States,True
6/9/2016,Uruguay,Venezuela,0.0,1.0,Copa America,Philadelphia,United States,True
6/10/2016,Argentina,Panama,5.0,0.0,Copa America,Chicago,United States,True
6/10/2016,Chile,Bolivia,2.0,1.0,Copa America,Foxborough,United States,True
6/11/2016,Colombia,Costa Rica,2.0,3.0,Copa America,Houston,United States,True
6/11/2016,United States,Paraguay,1.0,0.0,Copa America,Philadelphia,United States,False
6/12/2016,Brazil,Peru,0.0,1.0,Copa America,Foxborough,United States,True
6/12/2016,Ecuador,Haiti,4.0,0.0,Copa America,East Rutherford,United States,True
6/13/2016,Mexico,Venezuela,1.0,1.0,Copa America,Houston,United States,True
6/13/2016,Uruguay,Jamaica,3.0,0.0,Copa America,Santa Clara,United States,True
6/14/2016,Argentina,Bolivia,3.0,0.0,Copa America,Seattle,United States,True
6/14/2016,Chile,Panama,4.0,2.0,Copa America,Philadelphia,United States,True
6/16/2016,United States,Ecuador,2.0,1.0,Copa America,Seattle,United States,False
6/17/2016,Peru,Colombia,0.0,0.0,Copa America,East Rutherford,United States,True
6/18/2016,Argentina,Venezuela,4.0,1.0,Copa America,Foxborough,United States,True
6/18/2016,Mexico,Chile,0.0,7.0,Copa America,Santa Clara,United States,True
6/21/2016,United States,Argentina,0.0,4.0,Copa America,Houston,United States,False
6/22/2016,Colombia,Chile,0.0,2.0,Copa America,Chicago,United States,True
6/25/2016,United States,Colombia,0.0,1.0,Copa America,Glendale,United States,False
6/26/2016,Argentina,Chile,0.0,0.0,Copa America,East Rutherford,United States,True
6/14/2019,Brazil,Bolivia,3.0,0.0,Copa America,São Paulo,Brazil,False
6/15/2019,Venezuela,Peru,0.0,0.0,Copa America,Porto Alegre,Brazil,True
6/15/2019,Argentina,Colombia,0.0,2.0,Copa America,Salvador,Brazil,True
6/16/2019,Paraguay,Qatar,2.0,2.0,Copa America,Rio de Janeiro,Brazil,True
6/16/2019,Uruguay,Ecuador,4.0,0.0,Copa America,Belo Horizonte,Brazil,True
6/17/2019,Japan,Chile,0.0,4.0,Copa America,São Paulo,Brazil,True
6/18/2019,Bolivia,Peru,1.0,3.0,Copa America,Rio de Janeiro,Brazil,True
6/18/2019,Brazil,Venezuela,0.0,0.0,Copa America,Salvador,Brazil,False
6/19/2019,Colombia,Qatar,1.0,0.0,Copa America,São Paulo,Brazil,True
6/19/2019,Argentina,Paraguay,1.0,1.0,Copa America,Belo Horizonte,Brazil,True
6/20/2019,Uruguay,Japan,2.0,2.0,Copa America,Porto Alegre,Brazil,True
6/21/2019,Ecuador,Chile,1.0,2.0,Copa America,Salvador,Brazil,True
6/22/2019,Bolivia,Venezuela,1.0,3.0,Copa America,Belo Horizonte,Brazil,True
6/22/2019,Peru,Brazil,0.0,5.0,Copa America,São Paulo,Brazil,True
6/23/2019,Colombia,Paraguay,1.0,0.0,Copa America,Salvador,Brazil,True
6/23/2019,Qatar,Argentina,0.0,2.0,Copa America,Porto Alegre,Brazil,True
6/24/2019,Chile,Uruguay,0.0,1.0,Copa America,Rio de Janeiro,Brazil,True
6/24/2019,Ecuador,Japan,1.0,1.0,Copa America,Belo Horizonte,Brazil,True
6/27/2019,Brazil,Paraguay,0.0,0.0,Copa America,Porto Alegre,Brazil,False
6/28/2019,Colombia,Chile,0.0,0.0,Copa America,São Paulo,Brazil,True
6/28/2019,Venezuela,Argentina,0.0,2.0,Copa America,Rio de Janeiro,Brazil,True
6/29/2019,Uruguay,Peru,0.0,0.0,Copa America,Salvador,Brazil,True
7/2/2019,Brazil,Argentina,2.0,0.0,Copa America,Belo Horizonte,Brazil,False
7/3/2019,Chile,Peru,0.0,3.0,Copa America,Porto Alegre,Brazil,True
7/6/2019,Argentina,Chile,2.0,1.0,Copa America,São Paulo,Brazil,True
7/7/2019,Brazil,Peru,3.0,1.0,Copa America,Rio de Janeiro,Brazil,False
6/13/2021,Brazil,Venezuela,3.0,0.0,Copa America,Brasilia,Brazil,False
6/13/2021,Colombia,Ecuador,1.0,0.0,Copa America,Cuiaba,Brazil,True
6/14/2021,Argentina,Chile,1.0,1.0,Copa America,Rio de Janeiro,Brazil,True
6/14/2021,Paraguay,Bolivia,3.0,1.0,Copa America,Goiânia,Brazil,True
6/17/2021,Colombia,Venezuela,,,Copa America,Goiânia,Brazil,True
6/17/2021,Brazil,Peru,,,Copa America,Rio de Janeiro,Brazil,False
6/18/2021,Chile,Bolivia,,,Copa America,Cuiaba,Brazil,True
6/18/2021,Argentina,Uruguay,,,Copa America,Brasilia,Brazil,True
6/20/2021,Venezuela,Ecuador,,,Copa America,Rio de Janeiro,Brazil,True
6/20/2021,Colombia,Peru,,,Copa America,Goiânia,Brazil,True
6/21/2021,Uruguay,Chile,,,Copa America,Cuiaba,Brazil,True
6/21/2021,Argentina,Paraguay,,,Copa America,Brasilia,Brazil,True
6/23/2021,Ecuador,Peru,,,Copa America,Goiânia,Brazil,True
6/23/2021,Brazil,Colombia,,,Copa America,Rio de Janeiro,Brazil,False
6/24/2021,Bolivia,Uruguay,,,Copa America,Cuiaba,Brazil,True
6/24/2021,Chile,Paraguay,,,Copa America,Brasilia,Brazil,True
6/27/2021,Brazil,Ecuador,,,Copa America,Goiânia,Brazil,False
6/27/2021,Venezuela,Peru,,,Copa America,Brasilia,Brazil,True
6/28/2021,Argentina,Bolivia,,,Copa America,Cuiaba,Brazil,True
6/28/2021,Uruguay,Paraguay,,,Copa America,Rio de Janeiro,Brazil,True
