,,,,,Playing Time,,,Performance,,,,,,,Per 90 Minutes,,,,,
Country,Player,Pos,Age,MP,Starts,Min,90s,Gls,Ast,G-PK,PK,PKatt,CrdY,CrdR,Gls,Ast,G+A,G-PK,G+A-PK,Matches
Argentina,Rodrigo De Paul,MF,27,16,16,"1,272",14.1,1,3,1,0,0,2,0,0.07,0.21,0.28,0.07,0.28,Matches
Argentina,Nicolás Otamendi,DF,33,15,15,"1,331",14.8,0,0,0,0,0,5,0,0,0,0,0,0,Matches
Argentina,Lionel Messi,"FW,MF",34,15,14,"1,275",14.2,7,0,5,2,2,0,0,0.49,0,0.49,0.35,0.35,Matches
Argentina,Leandro Paredes,MF,27,14,14,"1,133",12.6,1,2,1,0,0,4,0,0.08,0.16,0.24,0.08,0.24,Matches
Argentina,Lautaro Martínez,FW,24,14,14,"1,049",11.7,7,3,7,0,0,0,0,0.6,0.26,0.86,0.6,0.86,Matches
Argentina,Emiliano Martínez,GK,29,10,10,849,9.4,0,0,0,0,0,0,0,0,0,0,0,0,Matches
Argentina,Nahuel Molina,DF,23,10,9,820,9.1,0,1,0,0,0,0,0,0,0.11,0.11,0,0.11,Matches
Argentina,Giovani Lo Celso,MF,25,11,9,779,8.7,0,5,0,0,0,1,0,0,0.58,0.58,0,0.58,Matches
Argentina,Marcos Acuña,"DF,MF",30,10,9,772,8.6,0,0,0,0,0,2,0,0,0,0,0,0,Matches
Argentina,Ángel Di María,"MF,FW",33,13,9,708,7.9,3,1,3,0,0,0,0,0.38,0.13,0.51,0.38,0.51,Matches
Argentina,Nicolás Tagliafico,DF,29,9,8,754,8.4,0,0,0,0,0,3,0,0,0,0,0,0,Matches
Argentina,Gonzalo Montiel,DF,25,7,7,610,6.8,0,0,0,0,0,2,0,0,0,0,0,0,Matches
Argentina,Nicolás González,"MF,FW",23,11,7,607,6.7,3,1,3,0,0,0,0,0.44,0.15,0.59,0.44,0.59,Matches
Argentina,Cristian Romero,DF,23,7,7,565,6.3,1,0,1,0,0,3,0,0.16,0,0.16,0.16,0.16,Matches
Argentina,Lucas Martínez Quarta,DF,25,8,6,515,5.7,0,0,0,0,0,1,0,0,0,0,0,0,Matches
Argentina,Franco Armani,GK,35,5,5,450,5,0,0,0,0,0,0,0,0,0,0,0,0,Matches
Argentina,Lucas Ocampos,"MF,FW",27,7,5,349,3.9,0,0,0,0,0,1,0,0,0,0,0,0,Matches
Argentina,Germán Pezzella,DF,30,6,4,425,4.7,0,0,0,0,0,2,0,0,0,0,0,0,Matches
Argentina,Guido Rodríguez,MF,27,8,3,339,3.8,0,0,0,0,0,0,0,0,0,0,0,0,Matches
Argentina,Papu Gómez,MF,33,7,3,308,3.4,0,0,0,0,0,0,0,0,0,0,0,0,Matches
Argentina,Joaquín Correa,"MF,FW",27,10,2,395,4.4,2,0,2,0,0,0,0,0.46,0,0.46,0.46,0.46,Matches
Argentina,Lisandro Martínez,DF,24,4,2,270,3,0,0,0,0,0,0,0,0,0,0,0,0,Matches
Argentina,Exequiel Palacios,MF,23,10,2,248,2.8,0,0,0,0,0,1,0,0,0,0,0,0,Matches
Argentina,Alexis Mac Allister,MF,23,2,2,127,1.4,0,0,0,0,0,1,0,0,0,0,0,0,Matches
Argentina,Julián Álvarez,FW,22,6,1,160,1.8,1,0,1,0,0,0,0,0.56,0,0.56,0.56,0.56,Matches
Argentina,Juan Foyth,DF,24,4,1,126,1.4,0,0,0,0,0,0,0,0,0,0,0,0,Matches
Argentina,Juan Musso,GK,27,1,1,90,1,0,0,0,0,0,0,0,0,0,0,0,0,Matches
Argentina,Gerónimo Rulli,GK,29,1,1,90,1,0,0,0,0,0,0,0,0,0,0,0,0,Matches
Argentina,Paulo Dybala,MF,28,3,1,78,0.9,0,1,0,0,0,1,0,0,1.15,1.15,0,1.15,Matches
Argentina,Ángel Correa,"FW,MF",26,6,0,136,1.5,1,0,1,0,0,0,0,0.66,0,0.66,0.66,0.66,Matches
Argentina,Agustín Marchesín,GK,33,1,0,51,0.6,0,0,0,0,0,0,0,0,0,0,0,0,Matches
Argentina,Nicolás Domínguez,MF,23,4,0,42,0.5,0,0,0,0,0,1,0,0,0,0,0,0,Matches
Argentina,Maximiliano Meza,"FW,MF",29,1,0,33,0.4,0,0,0,0,0,0,0,0,0,0,0,0,Matches
Argentina,Eduardo Salvio,"FW,MF",31,1,0,25,0.3,0,0,0,0,0,0,0,0,0,0,0,0,Matches
Argentina,Lucas Alario,FW,29,2,0,23,0.3,0,0,0,0,0,0,0,0,0,0,0,0,Matches
Argentina,Facundo Medina,DF,22,2,0,12,0.1,0,0,0,0,0,0,0,0,0,0,0,0,Matches
Argentina,Emi Buendía,"FW,MF",25,1,0,11,0.1,0,0,0,0,0,0,0,0,0,0,0,0,Matches
Argentina,Lucas Boyé,FW,25,1,0,3,0,0,0,0,0,0,0,0,0,0,0,0,0,Matches
Argentina,Squad Total,,28.5,17,187,"1,620",18,27,17,25,2,2,30,0,1.5,0.94,2.44,1.39,2.33,
Argentina,Opponent Total,,28.6,17,187,"1,620",18,8,3,5,3,5,47,1,0.44,0.17,0.61,0.28,0.44,
Australia,Martin Boyle,MF,28,1,1,120,1.3,0,0,0,0,0,0,0,0,0,0,0,0,Matches
Australia,Ajdin Hrustic,MF,25,1,1,120,1.3,0,0,0,0,0,0,0,0,0,0,0,0,Matches
Australia,Jackson Irvine,MF,28,1,1,120,1.3,0,0,0,0,0,0,0,0,0,0,0,0,Matches
Australia,Aaron Mooy,MF,31,1,1,120,1.3,0,0,0,0,0,0,0,0,0,0,0,0,Matches
Australia,Kye Rowles,DF,23,1,1,120,1.3,0,0,0,0,0,0,0,0,0,0,0,0,Matches
Australia,Bailey Wright,DF,29,1,1,120,1.3,0,0,0,0,0,0,0,0,0,0,0,0,Matches
Australia,Aziz Behich,DF,31,1,1,119,1.3,0,0,0,0,0,0,0,0,0,0,0,0,Matches
Australia,Mathew Ryan,GK,29,1,1,119,1.3,0,0,0,0,0,0,0,0,0,0,0,0,Matches
Australia,Nathaniel Atkinson,DF,22,1,1,90,1,0,0,0,0,0,1,0,0,0,0,0,0,Matches
Australia,Mathew Leckie,MF,30,1,1,85,0.9,0,0,0,0,0,0,0,0,0,0,0,0,Matches
Australia,Mitchell Duke,FW,31,1,1,68,0.8,0,0,0,0,0,0,0,0,0,0,0,0,Matches
Australia,Awer Mabil,"FW,MF",26,1,0,52,0.6,0,0,0,0,0,0,0,0,0,0,0,0,Matches
Australia,Jamie Maclaren,FW,28,1,0,35,0.4,0,0,0,0,0,0,0,0,0,0,0,0,Matches
Australia,Fran Karačić,DF,25,1,0,30,0.3,0,0,0,0,0,0,0,0,0,0,0,0,Matches
Australia,Craig Goodwin,"DF,FW",30,1,0,1,0,0,0,0,0,0,0,0,0,0,0,0,0,Matches
Australia,Andrew Redmayne,GK,33,1,0,1,0,0,0,0,0,0,0,0,0,0,0,0,0,Matches
Australia,Nicholas D'Agostino,FW,23,0,0,,,,,,,,,,,,,,,Matches
Australia,Miloš Degenek,"DF,MF",27,0,0,,,,,,,,,,,,,,,Matches
Australia,Denis Genreau,MF,22,0,0,,,,,,,,,,,,,,,Matches
Australia,Riley McGree,MF,23,0,0,,,,,,,,,,,,,,,Matches
Australia,Trent Sainsbury,DF,30,0,0,,,,,,,,,,,,,,,Matches
Australia,Marco Tilio,FW,20,0,0,,,,,,,,,,,,,,,Matches
Australia,Danny Vukovic,GK,36,0,0,,,,,,,,,,,,,,,Matches
Australia,Squad Total,,28.3,1,11,120,1.3,0,0,0,0,0,1,0,0,0,0,0,0,
Australia,Opponent Total,,29.9,1,11,120,1.3,0,0,0,0,0,1,0,0,0,0,0,0,
Belgium,Jason Denayer,DF,26,7,6,540,6,0,0,0,0,0,0,0,0,0,0,0,0,Matches
Belgium,Toby Alderweireld,DF,32,6,6,532,5.9,0,1,0,0,0,0,0,0,0.17,0.17,0,0.17,Matches
Belgium,Thibaut Courtois,GK,29,5,5,450,5,0,0,0,0,0,0,0,0,0,0,0,0,Matches
Belgium,Hans Vanaken,"MF,FW",29,5,5,440,4.9,3,4,3,0,0,0,0,0.61,0.82,1.43,0.61,1.43,Matches
Belgium,Jan Vertonghen,DF,34,6,5,429,4.8,0,0,0,0,0,2,0,0,0,0,0,0,Matches
Belgium,Timothy Castagne,"MF,DF",26,6,5,426,4.7,0,0,0,0,0,1,0,0,0,0,0,0,Matches
Belgium,Youri Tielemans,MF,24,5,4,370,4.1,0,0,0,0,0,0,0,0,0,0,0,0,Matches
Belgium,Axel Witsel,MF,33,4,4,360,4,1,0,1,0,0,1,0,0.25,0,0.25,0.25,0.25,Matches
Belgium,Kevin De Bruyne,"FW,MF",30,4,4,352,3.9,2,2,2,0,0,0,0,0.51,0.51,1.02,0.51,1.02,Matches
Belgium,Romelu Lukaku,FW,28,4,4,333,3.7,5,1,4,1,1,2,0,1.35,0.27,1.62,1.08,1.35,Matches
Belgium,Thomas Meunier,MF,30,4,4,325,3.6,0,2,0,0,0,0,0,0,0.55,0.55,0,0.55,Matches
Belgium,Dedryck Boyata,DF,31,4,3,315,3.5,0,0,0,0,0,0,0,0,0,0,0,0,Matches
Belgium,Leandro Trossard,FW,27,7,3,299,3.3,2,1,2,0,0,0,0,0.6,0.3,0.9,0.6,0.9,Matches
Belgium,Thorgan Hazard,MF,28,4,3,291,3.2,2,1,2,0,0,2,0,0.62,0.31,0.93,0.62,0.93,Matches
Belgium,Eden Hazard,FW,31,4,3,237,2.6,1,1,1,0,0,0,0,0.38,0.38,0.76,0.38,0.76,Matches
Belgium,Yannick Carrasco,MF,28,3,3,208,2.3,1,2,1,0,0,0,0,0.43,0.87,1.3,0.43,1.3,Matches
Belgium,Leander Dendoncker,MF,26,7,2,264,2.9,0,0,0,0,0,1,0,0,0,0,0,0,Matches
Belgium,Alexis Saelemaekers,MF,22,5,2,243,2.7,1,1,1,0,0,2,0,0.37,0.37,0.74,0.37,0.74,Matches
Belgium,Koen Casteels,GK,29,2,2,180,2,0,0,0,0,0,0,0,0,0,0,0,0,Matches
Belgium,Dries Mertens,FW,34,3,2,164,1.8,0,0,0,0,0,0,0,0,0,0,0,0,Matches
Belgium,Dennis Praet,MF,27,2,2,160,1.8,2,1,2,0,0,0,0,1.13,0.56,1.69,1.13,1.69,Matches
Belgium,Michy Batshuayi,FW,28,3,2,156,1.7,1,1,1,0,0,1,0,0.58,0.58,1.15,0.58,1.15,Matches
Belgium,Christian Benteke,FW,31,4,1,141,1.6,2,1,2,0,0,0,0,1.28,0.64,1.91,1.28,1.91,Matches
Belgium,Dodi Lukebakio,FW,24,3,1,93,1,0,0,0,0,0,0,0,0,0,0,0,0,Matches
Belgium,Simon Mignolet,GK,33,1,1,90,1,0,0,0,0,0,0,0,0,0,0,0,0,Matches
Belgium,Arthur Theate,DF,21,1,1,84,0.9,0,0,0,0,0,0,0,0,0,0,0,0,Matches
Belgium,Jeremy Doku,FW,19,1,1,76,0.8,1,2,1,0,0,0,0,1.18,2.37,3.55,1.18,3.55,Matches
Belgium,Charles De Ketelaere,FW,20,2,1,66,0.7,0,0,0,0,0,0,0,0,0,0,0,0,Matches
Belgium,Divock Origi,FW,26,2,1,66,0.7,0,0,0,0,0,0,0,0,0,0,0,0,Matches
Belgium,Nacer Chadli,MF,32,1,1,55,0.6,0,0,0,0,0,0,0,0,0,0,0,0,Matches
Belgium,Thomas Vermaelen,DF,36,1,1,45,0.5,0,0,0,0,0,0,0,0,0,0,0,0,Matches
Belgium,Thomas Foket,"DF,MF",27,3,0,67,0.7,1,0,1,0,0,0,0,1.34,0,1.34,1.34,1.34,Matches
Belgium,Dante Vanzeir,"FW,MF",23,1,0,32,0.4,0,0,0,0,0,0,0,0,0,0,0,0,Matches
Belgium,Albert Sambi Lokonga,MF,22,1,0,17,0.2,0,0,0,0,0,0,0,0,0,0,0,0,Matches
Belgium,Adnan Januzaj,"FW,MF",26,1,0,14,0.2,0,1,0,0,0,0,0,0,6.43,6.43,0,6.43,Matches
Belgium,Squad Total,,29.1,8,88,720,8,25,22,24,1,1,12,0,3.12,2.75,5.87,3,5.75,
Belgium,Opponent Total,,27.8,8,88,720,8,6,5,6,0,0,10,0,0.75,0.62,1.37,0.75,1.37,
Brazil,Marquinhos,DF,27,14,14,"1,181",13.1,2,0,2,0,0,3,0,0.15,0,0.15,0.15,0.15,Matches
Brazil,Danilo,DF,30,13,13,"1,128",12.5,0,1,0,0,0,0,0,0,0.08,0.08,0,0.08,Matches
Brazil,Lucas Paquetá,MF,24,14,11,955,10.6,3,1,3,0,0,3,0,0.28,0.09,0.38,0.28,0.38,Matches
Brazil,Neymar,"FW,MF",29,10,10,900,10,8,8,4,4,4,4,0,0.8,0.8,1.6,0.4,1.2,Matches
Brazil,Thiago Silva,DF,37,11,10,900,10,0,0,0,0,0,1,0,0,0,0,0,0,Matches
Brazil,Alex Sandro,DF,31,10,9,811,9,0,0,0,0,0,0,0,0,0,0,0,0,Matches
Brazil,Casemiro,MF,29,9,9,788,8.8,1,0,1,0,0,3,0,0.11,0,0.11,0.11,0.11,Matches
Brazil,Alisson,GK,29,8,8,720,8,0,0,0,0,0,1,0,0,0,0,0,0,Matches
Brazil,Éder Militão,DF,24,8,8,700,7.8,0,0,0,0,0,2,0,0,0,0,0,0,Matches
Brazil,Fred,MF,28,8,8,589,6.5,0,1,0,0,0,3,0,0,0.15,0.15,0,0.15,Matches
Brazil,Gabriel Jesus,"FW,MF",24,11,7,607,6.7,0,2,0,0,0,1,0,0,0.3,0.3,0,0.3,Matches
Brazil,Fabinho,MF,28,9,6,535,5.9,0,0,0,0,0,2,0,0,0,0,0,0,Matches
Brazil,Richarlison,"FW,MF",24,8,6,530,5.9,6,0,6,0,0,1,0,1.02,0,1.02,1.02,1.02,Matches
Brazil,Ederson,GK,28,5,5,450,5,0,0,0,0,0,0,0,0,0,0,0,0,Matches
Brazil,Gabriel Barbosa,FW,25,8,5,437,4.9,2,0,1,1,1,1,0,0.41,0,0.41,0.21,0.21,Matches
Brazil,Raphinha,"MF,FW",25,7,5,419,4.7,3,2,3,0,0,1,0,0.64,0.43,1.07,0.64,1.07,Matches
Brazil,Roberto Firmino,FW,30,6,5,405,4.5,3,1,3,0,0,0,0,0.67,0.22,0.89,0.67,0.89,Matches
Brazil,Vinicius Júnior,"MF,FW",21,7,5,404,4.5,1,0,1,0,0,2,0,0.22,0,0.22,0.22,0.22,Matches
Brazil,Philippe Coutinho,"MF,FW",29,6,5,329,3.7,3,0,2,1,1,0,0,0.82,0,0.82,0.55,0.55,Matches
Brazil,Everton Ribeiro,MF,32,9,4,396,4.4,2,0,2,0,0,0,0,0.45,0,0.45,0.45,0.45,Matches
Brazil,Wéverton,GK,34,4,4,360,4,0,0,0,0,0,0,0,0,0,0,0,0,Matches
Brazil,Douglas Luiz,MF,23,6,4,352,3.9,0,0,0,0,0,2,0,0,0,0,0,0,Matches
Brazil,Renan Lodi,DF,23,4,4,323,3.6,0,2,0,0,0,0,0,0,0.56,0.56,0,0.56,Matches
Brazil,Matheus Cunha,FW,22,6,3,290,3.2,0,0,0,0,0,0,0,0,0,0,0,0,Matches
Brazil,Antony,MF,21,9,2,321,3.6,2,1,2,0,0,1,0,0.56,0.28,0.84,0.56,0.84,Matches
Brazil,Dani Alves,DF,38,4,2,266,3,0,0,0,0,0,0,0,0,0,0,0,0,Matches
Brazil,Gerson,MF,24,4,2,230,2.6,0,0,0,0,0,1,0,0,0,0,0,0,Matches
Brazil,Alex Telles,DF,29,5,2,210,2.3,0,0,0,0,0,0,0,0,0,0,0,0,Matches
Brazil,Guilherme Arana,DF,24,3,2,186,2.1,0,0,0,0,0,0,0,0,0,0,0,0,Matches
Brazil,Lucas Veríssimo,DF,26,2,2,180,2,0,0,0,0,0,0,0,0,0,0,0,0,Matches
Brazil,Bruno Guimarães,MF,24,6,2,176,2,1,2,1,0,0,1,0,0.51,1.02,1.53,0.51,1.53,Matches
Brazil,Emerson,DF,23,3,2,123,1.4,0,0,0,0,0,2,1,0,0,0,0,0,Matches
Brazil,Everton Soares,FW,25,5,1,125,1.4,0,0,0,0,0,0,0,0,0,0,0,0,Matches
Brazil,Arthur Melo,MF,25,2,1,104,1.2,1,0,1,0,0,0,0,0.87,0,0.87,0.87,0.87,Matches
Brazil,Allan,MF,31,1,1,90,1,0,0,0,0,0,0,0,0,0,0,0,0,Matches
Brazil,Rodrigo Caio,"DF,MF",28,1,0,79,0.9,0,0,0,0,0,0,0,0,0,0,0,0,Matches
Brazil,Rodrygo,"FW,MF",21,3,0,55,0.6,1,0,1,0,0,0,0,1.64,0,1.64,1.64,1.64,Matches
Brazil,Martinelli,"FW,MF",20,2,0,53,0.6,0,0,0,0,0,0,0,0,0,0,0,0,Matches
Brazil,Felipe,DF,32,1,0,20,0.2,0,0,0,0,0,0,0,0,0,0,0,0,Matches
Brazil,Pedro,FW,24,1,0,15,0.2,0,0,0,0,0,0,0,0,0,0,0,0,Matches
Brazil,Edenílson,MF,32,2,0,10,0.1,0,0,0,0,0,0,0,0,0,0,0,0,Matches
Brazil,Hulk,"FW,MF",35,1,0,7,0.1,0,0,0,0,0,0,0,0,0,0,0,0,Matches
Brazil,Squad Total,,28.1,17,187,"1,620",18,39,21,33,6,6,35,1,2.17,1.17,3.33,1.83,3,
Brazil,Opponent Total,,28.5,17,187,"1,620",18,5,1,5,0,0,54,4,0.28,0.06,0.33,0.28,0.33,
Cameroon,Michael Ngadeu-Ngadjui,DF,31,8,8,750,8.3,2,1,2,0,0,0,0,0.24,0.12,0.36,0.24,0.36,Matches
Cameroon,Martin Hongla,MF,23,8,8,605,6.7,0,2,0,0,0,0,0,0,0.3,0.3,0,0.3,Matches
Cameroon,Karl Toko Ekambi,"FW,MF",29,8,7,565,6.3,3,0,3,0,0,0,0,0.48,0,0.48,0.48,0.48,Matches
Cameroon,Vincent Aboubakar,FW,30,8,7,441,4.9,2,0,1,1,1,1,0,0.41,0,0.41,0.2,0.2,Matches
Cameroon,Moumi Ngamaleu,"MF,FW",27,6,6,428,4.8,1,3,0,1,1,0,0,0.21,0.63,0.84,0,0.63,Matches
Cameroon,Collins Fai,"DF,MF",29,6,5,506,5.6,0,0,0,0,0,1,0,0,0,0,0,0,Matches
Cameroon,Andre-Frank Zambo Anguissa,MF,26,6,5,430,4.8,1,0,1,0,0,1,0,0.21,0,0.21,0.21,0.21,Matches
Cameroon,Nouhou Tolo,DF,24,6,5,422,4.7,0,0,0,0,0,1,0,0,0,0,0,0,Matches
Cameroon,Eric Maxim Choupo-Moting,"FW,MF",32,6,5,350,3.9,3,0,3,0,0,0,0,0.77,0,0.77,0.77,0.77,Matches
Cameroon,André Onana,GK,25,4,4,390,4.3,0,0,0,0,0,2,0,0,0,0,0,0,Matches
Cameroon,Samuel Oum Gouet,MF,24,4,4,371,4.1,0,0,0,0,0,1,0,0,0,0,0,0,Matches
Cameroon,Devis Epassy,GK,28,4,4,360,4,0,0,0,0,0,0,0,0,0,0,0,0,Matches
Cameroon,Harold Moukoudi,DF,24,4,4,360,4,0,0,0,0,0,0,0,0,0,0,0,0,Matches
Cameroon,Olivier Mbaizo,"DF,MF",24,4,3,330,3.7,0,0,0,0,0,0,0,0,0,0,0,0,Matches
Cameroon,Jean-Charles Castelletto,DF,27,2,2,210,2.3,0,0,0,0,0,0,0,0,0,0,0,0,Matches
Cameroon,Pierre Kunde,MF,26,5,2,184,2,0,1,0,0,0,0,0,0,0.49,0.49,0,0.49,Matches
Cameroon,Léandre Tawamba,FW,32,4,1,191,2.1,0,0,0,0,0,0,0,0,0,0,0,0,Matches
Cameroon,Christian Bassogog,FW,26,5,1,187,2.1,2,0,2,0,0,1,0,0.96,0,0.96,0.96,0.96,Matches
Cameroon,Jean Onana,MF,22,3,1,132,1.5,0,0,0,0,0,0,0,0,0,0,0,0,Matches
Cameroon,Gaël Ondoua,MF,26,2,1,116,1.3,0,0,0,0,0,0,0,0,0,0,0,0,Matches
Cameroon,Jean-Claude Billong,DF,28,1,1,90,1,0,0,0,0,0,0,0,0,0,0,0,0,Matches
Cameroon,Joyskim Dawa,DF,25,1,1,90,1,0,0,0,0,0,0,0,0,0,0,0,0,Matches
Cameroon,Jérôme Onguéné,DF,24,1,1,90,1,0,0,0,0,0,0,0,0,0,0,0,0,Matches
Cameroon,Duplexe Tchamba,DF,23,1,1,90,1,0,0,0,0,0,0,0,0,0,0,0,0,Matches
Cameroon,Ambroise Oyongo,DF,30,1,1,86,1,0,0,0,0,0,0,0,0,0,0,0,0,Matches
Cameroon,Stéphane Bahoken,FW,29,5,0,145,1.6,0,0,0,0,0,0,0,0,0,0,0,0,Matches
Cameroon,James Lea Siliki,"FW,MF",25,5,0,125,1.4,0,0,0,0,0,0,0,0,0,0,0,0,Matches
Cameroon,Yvan Neyou,MF,25,2,0,71,0.8,0,0,0,0,0,1,0,0,0,0,0,0,Matches
Cameroon,Ignatius Ganago,FW,22,3,0,60,0.7,0,0,0,0,0,0,0,0,0,0,0,0,Matches
Cameroon,Kévin Soni,MF,23,1,0,45,0.5,0,0,0,0,0,1,0,0,0,0,0,0,Matches
Cameroon,John Mary,FW,28,1,0,30,0.3,0,0,0,0,0,1,0,0,0,0,0,0,Matches
Cameroon,Squad Total,,27.4,8,88,750,8.3,14,7,12,2,2,11,0,1.68,0.84,2.52,1.44,2.28,
Cameroon,Opponent Total,,27.6,8,88,750,8.3,5,3,4,1,1,19,2,0.6,0.36,0.96,0.48,0.84,
Canada,Alistair Johnston,DF,23,19,15,"1,375",15.3,1,1,1,0,0,0,0,0.07,0.07,0.13,0.07,0.13,Matches
Canada,Jonathan David,"FW,MF",22,18,15,"1,332",14.8,9,3,8,1,1,0,0,0.61,0.2,0.81,0.54,0.74,Matches
Canada,Stephen Eustáquio,MF,25,17,15,"1,327",14.7,0,2,0,0,0,1,0,0,0.14,0.14,0,0.14,Matches
Canada,Milan Borjan,GK,34,14,14,"1,260",14,0,0,0,0,0,0,0,0,0,0,0,0,Matches
Canada,Richie Laryea,"MF,DF",27,16,14,"1,200",13.3,1,2,1,0,0,4,0,0.07,0.15,0.23,0.07,0.23,Matches
Canada,Tajon Buchanan,"MF,FW",22,17,12,"1,123",12.5,3,4,3,0,0,3,0,0.24,0.32,0.56,0.24,0.56,Matches
Canada,Alphonso Davies,"FW,MF",21,13,12,"1,051",11.7,4,8,3,1,1,1,0,0.34,0.69,1.03,0.26,0.94,Matches
Canada,Cyle Larin,FW,26,16,12,"1,001",11.1,13,0,12,1,1,0,0,1.17,0,1.17,1.08,1.08,Matches
Canada,Sam Adekugbe,"DF,MF",27,18,11,"1,110",12.3,1,2,1,0,0,2,0,0.08,0.16,0.24,0.08,0.24,Matches
Canada,Steven Vitória,DF,35,12,11,"1,044",11.6,0,0,0,0,0,5,0,0,0,0,0,0,Matches
Canada,Jonathan Osorio,"MF,FW",29,16,11,908,10.1,1,1,1,0,0,1,0,0.1,0.1,0.2,0.1,0.2,Matches
Canada,Mark-Anthony Kaye,MF,27,15,11,854,9.5,2,3,2,0,1,4,1,0.21,0.32,0.53,0.21,0.53,Matches
Canada,Kamal Miller,DF,24,13,10,953,10.6,0,0,0,0,0,0,0,0,0,0,0,0,Matches
Canada,Atiba Hutchinson,"MF,DF",38,11,8,761,8.5,2,0,2,0,0,1,0,0.24,0,0.24,0.24,0.24,Matches
Canada,Scott Kennedy,DF,24,8,7,592,6.6,0,0,0,0,0,0,0,0,0,0,0,0,Matches
Canada,Junior Hoilett,"MF,FW",31,13,7,591,6.6,3,1,2,1,1,1,0,0.46,0.15,0.61,0.3,0.46,Matches
Canada,Doneil Henry,DF,28,8,7,560,6.2,0,0,0,0,0,3,0,0,0,0,0,0,Matches
Canada,Maxime Crépeau,GK,27,5,5,450,5,0,0,0,0,0,0,0,0,0,0,0,0,Matches
Canada,Liam Millar,MF,22,7,5,329,3.7,0,1,0,0,0,0,0,0,0.27,0.27,0,0.27,Matches
Canada,Samuel Piette,MF,27,8,4,330,3.7,0,0,0,0,0,1,0,0,0,0,0,0,Matches
Canada,Lucas Cavallini,FW,29,10,3,319,3.5,5,0,5,0,0,2,0,1.41,0,1.41,1.41,1.41,Matches
Canada,David Wotherspoon,MF,32,8,3,310,3.4,1,3,1,0,0,0,0,0.29,0.87,1.16,0.29,1.16,Matches
Canada,Frank Sturing,DF,24,2,2,180,2,1,0,1,0,0,0,0,0.5,0,0.5,0.5,0.5,Matches
Canada,Liam Fraser,DF,23,5,1,211,2.3,0,1,0,0,0,1,0,0,0.43,0.43,0,0.43,Matches
Canada,Theo Corbeanu,MF,19,3,1,119,1.3,1,0,1,0,0,0,0,0.76,0,0.76,0.76,0.76,Matches
Canada,Derek Cornelius,"DF,FW",24,1,1,90,1,0,0,0,0,0,0,0,0,0,0,0,0,Matches
Canada,Ricardo Ferreira,DF,29,1,1,90,1,0,0,0,0,0,0,0,0,0,0,0,0,Matches
Canada,Dayne St. Clair,GK,24,1,1,90,1,0,0,0,0,0,0,0,0,0,0,0,0,Matches
Canada,Ismaël Koné,MF,19,2,1,57,0.6,0,0,0,0,0,0,0,0,0,0,0,0,Matches
Canada,Zachary Brault-Guillard,"DF,MF",23,2,0,65,0.7,1,0,1,0,0,0,0,1.38,0,1.38,1.38,1.38,Matches
Canada,Ike Ugbo,FW,23,4,0,32,0.4,0,0,0,0,0,0,0,0,0,0,0,0,Matches
Canada,Charles-Andréas Brym,FW,23,3,0,17,0.2,0,0,0,0,0,1,0,0,0,0,0,0,Matches
Canada,Jacob Shaffelburg,MF,22,2,0,12,0.1,0,0,0,0,0,0,0,0,0,0,0,0,Matches
Canada,Squad Total,,27.1,20,220,"1,800",20,49,32,45,4,5,31,1,2.45,1.6,4.05,2.25,3.85,
Canada,Opponent Total,,27.7,20,220,"1,800",20,8,6,7,1,1,45,0,0.4,0.3,0.7,0.35,0.65,
Costa Rica,Francisco Calvo,DF,29,1,1,90,1,0,0,0,0,0,0,0,0,0,0,0,0,Matches
Costa Rica,Anthony Contreras,FW,22,1,1,90,1,0,0,0,0,0,1,0,0,0,0,0,0,Matches
Costa Rica,Óscar Duarte,DF,32,1,1,90,1,0,0,0,0,0,0,0,0,0,0,0,0,Matches
Costa Rica,Keylor Navas,GK,35,1,1,90,1,0,0,0,0,0,0,0,0,0,0,0,0,Matches
Costa Rica,Bryan Oviedo,DF,31,1,1,90,1,0,0,0,0,0,0,0,0,0,0,0,0,Matches
Costa Rica,Yeltsin Tejeda,MF,29,1,1,90,1,0,0,0,0,0,0,0,0,0,0,0,0,Matches
Costa Rica,Joel Campbell,FW,29,1,1,89,1,1,0,1,0,0,0,0,1.01,0,1.01,1.01,1.01,Matches
Costa Rica,Celso Borges,MF,33,1,1,78,0.9,0,0,0,0,0,0,0,0,0,0,0,0,Matches
Costa Rica,Jewison Bennette,MF,17,1,1,45,0.5,0,1,0,0,0,0,0,0,2,2,0,2,Matches
Costa Rica,Keysher Fuller,DF,27,1,1,45,0.5,0,0,0,0,0,0,0,0,0,0,0,0,Matches
Costa Rica,Gerson Torres,MF,24,1,1,45,0.5,0,0,0,0,0,0,0,0,0,0,0,0,Matches
Costa Rica,Carlos Martínez,DF,22,1,0,45,0.5,0,0,0,0,0,0,0,0,0,0,0,0,Matches
Costa Rica,Bryan Ruiz,"FW,MF",36,1,0,45,0.5,0,0,0,0,0,1,0,0,0,0,0,0,Matches
Costa Rica,Kendall Waston,DF,34,1,0,45,0.5,0,0,0,0,0,0,0,0,0,0,0,0,Matches
Costa Rica,Daniel Chacón,DF,20,1,0,12,0.1,0,0,0,0,0,0,0,0,0,0,0,0,Matches
Costa Rica,Johan Venegas,"FW,MF",33,1,0,1,0,0,0,0,0,0,0,0,0,0,0,0,0,Matches
Costa Rica,Squad Total,,29.5,1,11,90,1,1,1,1,0,0,2,0,1,1,2,1,2,
Costa Rica,Opponent Total,,25.1,1,11,90,1,0,0,0,0,0,1,1,0,0,0,0,0,
Croatia,Marcelo Brozović,MF,29,9,9,758,8.4,1,0,1,0,0,1,0,0.12,0,0.12,0.12,0.12,Matches
Croatia,Ivan Perišić,"MF,FW",32,10,8,720,8,3,2,3,0,0,1,0,0.37,0.25,0.62,0.37,0.62,Matches
Croatia,Andrej Kramarić,"FW,MF",30,9,7,564,6.3,2,3,2,0,0,0,0,0.32,0.48,0.8,0.32,0.8,Matches
Croatia,Mario Pašalić,"MF,DF",26,10,7,544,6,3,2,3,0,0,0,0,0.5,0.33,0.83,0.5,0.83,Matches
Croatia,Josip Juranović,DF,26,7,6,569,6.3,0,0,0,0,0,0,0,0,0,0,0,0,Matches
Croatia,Nikola Vlašić,"MF,FW",24,10,6,566,6.3,1,0,1,0,0,1,0,0.16,0,0.16,0.16,0.16,Matches
Croatia,Dominik Livaković,GK,27,6,6,540,6,0,0,0,0,0,0,0,0,0,0,0,0,Matches
Croatia,Luka Modrić,MF,36,7,6,533,5.9,3,2,2,1,2,0,0,0.51,0.34,0.84,0.34,0.68,Matches
Croatia,Dejan Lovren,"DF,MF",32,6,6,526,5.8,0,0,0,0,0,0,0,0,0,0,0,0,Matches
Croatia,Mateo Kovačić,"MF,FW",27,7,6,496,5.5,0,0,0,0,0,2,0,0,0,0,0,0,Matches
Croatia,Duje Ćaleta-Car,DF,25,6,5,457,5.1,1,0,1,0,0,1,0,0.2,0,0.2,0.2,0.2,Matches
Croatia,Borna Sosa,DF,24,5,5,450,5,0,0,0,0,0,0,0,0,0,0,0,0,Matches
Croatia,Domagoj Vida,DF,32,5,5,450,5,0,0,0,0,0,2,0,0,0,0,0,0,Matches
Croatia,Joško Gvardiol,DF,20,4,4,360,4,1,0,1,0,0,0,0,0.25,0,0.25,0.25,0.25,Matches
Croatia,Borna Barišić,DF,29,5,4,349,3.9,0,1,0,0,0,2,0,0,0.26,0.26,0,0.26,Matches
Croatia,Mislav Oršić,"MF,FW",29,7,2,276,3.1,0,1,0,0,0,0,0,0,0.33,0.33,0,0.33,Matches
Croatia,Ivo Grbić,GK,26,2,2,180,2,0,0,0,0,0,1,0,0,0,0,0,0,Matches
Croatia,Ivica Ivušić,GK,26,2,2,180,2,0,0,0,0,0,1,0,0,0,0,0,0,Matches
Croatia,Josip Stanišić,DF,21,3,2,161,1.8,0,0,0,0,0,1,0,0,0,0,0,0,Matches
Croatia,Luka Ivanušec,"MF,FW",23,5,2,142,1.6,0,0,0,0,0,0,0,0,0,0,0,0,Matches
Croatia,Šime Vrsaljko,DF,30,2,2,135,1.5,0,0,0,0,0,1,0,0,0,0,0,0,Matches
Croatia,Ante Budimir,FW,30,3,2,131,1.5,0,0,0,0,0,1,0,0,0,0,0,0,Matches
Croatia,Marko Livaja,MF,28,7,1,201,2.2,2,1,2,0,0,1,0,0.9,0.45,1.34,0.9,1.34,Matches
Croatia,Josip Brekalo,MF,23,6,1,199,2.2,1,1,1,0,0,0,0,0.45,0.45,0.9,0.45,0.9,Matches
Croatia,Lovro Majer,FW,24,2,1,97,1.1,2,0,2,0,0,0,0,1.86,0,1.86,1.86,1.86,Matches
Croatia,Antonio Čolak,FW,28,2,1,59,0.7,0,0,0,0,0,0,0,0,0,0,0,0,Matches
Croatia,Dario Melnjak,DF,29,1,1,56,0.6,0,0,0,0,0,0,0,0,0,0,0,0,Matches
Croatia,Milan Badelj,MF,32,1,1,53,0.6,0,0,0,0,0,0,0,0,0,0,0,0,Matches
Croatia,Bruno Petković,FW,27,2,0,70,0.8,0,0,0,0,0,0,0,0,0,0,0,0,Matches
Croatia,Kristijan Jakić,MF,24,2,0,52,0.6,0,0,0,0,0,0,0,0,0,0,0,0,Matches
Croatia,Kristijan Lovrić,FW,26,1,0,13,0.1,0,0,0,0,0,0,0,0,0,0,0,0,Matches
Croatia,Mile Škorić,"DF,MF",30,1,0,7,0.1,0,0,0,0,0,0,0,0,0,0,0,0,Matches
Croatia,Luka Sučić,MF,19,1,0,6,0.1,0,0,0,0,0,0,0,0,0,0,0,0,Matches
Croatia,Squad Total,,28.3,10,110,900,10,20,13,19,1,2,16,0,2,1.3,3.3,1.9,3.2,
Croatia,Opponent Total,,27.6,10,110,900,10,3,2,3,0,0,17,0,0.3,0.2,0.5,0.3,0.5,
Denmark,Kasper Schmeichel,GK,35,10,10,900,10,0,0,0,0,0,2,0,0,0,0,0,0,Matches
Denmark,Andreas Christensen,"DF,MF",25,9,9,810,9,0,0,0,0,0,1,0,0,0,0,0,0,Matches
Denmark,Joakim Mæhle,"DF,MF",24,9,8,760,8.4,5,0,5,0,0,0,0,0.59,0,0.59,0.59,0.59,Matches
Denmark,Simon Kjær,DF,32,9,8,689,7.7,2,0,1,1,1,0,0,0.26,0,0.26,0.13,0.13,Matches
Denmark,Daniel Wass,"MF,DF",32,8,8,683,7.6,1,2,1,0,0,1,0,0.13,0.26,0.4,0.13,0.4,Matches
Denmark,Andreas Skov Olsen,FW,22,10,7,577,6.4,5,3,5,0,0,0,0,0.78,0.47,1.25,0.78,1.25,Matches
Denmark,Yussuf Poulsen,"FW,MF",27,8,7,520,5.8,1,1,1,0,0,0,0,0.17,0.17,0.35,0.17,0.35,Matches
Denmark,Thomas Delaney,MF,30,7,6,515,5.7,1,3,1,0,0,0,0,0.17,0.52,0.7,0.17,0.7,Matches
Denmark,Pierre Højbjerg,MF,26,7,6,508,5.6,1,2,1,0,0,1,0,0.18,0.35,0.53,0.18,0.53,Matches
Denmark,Mikkel Damsgaard,FW,21,6,5,432,4.8,2,5,2,0,0,0,0,0.42,1.04,1.46,0.42,1.46,Matches
Denmark,Christian Nørgaard,"MF,DF",27,9,4,355,3.9,1,0,1,0,0,2,0,0.25,0,0.25,0.25,0.25,Matches
Denmark,Joachim Andersen,DF,25,6,3,336,3.7,0,0,0,0,0,0,0,0,0,0,0,0,Matches
Denmark,Jannik Vestergaard,DF,29,4,3,315,3.5,0,0,0,0,0,0,0,0,0,0,0,0,Matches
Denmark,Jens Stryger Larsen,"DF,MF",30,8,3,309,3.4,1,1,1,0,0,0,0,0.29,0.29,0.58,0.29,0.58,Matches
Denmark,Jonas Wind,FW,22,5,3,261,2.9,2,1,2,0,0,1,0,0.69,0.34,1.03,0.69,1.03,Matches
Denmark,Mathias Jensen,MF,26,4,2,200,2.2,1,1,1,0,0,0,0,0.45,0.45,0.9,0.45,0.9,Matches
Denmark,Christian Eriksen,MF,29,3,2,194,2.2,0,1,0,0,0,0,0,0,0.46,0.46,0,0.46,Matches
Denmark,Martin Braithwaite,MF,30,2,2,166,1.8,1,1,1,0,0,1,0,0.54,0.54,1.08,0.54,1.08,Matches
Denmark,Jacob Bruun Larsen,FW,23,3,2,141,1.6,1,0,1,0,0,0,0,0.64,0,0.64,0.64,0.64,Matches
Denmark,Rasmus Nissen,"MF,DF",24,2,2,125,1.4,0,0,0,0,0,0,0,0,0,0,0,0,Matches
Denmark,Mohammed Daramy,FW,20,4,2,121,1.3,0,0,0,0,0,1,0,0,0,0,0,0,Matches
Denmark,Kasper Dolberg,FW,24,4,1,196,2.2,2,0,1,1,1,0,0,0.92,0,0.92,0.46,0.46,Matches
Denmark,Andreas Cornelius,FW,28,4,1,114,1.3,1,0,1,0,0,0,0,0.79,0,0.79,0.79,0.79,Matches
Denmark,Jens Jønsson,MF,29,3,1,93,1,0,0,0,0,0,0,0,0,0,0,0,0,Matches
Denmark,Nicolai Boilesen,DF,29,1,1,90,1,0,1,0,0,0,0,0,0,1,1,0,1,Matches
Denmark,Victor Nelsson,DF,23,1,1,90,1,0,0,0,0,0,0,0,0,0,0,0,0,Matches
Denmark,Lasse Schöne,MF,35,1,1,76,0.8,0,0,0,0,0,0,0,0,0,0,0,0,Matches
Denmark,Anders Christiansen,MF,31,1,1,75,0.8,0,0,0,0,0,0,0,0,0,0,0,0,Matches
Denmark,Jesper Lindstrøm,MF,21,2,1,57,0.6,0,0,0,0,0,0,0,0,0,0,0,0,Matches
Denmark,Robert Skov,"DF,FW",25,1,0,45,0.5,1,0,1,0,0,0,0,2,0,2,2,2,Matches
Denmark,Pione Sisto,"FW,MF",26,1,0,35,0.4,0,0,0,0,0,0,0,0,0,0,0,0,Matches
Denmark,Jens Stage,MF,25,1,0,35,0.4,0,0,0,0,0,0,0,0,0,0,0,0,Matches
Denmark,Anders Dreyer,"FW,MF",23,2,0,34,0.4,0,0,0,0,0,0,0,0,0,0,0,0,Matches
Denmark,Mikael Uhre,FW,27,1,0,19,0.2,0,0,0,0,0,0,0,0,0,0,0,0,Matches
Denmark,Marcus Ingvartsen,"FW,MF",26,1,0,14,0.2,1,0,1,0,0,0,0,6.43,0,6.43,6.43,6.43,Matches
Denmark,Alexander Bah,"DF,MF",24,1,0,10,0.1,0,0,0,0,0,0,0,0,0,0,0,0,Matches
Denmark,Squad Total,,28,10,110,900,10,30,22,28,2,2,10,0,3,2.2,5.2,2.8,5,
Denmark,Opponent Total,,28.9,10,110,900,10,3,4,3,0,0,18,1,0.3,0.4,0.7,0.3,0.7,
Ecuador,Pervis Estupiñán,"DF,MF",24,17,17,"1,513",16.8,2,1,2,0,0,2,0,0.12,0.06,0.18,0.12,0.18,Matches
Ecuador,Carlos Gruezo,MF,26,16,16,"1,395",15.5,1,0,0,1,1,2,0,0.06,0,0.06,0,0,Matches
Ecuador,Moisés Caicedo,MF,20,15,15,"1,305",14.5,2,4,2,0,0,5,0,0.14,0.28,0.41,0.14,0.41,Matches
Ecuador,Ángel Mena,"MF,FW",34,15,13,"1,079",12,2,3,2,0,0,2,0,0.17,0.25,0.42,0.17,0.42,Matches
Ecuador,Michael Estrada,FW,25,17,11,"1,043",11.6,6,2,6,0,0,2,0,0.52,0.17,0.69,0.52,0.69,Matches
Ecuador,Piero Hincapié,DF,20,11,11,990,11,1,0,1,0,0,1,0,0.09,0,0.09,0.09,0.09,Matches
Ecuador,Félix Torres Caicedo,DF,25,11,11,990,11,2,0,2,0,0,2,0,0.18,0,0.18,0.18,0.18,Matches
Ecuador,Alexander Domínguez,GK,34,10,10,824,9.2,0,0,0,0,0,2,1,0,0,0,0,0,Matches
Ecuador,Enner Valencia,"FW,MF",32,12,10,758,8.4,4,1,3,1,2,5,0,0.47,0.12,0.59,0.36,0.47,Matches
Ecuador,Ángelo Preciado,"DF,MF",23,13,8,755,8.4,0,0,0,0,0,1,0,0,0,0,0,0,Matches
Ecuador,Robert Arboleda,DF,30,10,8,718,8,1,1,1,0,0,0,0,0.13,0.13,0.25,0.13,0.25,Matches
Ecuador,Gonzalo Plata,"FW,MF",21,16,7,891,9.9,3,1,3,0,0,4,1,0.3,0.1,0.4,0.3,0.4,Matches
Ecuador,Byron Castillo,"DF,MF",23,8,7,613,6.8,0,1,0,0,0,3,0,0,0.15,0.15,0,0.15,Matches
Ecuador,Xavier Arreaga,DF,27,9,7,612,6.8,1,1,1,0,0,0,0,0.15,0.15,0.29,0.15,0.29,Matches
Ecuador,Alan Franco,MF,23,12,7,581,6.5,0,1,0,0,0,3,0,0,0.15,0.15,0,0.15,Matches
Ecuador,Hernán Galíndez,GK,34,6,5,468,5.2,0,0,0,0,0,0,0,0,0,0,0,0,Matches
Ecuador,Jhegson Méndez,MF,24,7,4,321,3.6,0,0,0,0,0,1,0,0,0,0,0,0,Matches
Ecuador,Ayrton Preciado,MF,27,7,3,252,2.8,0,0,0,0,0,1,0,0,0,0,0,0,Matches
Ecuador,Jeremy Sarmiento,MF,19,5,2,236,2.6,0,0,0,0,0,0,0,0,0,0,0,0,Matches
Ecuador,Romario Ibarra,"MF,FW",27,4,2,184,2,0,0,0,0,0,0,0,0,0,0,0,0,Matches
Ecuador,Moisés Ramírez,GK,21,2,2,180,2,0,0,0,0,0,0,0,0,0,0,0,0,Matches
Ecuador,Luis Fernando León,DF,28,2,2,179,2,0,1,0,0,0,0,0,0,0.5,0.5,0,0.5,Matches
Ecuador,Joao Joshimar Rojas,"MF,FW",24,6,2,172,1.9,0,0,0,0,0,1,0,0,0,0,0,0,Matches
Ecuador,Renato Ibarra,MF,31,3,2,171,1.9,0,0,0,0,0,1,0,0,0,0,0,0,Matches
Ecuador,Junior Sornoza,"MF,FW",28,3,2,135,1.5,0,0,0,0,0,0,1,0,0,0,0,0,Matches
Ecuador,Pedro Perlaza,DF,30,2,2,131,1.5,0,0,0,0,0,1,0,0,0,0,0,0,Matches
Ecuador,Fernando Gaibor,MF,30,2,2,121,1.3,0,0,0,0,0,0,0,0,0,0,0,0,Matches
Ecuador,Pedro Ortíz,GK,31,2,1,145,1.6,0,0,0,0,0,0,0,0,0,0,0,0,Matches
Ecuador,Jordy Caicedo,FW,24,6,1,121,1.3,1,0,0,1,1,0,0,0.74,0,0.74,0,0,Matches
Ecuador,José Cifuentes,MF,22,2,1,88,1,0,0,0,0,0,0,0,0,0,0,0,0,Matches
Ecuador,Christian Cruz,DF,29,1,1,85,0.9,0,0,0,0,0,0,0,0,0,0,0,0,Matches
Ecuador,Beder Caicedo,DF,29,2,1,81,0.9,1,0,1,0,0,0,0,1.11,0,1.11,1.11,1.11,Matches
Ecuador,José Carabalí,MF,24,1,1,64,0.7,0,0,0,0,0,0,0,0,0,0,0,0,Matches
Ecuador,Djorkaeff Reasco,FW,23,1,1,63,0.7,0,0,0,0,0,0,0,0,0,0,0,0,Matches
Ecuador,José Hurtado,DF,20,1,1,56,0.6,0,0,0,0,0,0,0,0,0,0,0,0,Matches
Ecuador,Erick Ferigra,DF,22,1,1,45,0.5,0,0,0,0,0,0,0,0,0,0,0,0,Matches
Ecuador,Adolfo Muñoz,MF,24,1,1,31,0.3,0,0,0,0,0,0,0,0,0,0,0,0,Matches
Ecuador,Christian Noboa,MF,36,2,0,51,0.6,0,0,0,0,0,0,0,0,0,0,0,0,Matches
Ecuador,Fidel Martínez,"FW,MF",31,2,0,47,0.5,0,0,0,0,0,0,0,0,0,0,0,0,Matches
Ecuador,Diego Palacios,DF,22,3,0,39,0.4,0,0,0,0,0,1,0,0,0,0,0,0,Matches
Ecuador,Janner Corozo,"DF,MF",26,1,0,27,0.3,0,0,0,0,0,0,0,0,0,0,0,0,Matches
Ecuador,Damián Díaz,MF,35,1,0,26,0.3,0,0,0,0,0,0,0,0,0,0,0,0,Matches
Ecuador,Brayan Angulo,FW,26,4,0,25,0.3,0,1,0,0,0,0,0,0,3.6,3.6,0,3.6,Matches
Ecuador,Romario Caicedo,"DF,MF",31,1,0,25,0.3,0,0,0,0,0,0,0,0,0,0,0,0,Matches
Ecuador,Washington Corozo,"FW,MF",23,1,0,25,0.3,0,0,0,0,0,0,0,0,0,0,0,0,Matches
Ecuador,Michael Carcelen,MF,24,3,0,23,0.3,0,0,0,0,0,0,0,0,0,0,0,0,Matches
Ecuador,Jhojan Julio,MF,23,1,0,8,0.1,0,0,0,0,0,0,0,0,0,0,0,0,Matches
Ecuador,Juan Cazares,MF,29,1,0,7,0.1,0,0,0,0,0,0,0,0,0,0,0,0,Matches
Ecuador,Leonardo Campana,FW,21,1,0,6,0.1,0,0,0,0,0,0,0,0,0,0,0,0,Matches
Ecuador,Squad Total,,26.3,18,198,"1,620",18,27,18,24,3,4,40,3,1.5,1,2.5,1.33,2.33,
Ecuador,Opponent Total,,28.5,18,198,"1,620",18,18,9,13,5,5,46,3,1,0.5,1.5,0.72,1.22,
England,John Stones,DF,27,9,8,662,7.4,1,1,1,0,0,1,0,0.14,0.14,0.27,0.14,0.27,Matches
England,Harry Kane,FW,28,8,7,585,6.5,12,2,8,4,4,1,0,1.85,0.31,2.15,1.23,1.54,Matches
England,Raheem Sterling,"FW,MF",27,7,7,555,6.2,2,2,2,0,0,1,0,0.32,0.32,0.65,0.32,0.65,Matches
England,Kalvin Phillips,MF,26,7,7,537,6,0,0,0,0,0,1,0,0,0,0,0,0,Matches
England,Kyle Walker,DF,31,6,6,540,6,0,1,0,0,0,1,0,0,0.17,0.17,0,0.17,Matches
England,Mason Mount,"MF,FW",23,8,6,535,5.9,1,2,1,0,0,0,0,0.17,0.34,0.5,0.17,0.5,Matches
England,Phil Foden,"MF,FW",21,7,6,497,5.5,0,4,0,0,0,0,0,0,0.72,0.72,0,0.72,Matches
England,Harry Maguire,DF,28,6,6,495,5.5,4,0,4,0,0,1,0,0.73,0,0.73,0.73,0.73,Matches
England,Declan Rice,MF,23,5,5,447,5,1,0,1,0,0,1,0,0.2,0,0.2,0.2,0.2,Matches
England,Ben Chilwell,"DF,MF",25,5,4,405,4.5,1,1,1,0,0,0,0,0.22,0.22,0.44,0.22,0.44,Matches
England,Conor Coady,DF,28,4,4,360,4,0,0,0,0,0,1,0,0,0,0,0,0,Matches
England,Jordan Pickford,GK,27,4,4,360,4,0,0,0,0,0,0,0,0,0,0,0,0,Matches
England,Luke Shaw,DF,26,4,4,360,4,0,2,0,0,0,1,0,0,0.5,0.5,0,0.5,Matches
England,Tyrone Mings,"DF,MF",28,4,3,315,3.5,1,0,1,0,0,2,0,0.29,0,0.29,0.29,0.29,Matches
England,Jack Grealish,"MF,FW",26,6,3,313,3.5,1,1,1,0,0,0,0,0.29,0.29,0.58,0.29,0.58,Matches
England,Bukayo Saka,"FW,DF",20,5,3,302,3.4,3,1,3,0,0,0,0,0.89,0.3,1.19,0.89,1.19,Matches
England,Jesse Lingard,"MF,FW",29,6,3,270,3,2,2,2,0,0,0,0,0.67,0.67,1.33,0.67,1.33,Matches
England,Nick Pope,GK,29,3,3,270,3,0,0,0,0,0,0,0,0,0,0,0,0,Matches
England,Reece James,"DF,MF",22,5,3,216,2.4,0,2,0,0,0,0,0,0,0.83,0.83,0,0.83,Matches
England,Kieran Trippier,DF,31,3,2,225,2.5,0,0,0,0,0,0,0,0,0,0,0,0,Matches
England,Jude Bellingham,MF,18,4,2,224,2.5,0,0,0,0,0,0,0,0,0,0,0,0,Matches
England,James Ward-Prowse,MF,27,3,2,200,2.2,2,0,2,0,1,0,0,0.9,0,0.9,0.9,0.9,Matches
England,Jordan Henderson,MF,31,4,2,198,2.2,1,1,1,0,0,0,0,0.45,0.45,0.91,0.45,0.91,Matches
England,Trent Alexander-Arnold,"MF,DF",23,3,2,194,2.2,0,3,0,0,0,0,0,0,1.39,1.39,0,1.39,Matches
England,Sam Johnstone,GK,28,2,2,180,2,0,1,0,0,0,0,0,0,0.5,0.5,0,0.5,Matches
England,Tammy Abraham,FW,24,4,1,165,1.8,2,1,2,0,0,1,0,1.09,0.55,1.64,1.09,1.64,Matches
England,Aaron Ramsdale,GK,23,1,1,90,1,0,0,0,0,0,0,0,0,0,0,0,0,Matches
England,Emile Smith Rowe,FW,21,2,1,86,1,1,1,1,0,0,0,0,1.05,1.05,2.09,1.05,2.09,Matches
England,Jadon Sancho,FW,21,1,1,72,0.8,0,2,0,0,0,1,0,0,2.5,2.5,0,2.5,Matches
England,Dominic Calvert-Lewin,FW,24,2,1,64,0.7,2,0,2,0,0,0,0,2.81,0,2.81,2.81,2.81,Matches
England,Patrick Bamford,FW,28,1,1,61,0.7,0,0,0,0,0,0,0,0,0,0,0,0,Matches
England,Conor Gallagher,MF,21,1,0,45,0.5,0,0,0,0,0,0,0,0,0,0,0,0,Matches
England,Ollie Watkins,"FW,MF",26,3,0,41,0.5,1,0,1,0,0,0,0,2.2,0,2.2,2.2,2.2,Matches
England,Fikayo Tomori,DF,24,1,0,31,0.3,0,0,0,0,0,0,0,0,0,0,0,0,Matches
England,Eric Dier,"DF,MF",28,0,0,,,,,,,,,,,,,,,Matches
England,Dean Henderson,GK,24,0,0,,,,,,,,,,,,,,,Matches
England,Squad Total,,26.4,10,110,900,10,38,30,34,4,5,13,0,3.8,3,6.8,3.4,6.4,
England,Opponent Total,,28.1,10,110,900,10,3,2,2,1,1,30,1,0.3,0.2,0.5,0.2,0.4,
France,Hugo Lloris,GK,35,8,8,720,8,0,0,0,0,0,0,0,0,0,0,0,0,Matches
France,Antoine Griezmann,"MF,FW",30,8,8,648,7.2,6,1,5,1,1,0,0,0.83,0.14,0.97,0.69,0.83,Matches
France,Adrien Rabiot,MF,26,7,6,567,6.3,1,1,1,0,0,0,0,0.16,0.16,0.32,0.16,0.32,Matches
France,Kylian Mbappé,"FW,MF",23,6,5,464,5.2,5,2,5,0,1,0,0,0.97,0.39,1.36,0.97,1.36,Matches
France,Presnel Kimpembe,DF,26,5,5,449,5,0,0,0,0,0,1,0,0,0,0,0,0,Matches
France,Paul Pogba,MF,28,6,5,446,5,0,0,0,0,0,1,0,0,0,0,0,0,Matches
France,Lucas Digne,"DF,MF",28,4,4,360,4,0,0,0,0,0,0,0,0,0,0,0,0,Matches
France,Raphaël Varane,DF,28,4,4,360,4,0,0,0,0,0,1,0,0,0,0,0,0,Matches
France,Kurt Zouma,DF,27,4,4,360,4,0,0,0,0,0,0,0,0,0,0,0,0,Matches
France,Leo Dubois,"DF,MF",27,5,4,329,3.7,0,1,0,0,0,0,0,0,0.27,0.27,0,0.27,Matches
France,Kingsley Coman,MF,25,7,4,311,3.5,0,2,0,0,0,0,0,0,0.58,0.58,0,0.58,Matches
France,Karim Benzema,FW,34,5,3,296,3.3,3,1,3,0,0,1,0,0.91,0.3,1.22,0.91,1.22,Matches
France,Lucas Hernández,DF,25,3,3,258,2.9,0,0,0,0,0,0,0,0,0,0,0,0,Matches
France,Anthony Martial,"FW,MF",26,5,3,229,2.5,1,1,1,0,0,0,0,0.39,0.39,0.79,0.39,0.79,Matches
France,Thomas Lemar,"MF,FW",26,3,3,224,2.5,0,0,0,0,0,1,0,0,0,0,0,0,Matches
France,Jules Koundé,DF,23,3,3,196,2.2,0,0,0,0,0,0,1,0,0,0,0,0,Matches
France,Aurélien Tchouaméni,MF,22,5,2,238,2.6,0,0,0,0,0,0,0,0,0,0,0,0,Matches
France,Benjamin Pavard,DF,25,4,2,237,2.6,0,0,0,0,0,1,0,0,0,0,0,0,Matches
France,Theo Hernández,"MF,DF",24,2,2,180,2,0,2,0,0,0,0,0,0,1,1,0,1,Matches
France,Dayot Upamecano,DF,23,2,2,180,2,0,0,0,0,0,0,0,0,0,0,0,0,Matches
France,N'Golo Kanté,MF,30,2,2,160,1.8,0,0,0,0,0,0,0,0,0,0,0,0,Matches
France,Ousmane Dembélé,FW,24,2,1,117,1.3,1,0,1,0,0,1,0,0.77,0,0.77,0.77,0.77,Matches
France,Moussa Diaby,FW,22,4,1,104,1.2,0,1,0,0,0,0,0,0,0.87,0.87,0,0.87,Matches
France,Clément Lenglet,DF,26,3,1,103,1.1,0,0,0,0,0,0,0,0,0,0,0,0,Matches
France,Olivier Giroud,FW,35,2,1,94,1,0,0,0,0,0,0,0,0,0,0,0,0,Matches
France,Tanguy Ndombele,MF,25,1,1,81,0.9,0,0,0,0,0,0,0,0,0,0,0,0,Matches
France,Jordan Veretout,MF,28,3,1,65,0.7,0,0,0,0,0,1,0,0,0,0,0,0,Matches
France,Wissam Ben Yedder,"FW,MF",31,3,0,46,0.5,0,0,0,0,0,0,0,0,0,0,0,0,Matches
France,Mattéo Guendouzi,MF,22,1,0,24,0.3,0,0,0,0,0,0,0,0,0,0,0,0,Matches
France,Nordi Mukiele,"DF,MF",24,1,0,24,0.3,0,0,0,0,0,0,0,0,0,0,0,0,Matches
France,Moussa Sissoko,MF,32,2,0,10,0.1,0,0,0,0,0,0,0,0,0,0,0,0,Matches
France,Alphonse Areola,GK,28,0,0,,,,,,,,,,,,,,,Matches
France,Ferland Mendy,DF,26,0,0,,,,,,,,,,,,,,,Matches
France,Squad Total,,27.9,8,88,720,8,17,12,16,1,2,8,1,2.12,1.5,3.62,2,3.5,
France,Opponent Total,,27.9,8,88,720,8,3,2,3,0,0,12,0,0.37,0.25,0.62,0.37,0.62,
Germany,Leroy Sané,"MF,FW",26,9,9,675,7.5,4,2,4,0,0,1,0,0.53,0.27,0.8,0.53,0.8,Matches
Germany,Joshua Kimmich,MF,26,8,8,681,7.6,0,1,0,0,0,1,0,0,0.13,0.13,0,0.13,Matches
Germany,Leon Goretzka,MF,26,9,8,632,7,1,7,1,0,0,0,0,0.14,1,1.14,0.14,1.14,Matches
Germany,Antonio Rüdiger,DF,28,7,7,630,7,1,0,1,0,0,2,0,0.14,0,0.14,0.14,0.14,Matches
Germany,Thilo Kehrer,DF,25,7,7,603,6.7,0,0,0,0,0,1,0,0,0,0,0,0,Matches
Germany,İlkay Gündoğan,MF,31,8,7,584,6.5,5,0,2,3,3,0,0,0.77,0,0.77,0.31,0.31,Matches
Germany,Serge Gnabry,"MF,FW",26,8,7,574,6.4,5,1,5,0,0,0,0,0.78,0.16,0.94,0.78,0.94,Matches
Germany,Manuel Neuer,GK,35,6,6,540,6,0,0,0,0,0,0,0,0,0,0,0,0,Matches
Germany,Kai Havertz,"FW,MF",22,8,6,487,5.4,3,2,3,0,0,2,0,0.55,0.37,0.92,0.55,0.92,Matches
Germany,Timo Werner,FW,25,8,5,470,5.2,5,1,5,0,0,0,0,0.96,0.19,1.15,0.96,1.15,Matches
Germany,Niklas Süle,DF,26,5,5,418,4.6,0,0,0,0,0,0,0,0,0,0,0,0,Matches
Germany,Jonas Hofmann,"DF,MF",29,7,5,394,4.4,2,1,2,0,0,0,0,0.46,0.23,0.69,0.46,0.69,Matches
Germany,Matthias Ginter,DF,28,5,4,377,4.2,0,0,0,0,0,0,0,0,0,0,0,0,Matches
Germany,Lukas Klostermann,DF,25,5,3,321,3.6,0,0,0,0,0,0,0,0,0,0,0,0,Matches
Germany,Emre Can,DF,28,3,3,270,3,0,0,0,0,0,1,0,0,0,0,0,0,Matches
Germany,Marc-André ter Stegen,GK,29,3,3,270,3,0,0,0,0,0,0,0,0,0,0,0,0,Matches
Germany,Thomas Müller,"FW,MF",32,4,3,252,2.8,3,3,3,0,0,0,0,1.07,1.07,2.14,1.07,2.14,Matches
Germany,Marco Reus,MF,32,4,3,246,2.7,2,5,2,0,0,0,0,0.73,1.83,2.56,0.73,2.56,Matches
Germany,David Raum,"MF,DF",23,3,2,188,2.1,0,0,0,0,0,0,0,0,0,0,0,0,Matches
Germany,Robin Gosens,DF,27,3,2,177,2,0,0,0,0,0,1,0,0,0,0,0,0,Matches
Germany,Ridle Baku,"MF,DF",23,3,2,157,1.7,1,0,1,0,0,0,0,0.57,0,0.57,0.57,0.57,Matches
Germany,Jamal Musiala,MF,18,6,1,152,1.7,1,1,1,0,0,1,0,0.59,0.59,1.18,0.59,1.18,Matches
Germany,Florian Neuhaus,MF,24,5,1,149,1.7,0,1,0,0,0,1,0,0,0.6,0.6,0,0.6,Matches
Germany,Christian Günter,DF,28,1,1,90,1,0,0,0,0,0,0,0,0,0,0,0,0,Matches
Germany,Bernd Leno,GK,29,1,1,90,1,0,0,0,0,0,0,0,0,0,0,0,0,Matches
Germany,Jonathan Tah,DF,25,1,1,90,1,0,0,0,0,0,0,0,0,0,0,0,0,Matches
Germany,Florian Wirtz,MF,18,4,0,81,0.9,0,1,0,0,0,0,0,0,1.11,1.11,0,1.11,Matches
Germany,Lukas Nmecha,FW,23,2,0,76,0.8,0,0,0,0,0,0,0,0,0,0,0,0,Matches
Germany,Maximilian Arnold,MF,27,2,0,58,0.6,0,0,0,0,0,1,0,0,0,0,0,0,Matches
Germany,Karim Adeyemi,FW,20,3,0,51,0.6,1,1,1,0,0,0,0,1.76,1.76,3.53,1.76,3.53,Matches
Germany,Kevin Volland,"FW,MF",29,2,0,45,0.5,0,0,0,0,0,0,0,0,0,0,0,0,Matches
Germany,Amin Younes,"FW,MF",28,3,0,41,0.5,0,0,0,0,0,0,0,0,0,0,0,0,Matches
Germany,Julian Brandt,"FW,MF",25,1,0,31,0.3,0,0,0,0,0,0,0,0,0,0,0,0,Matches
Germany,Mahmoud Dahoud,MF,26,0,0,,,,,,,,,,,,,,,Matches
Germany,Julian Draxler,"FW,MF",28,0,0,,,,,,,,,,,,,,,Matches
Germany,Philipp Max,"DF,MF",28,0,0,,,,,,,,,,,,,,,Matches
Germany,Nico Schlotterbeck,DF,22,0,0,,,,,,,,,,,,,,,Matches
Germany,Kevin Trapp,GK,31,0,0,,,,,,,,,,,,,,,Matches
Germany,Squad Total,,27.5,10,110,900,10,34,27,31,3,3,12,0,3.4,2.7,6.1,3.1,5.8,
Germany,Opponent Total,,28.5,10,110,900,10,4,2,3,1,1,15,1,0.4,0.2,0.6,0.3,0.5,
Ghana,Daniel Amartey,DF,27,7,7,630,7,0,0,0,0,0,1,0,0,0,0,0,0,Matches
Ghana,Alexander Djiku,DF,27,7,7,613,6.8,0,0,0,0,0,3,0,0,0,0,0,0,Matches
Ghana,Jordan Ayew,"FW,MF",30,7,7,538,6,0,1,0,0,0,0,0,0,0.17,0.17,0,0.17,Matches
Ghana,Jojo Wollacott,GK,25,6,6,540,6,0,0,0,0,0,2,0,0,0,0,0,0,Matches
Ghana,Iddrisu Baba,MF,26,8,6,529,5.9,0,0,0,0,0,0,0,0,0,0,0,0,Matches
Ghana,Kudus Mohammed,MF,21,6,6,437,4.9,1,0,1,0,0,1,0,0.21,0,0.21,0.21,0.21,Matches
Ghana,Baba Rahman,DF,27,5,5,450,5,0,1,0,0,0,0,0,0,0.2,0.2,0,0.2,Matches
Ghana,André Ayew,"MF,FW",32,6,5,420,4.7,3,0,2,1,1,1,0,0.64,0,0.64,0.43,0.43,Matches
Ghana,Kamaldeen Sulemana,MF,19,5,5,367,4.1,0,0,0,0,0,0,0,0,0,0,0,0,Matches
Ghana,Thomas Partey,MF,28,4,4,360,4,3,0,3,0,0,1,0,0.75,0,0.75,0.75,0.75,Matches
Ghana,Andy Yiadom,DF,30,4,3,315,3.5,0,1,0,0,0,1,0,0,0.29,0.29,0,0.29,Matches
Ghana,Wakaso,MF,31,4,3,279,3.1,1,0,1,0,0,1,0,0.32,0,0.32,0.32,0.32,Matches
Ghana,Gideon Mensah,DF,23,3,3,270,3,0,1,0,0,0,0,0,0,0.33,0.33,0,0.33,Matches
Ghana,Jonathan Mensah,DF,31,3,3,270,3,0,0,0,0,0,0,0,0,0,0,0,0,Matches
Ghana,Abdul Fatawu Issahaku,"FW,MF",17,4,3,240,2.7,0,0,0,0,0,1,0,0,0,0,0,0,Matches
Ghana,Denis Odoi,DF,33,2,2,180,2,0,0,0,0,0,0,0,0,0,0,0,0,Matches
Ghana,Richard Ofori,GK,28,2,2,167,1.9,0,0,0,0,0,0,0,0,0,0,0,0,Matches
Ghana,Felix Afena-Gyan,"MF,FW",19,2,2,126,1.4,0,0,0,0,0,0,0,0,0,0,0,0,Matches
Ghana,Benjamin Tetteh,FW,24,2,1,117,1.3,0,0,0,0,0,0,0,0,0,0,0,0,Matches
Ghana,Yaw Yeboah,MF,24,3,1,113,1.3,0,0,0,0,0,0,0,0,0,0,0,0,Matches
Ghana,Emmanuel Lomotey,MF,24,2,1,111,1.2,0,0,0,0,0,0,0,0,0,0,0,0,Matches
Ghana,Joseph Aidoo,DF,26,2,1,107,1.2,0,0,0,0,0,0,0,0,0,0,0,0,Matches
Ghana,Abdul Fatawu Mohammed,DF,29,1,1,90,1,0,0,0,0,0,0,0,0,0,0,0,0,Matches
Ghana,Majeed Ashimeru,MF,24,1,1,78,0.9,0,0,0,0,0,0,0,0,0,0,0,0,Matches
Ghana,Richmond Boakye,FW,29,2,1,64,0.7,0,0,0,0,0,0,0,0,0,0,0,0,Matches
Ghana,Joel Fameyeh,MF,24,2,1,60,0.7,0,0,0,0,0,1,0,0,0,0,0,0,Matches
Ghana,Jeffrey Schlupp,MF,29,1,1,27,0.3,0,0,0,0,0,0,0,0,0,0,0,0,Matches
Ghana,Daniel Kyereh,"FW,MF",25,7,0,253,2.8,0,0,0,0,0,0,0,0,0,0,0,0,Matches
Ghana,Elisha Owusu,MF,24,1,0,45,0.5,0,0,0,0,0,0,0,0,0,0,0,0,Matches
Ghana,Kwame Opoku,FW,22,1,0,31,0.3,0,0,0,0,0,0,0,0,0,0,0,0,Matches
Ghana,Osman Bukari,FW,23,2,0,30,0.3,0,0,0,0,0,0,0,0,0,0,0,0,Matches
Ghana,Samuel Owusu,MF,25,3,0,26,0.3,0,0,0,0,0,0,0,0,0,0,0,0,Matches
Ghana,Lawrence Ati-Zigi,GK,25,1,0,13,0.1,0,0,0,0,0,0,0,0,0,0,0,0,Matches
Ghana,Caleb Ekuban,"FW,MF",27,2,0,13,0.1,0,0,0,0,0,0,0,0,0,0,0,0,Matches
Ghana,Edmund Addo,MF,21,1,0,9,0.1,0,0,0,0,0,0,0,0,0,0,0,0,Matches
Ghana,Kwasi Okyere Wriedt,FW,27,2,0,2,0,0,0,0,0,0,0,0,0,0,0,0,0,Matches
Ghana,Abdul Ganiyu Ismail,DF,25,0,0,,,,,,,,,,,,,,,Matches
Ghana,Danlad Ibrahim,GK,19,0,0,,,,,,,,,,,,,,,Matches
Ghana,Squad Total,,26.8,8,88,720,8,8,4,7,1,1,13,0,1,0.5,1.5,0.87,1.37,
Ghana,Opponent Total,,27.1,8,88,720,8,4,2,2,2,2,14,0,0.5,0.25,0.75,0.25,0.5,
Iran,Hossein Kanaanizadegan,DF,27,17,17,"1,522",16.9,1,2,1,0,0,1,0,0.06,0.12,0.18,0.06,0.18,Matches
Iran,Ahmad Nourollahi,MF,28,16,14,"1,256",14,3,1,3,0,0,2,0,0.21,0.07,0.29,0.21,0.29,Matches
Iran,Sardar Azmoun,FW,27,14,14,"1,164",12.9,10,4,10,0,1,3,0,0.77,0.31,1.08,0.77,1.08,Matches
Iran,Alireza Beiranvand,GK,29,13,13,"1,170",13,0,0,0,0,0,0,0,0,0,0,0,0,Matches
Iran,Mehdi Taremi,"FW,MF",29,13,13,"1,069",11.9,7,5,7,0,0,2,0,0.59,0.42,1.01,0.59,1.01,Matches
Iran,Sadegh Moharrami,DF,25,12,12,"1,035",11.5,0,1,0,0,0,4,1,0,0.09,0.09,0,0.09,Matches
Iran,Ali Gholizadeh,"FW,MF",25,14,12,"1,003",11.1,3,1,3,0,0,0,0,0.27,0.09,0.36,0.27,0.36,Matches
Iran,Shoja' Khalilzadeh,DF,32,12,12,986,11,1,0,1,0,0,2,0,0.09,0,0.09,0.09,0.09,Matches
Iran,Alireza Jahanbakhsh,"MF,FW",28,12,12,972,10.8,5,2,4,1,1,4,0,0.46,0.19,0.65,0.37,0.56,Matches
Iran,Vahid Amiri,"DF,MF",33,14,11,"1,044",11.6,1,1,1,0,0,0,0,0.09,0.09,0.17,0.09,0.17,Matches
Iran,Saeid Ezatolahi,MF,25,13,11,873,9.7,0,0,0,0,1,3,0,0,0,0,0,0,Matches
Iran,Milad Mohammadi,DF,28,13,8,761,8.5,1,1,1,0,0,1,0,0.12,0.12,0.24,0.12,0.24,Matches
Iran,Omid Noorafkan,"MF,DF",24,8,7,619,6.9,0,0,0,0,0,2,0,0,0,0,0,0,Matches
Iran,Ehsan Hajsafi,"MF,DF",31,8,7,540,6,1,1,0,1,1,2,0,0.17,0.17,0.33,0,0.17,Matches
Iran,Amir Abedzadeh,GK,28,5,5,450,5,0,0,0,0,0,0,0,0,0,0,0,0,Matches
Iran,Saman Ghoddos,"MF,FW",28,9,5,447,5,0,2,0,0,0,1,0,0,0.4,0.4,0,0.4,Matches
Iran,Majid Hosseini,"DF,MF",25,5,4,405,4.5,0,0,0,0,0,0,0,0,0,0,0,0,Matches
Iran,Ramin Rezaeian,DF,31,4,4,360,4,0,2,0,0,0,0,0,0,0.5,0.5,0,0.5,Matches
Iran,Karim Ansarifard,"MF,FW",31,12,3,326,3.6,7,4,6,1,1,0,0,1.93,1.1,3.04,1.66,2.76,Matches
Iran,Morteza Pouraliganji,DF,29,4,3,278,3.1,1,1,1,0,0,2,0,0.32,0.32,0.65,0.32,0.65,Matches
Iran,Omid Ebrahimi,MF,34,4,3,264,2.9,0,0,0,0,0,0,0,0,0,0,0,0,Matches
Iran,Mohammad Mohebbi,MF,23,3,3,220,2.4,2,2,2,0,0,0,0,0.82,0.82,1.64,0.82,1.64,Matches
Iran,Milad Sarlak,MF,26,7,1,142,1.6,0,0,0,0,0,0,0,0,0,0,0,0,Matches
Iran,Mehdi Torabi,MF,27,5,1,136,1.5,0,1,0,0,0,1,0,0,0.66,0.66,0,0.66,Matches
Iran,Masoud Shojaei,MF,37,2,1,114,1.3,0,0,0,0,0,2,1,0,0,0,0,0,Matches
Iran,Allahyar Sayyadmanesh,DF,20,4,1,103,1.1,0,1,0,0,0,0,0,0,0.87,0.87,0,0.87,Matches
Iran,Jafar Salmani,DF,25,1,1,45,0.5,0,0,0,0,0,0,0,0,0,0,0,0,Matches
Iran,Mehdi Mehdipour,MF,27,2,0,90,1,0,0,0,0,0,0,0,0,0,0,0,0,Matches
Iran,Saleh Hardani,DF,23,2,0,82,0.9,0,0,0,0,0,0,0,0,0,0,0,0,Matches
Iran,Mehdi Ghaedi,FW,23,6,0,59,0.7,1,1,1,0,0,0,0,1.53,1.53,3.05,1.53,3.05,Matches
Iran,Mehrdad Mohammadi,"FW,MF",28,2,0,50,0.6,1,0,1,0,0,0,0,1.8,0,1.8,1.8,1.8,Matches
Iran,Aref Gholami,DF,24,1,0,49,0.5,0,0,0,0,0,0,0,0,0,0,0,0,Matches
Iran,Kaveh Rezaei,FW,29,4,0,47,0.5,2,0,2,0,0,0,0,3.83,0,3.83,3.83,3.83,Matches
Iran,Mohammad Naderi,DF,25,1,0,38,0.4,0,0,0,0,0,0,0,0,0,0,0,0,Matches
Iran,Ali Karimi,MF,27,1,0,20,0.2,0,0,0,0,0,0,0,0,0,0,0,0,Matches
Iran,Amirhossein Hosseinzadeh,MF,21,2,0,10,0.1,0,0,0,0,0,0,0,0,0,0,0,0,Matches
Iran,Siavash Yazdani,DF,29,1,0,8,0.1,0,0,0,0,0,0,0,0,0,0,0,0,Matches
Iran,Ashkan Dejagah,"FW,MF",35,1,0,4,0,0,0,0,0,0,0,0,0,0,0,0,0,Matches
Iran,Kamal Kamyabinia,MF,33,1,0,4,0,0,0,0,0,0,0,0,0,0,0,0,0,Matches
Iran,Danial Esmaeilifar,MF,28,1,0,3,0,0,0,0,0,0,0,0,0,0,0,0,0,Matches
Iran,Squad Total,,28.6,18,198,"1,620",18,47,33,44,3,5,32,2,2.61,1.83,4.44,2.44,4.28,
Iran,Opponent Total,,28.3,18,198,"1,620",18,8,4,7,1,2,29,0,0.44,0.22,0.67,0.39,0.61,
Japan,Shūichi Gonda,GK,32,15,15,"1,322",14.7,0,0,0,0,0,0,0,0,0,0,0,0,Matches
Japan,Maya Yoshida,DF,33,14,14,"1,187",13.2,2,1,2,0,0,0,0,0.15,0.08,0.23,0.15,0.23,Matches
Japan,Yuto Nagatomo,DF,35,14,14,"1,110",12.3,1,2,1,0,0,1,0,0.08,0.16,0.24,0.08,0.24,Matches
Japan,Takumi Minamino,"MF,FW",27,15,14,"1,076",12,10,4,9,1,1,0,0,0.84,0.33,1.17,0.75,1.09,Matches
Japan,Wataru Endo,MF,28,13,13,"1,117",12.4,1,0,1,0,0,3,0,0.08,0,0.08,0.08,0.08,Matches
Japan,Junya Ito,"MF,FW",28,14,12,"1,067",11.9,6,7,6,0,0,2,0,0.51,0.59,1.1,0.51,1.1,Matches
Japan,Yuya Osako,FW,31,11,11,885,9.8,10,2,8,2,2,0,0,1.02,0.2,1.22,0.81,1.02,Matches
Japan,Hiroki Sakai,"DF,MF",31,10,10,821,9.1,0,3,0,0,0,0,0,0,0.33,0.33,0,0.33,Matches
Japan,Gaku Shibasaki,"MF,DF",29,11,9,757,8.4,0,0,0,0,0,1,0,0,0,0,0,0,Matches
Japan,Takehiro Tomiyasu,DF,23,8,8,700,7.8,0,1,0,0,0,0,0,0,0.13,0.13,0,0.13,Matches
Japan,Hidemasa Morita,MF,26,10,8,659,7.3,2,0,2,0,0,2,0,0.27,0,0.27,0.27,0.27,Matches
Japan,Ao Tanaka,MF,23,7,6,547,6.1,1,0,1,0,0,0,0,0.16,0,0.16,0.16,0.16,Matches
Japan,Miki Yamane,DF,28,6,6,525,5.8,0,2,0,0,0,0,0,0,0.34,0.34,0,0.34,Matches
Japan,Daichi Kamada,"MF,FW",25,8,5,462,5.1,3,2,3,0,0,0,0,0.58,0.39,0.97,0.58,0.97,Matches
Japan,Genki Haraguchi,MF,30,14,5,445,4.9,1,1,1,0,0,0,0,0.2,0.2,0.4,0.2,0.4,Matches
Japan,Takuma Asano,"MF,FW",27,11,4,432,4.8,3,1,3,0,0,0,0,0.62,0.21,0.83,0.62,0.83,Matches
Japan,Ko Itakura,DF,25,4,4,360,4,1,0,1,0,0,1,0,0.25,0,0.25,0.25,0.25,Matches
Japan,Naomichi Ueda,DF,27,4,3,315,3.5,0,0,0,0,0,0,0,0,0,0,0,0,Matches
Japan,Kento Hashimoto,MF,28,5,3,298,3.3,1,0,1,0,0,1,0,0.3,0,0.3,0.3,0.3,Matches
Japan,Shogo Taniguchi,DF,30,4,3,287,3.2,0,0,0,0,0,0,0,0,0,0,0,0,Matches
Japan,Eiji Kawashima,GK,38,3,3,270,3,0,0,0,0,0,0,0,0,0,0,0,0,Matches
Japan,Shoya Nakajima,MF,27,4,3,245,2.7,1,2,1,0,0,0,0,0.37,0.73,1.1,0.37,1.1,Matches
Japan,Kyogo Furuhashi,MF,27,9,2,340,3.8,3,2,3,0,0,1,0,0.79,0.53,1.32,0.79,1.32,Matches
Japan,Ryoya Ogawa,DF,25,3,2,209,2.3,0,1,0,0,0,0,0,0,0.43,0.43,0,0.43,Matches
Japan,Shinnosuke Nakatani,DF,25,3,2,208,2.3,0,0,0,0,0,0,0,0,0,0,0,0,Matches
Japan,Takefusa Kubo,"MF,FW",20,6,2,204,2.3,0,0,0,0,0,0,0,0,0,0,0,0,Matches
Japan,Ritsu Doan,MF,23,4,2,189,2.1,0,1,0,0,0,0,0,0,0.48,0.48,0,0.48,Matches
Japan,Hayao Kawabe,MF,26,2,2,180,2,1,1,1,0,0,0,0,0.5,0.5,1,0.5,1,Matches
Japan,Gen Shoji,DF,29,2,2,180,2,0,0,0,0,0,0,0,0,0,0,0,0,Matches
Japan,Kensuke Nagai,FW,32,3,2,166,1.8,1,0,1,0,0,0,0,0.54,0,0.54,0.54,0.54,Matches
Japan,Yuta Nakayama,DF,24,8,1,237,2.6,0,0,0,0,0,0,0,0,0,0,0,0,Matches
Japan,Sei Muroya,DF,27,3,1,150,1.7,0,2,0,0,0,0,0,0,1.2,1.2,0,1.2,Matches
Japan,Kaoru Mitoma,FW,24,3,1,142,1.6,2,1,2,0,0,0,0,1.27,0.63,1.9,1.27,1.9,Matches
Japan,Tatsuhiro Sakamoto,MF,25,2,1,135,1.5,0,1,0,0,0,0,0,0,0.67,0.67,0,0.67,Matches
Japan,Ayase Ueda,FW,23,2,1,117,1.3,0,0,0,0,0,0,0,0,0,0,0,0,Matches
Japan,Ken Matsubara,DF,28,1,1,90,1,0,2,0,0,0,0,0,0,2,2,0,2,Matches
Japan,Ado Onaiwu,FW,26,2,1,86,1,3,0,2,1,1,0,0,3.14,0,3.14,2.09,2.09,Matches
Japan,Sho Sasaki,DF,32,3,1,86,1,1,0,1,0,0,0,0,1.05,0,1.05,1.05,1.05,Matches
Japan,Reo Hatate,MF,24,1,1,45,0.5,0,0,0,0,0,0,0,0,0,0,0,0,Matches
Japan,Daizen Maeda,"FW,MF",24,2,0,56,0.6,0,0,0,0,0,0,0,0,0,0,0,0,Matches
Japan,Koki Anzai,DF,26,1,0,34,0.4,0,0,0,0,0,0,0,0,0,0,0,0,Matches
Japan,Sho Inagaki,MF,30,1,0,28,0.3,2,0,2,0,0,0,0,6.43,0,6.43,6.43,6.43,Matches
Japan,Shinnosuke Hatanaka,DF,26,1,0,20,0.2,0,0,0,0,0,0,0,0,0,0,0,0,Matches
Japan,Musashi Suzuki,"FW,MF",27,2,0,18,0.2,0,0,0,0,0,0,0,0,0,0,0,0,Matches
Japan,Hotaru Yamaguchi,MF,31,1,0,13,0.1,0,0,0,0,0,0,0,0,0,0,0,0,Matches
Japan,Squad Total,,29.1,18,198,"1,620",18,56,39,52,4,4,12,0,3.11,2.17,5.28,2.89,5.06,
Japan,Opponent Total,,27.4,18,198,"1,620",18,6,3,5,1,1,22,0,0.33,0.17,0.5,0.28,0.44,
Republic of Korea,Kim Min-jae,DF,25,15,14,"1,254",13.9,1,2,1,0,0,2,0,0.07,0.14,0.22,0.07,0.22,Matches
Republic of Korea,Kim Seung-gyu,GK,31,13,13,"1,170",13,0,0,0,0,0,0,0,0,0,0,0,0,Matches
Republic of Korea,Lee Jae-sung,MF,29,14,13,"1,053",11.7,1,2,1,0,0,0,0,0.09,0.17,0.26,0.09,0.26,Matches
Republic of Korea,Kim Young-gwon,DF,31,12,12,"1,080",12,2,0,2,0,0,2,0,0.17,0,0.17,0.17,0.17,Matches
Republic of Korea,Son Heung-min,"FW,MF",29,12,12,"1,047",11.6,7,1,4,3,3,1,0,0.6,0.09,0.69,0.34,0.43,Matches
Republic of Korea,Jung Woo-young,"MF,DF",32,11,11,990,11,1,1,1,0,0,3,0,0.09,0.09,0.18,0.09,0.18,Matches
Republic of Korea,Hwang Ui-jo,FW,29,12,11,968,10.8,2,1,2,0,0,0,0,0.19,0.09,0.28,0.19,0.28,Matches
Republic of Korea,Hwang In-beom,MF,25,10,10,845,9.4,1,0,1,0,0,1,0,0.11,0,0.11,0.11,0.11,Matches
Republic of Korea,Hwang Hee-chan,"MF,FW",26,13,9,907,10.1,3,4,2,1,1,1,0,0.3,0.4,0.69,0.2,0.6,Matches
Republic of Korea,Lee Yong,DF,35,11,8,797,8.9,0,0,0,0,0,1,0,0,0,0,0,0,Matches
Republic of Korea,Kim Jin-su,DF,29,9,8,726,8.1,1,1,1,0,0,1,0,0.12,0.12,0.25,0.12,0.25,Matches
Republic of Korea,Hong Chul,"DF,MF",31,9,7,604,6.7,0,2,0,0,0,1,0,0,0.3,0.3,0,0.3,Matches
Republic of Korea,Kwon Chang-hoon,"FW,MF",27,11,5,606,6.7,4,1,4,0,0,1,0,0.59,0.15,0.74,0.59,0.74,Matches
Republic of Korea,Cho Guesung,FW,24,7,5,397,4.4,0,0,0,0,0,1,0,0,0,0,0,0,Matches
Republic of Korea,Nam Tae-hee,MF,30,7,4,392,4.4,1,2,1,0,0,0,0,0.23,0.46,0.69,0.23,0.69,Matches
Republic of Korea,Kim Tae-hwan,DF,32,4,4,346,3.8,0,0,0,0,0,0,0,0,0,0,0,0,Matches
Republic of Korea,Song Minkyu,"MF,FW",22,7,4,340,3.8,0,1,0,0,0,0,0,0,0.26,0.26,0,0.26,Matches
Republic of Korea,Kim Moonhwan,DF,26,4,4,283,3.1,0,1,0,0,0,0,0,0,0.32,0.32,0,0.32,Matches
Republic of Korea,Kwon Kyung-won,DF,30,4,3,274,3,0,0,0,0,0,0,0,0,0,0,0,0,Matches
Republic of Korea,Cho Hyun-woo,GK,30,3,3,270,3,0,0,0,0,0,0,0,0,0,0,0,0,Matches
Republic of Korea,Kim Shin-wook,FW,33,4,2,199,2.2,6,0,5,1,1,0,0,2.71,0,2.71,2.26,2.26,Matches
Republic of Korea,Paik Seung-ho,MF,24,3,2,183,2,0,0,0,0,0,0,0,0,0,0,0,0,Matches
Republic of Korea,Lee Donggyeong,MF,24,4,2,172,1.9,1,1,1,0,0,0,0,0.52,0.52,1.05,0.52,1.05,Matches
Republic of Korea,Park Ji-soo,DF,27,6,2,162,1.8,0,0,0,0,0,0,0,0,0,0,0,0,Matches
Republic of Korea,Son Jun-ho,MF,29,4,2,152,1.7,0,0,0,0,0,1,0,0,0,0,0,0,Matches
Republic of Korea,Na Sang-ho,"FW,MF",25,3,2,133,1.5,1,0,1,0,0,0,0,0.68,0,0.68,0.68,0.68,Matches
Republic of Korea,Won Du-jae,DF,24,2,1,114,1.3,0,0,0,0,0,0,0,0,0,0,0,0,Matches
Republic of Korea,Lee Kangin,MF,20,2,1,101,1.1,0,1,0,0,0,0,0,0,0.89,0.89,0,0.89,Matches
Republic of Korea,Lee Ki-je,DF,30,2,1,91,1,0,0,0,0,0,0,0,0,0,0,0,0,Matches
Republic of Korea,Jeong Woo-yeong,MF,22,2,1,70,0.8,1,0,1,0,0,0,0,1.29,0,1.29,1.29,1.29,Matches
Republic of Korea,Lee Dongjun,MF,24,2,0,44,0.5,0,0,0,0,0,0,0,0,0,0,0,0,Matches
Republic of Korea,Kang Sang-woo,"DF,MF",28,1,0,19,0.2,0,0,0,0,0,0,0,0,0,0,0,0,Matches
Republic of Korea,Jeong Sangbin,FW,19,1,0,19,0.2,1,0,1,0,0,0,0,4.74,0,4.74,4.74,4.74,Matches
Republic of Korea,Cho Youngwook,"FW,MF",22,1,0,14,0.2,0,0,0,0,0,0,0,0,0,0,0,0,Matches
Republic of Korea,Kim Young-bin,DF,30,1,0,10,0.1,0,0,0,0,0,0,0,0,0,0,0,0,Matches
Republic of Korea,Um Wonsang,"FW,MF",23,1,0,4,0,0,0,0,0,0,0,0,0,0,0,0,0,Matches
Republic of Korea,Ju Se-jong,MF,31,1,0,2,0,0,0,0,0,0,0,0,0,0,0,0,0,Matches
Republic of Korea,Kim Gun-hee,FW,26,1,0,1,0,0,0,0,0,0,0,0,0,0,0,0,0,Matches
Republic of Korea,Kim Jin-kyu,MF,24,1,0,1,0,0,0,0,0,0,0,0,0,0,0,0,0,Matches
Republic of Korea,Squad Total,,29,16,176,"1,530",17,34,21,29,5,5,16,0,2,1.24,3.24,1.71,2.94,
Republic of Korea,Opponent Total,,28.6,16,176,"1,530",17,4,2,4,0,0,25,1,0.24,0.12,0.35,0.24,0.35,
Mexico,Guillermo Ochoa,GK,36,14,14,"1,260",14,0,0,0,0,0,0,0,0,0,0,0,0,Matches
Mexico,César Montes,DF,24,10,10,888,9.9,0,0,0,0,0,2,0,0,0,0,0,0,Matches
Mexico,Jesús Gallardo,"DF,MF",27,11,10,879,9.8,0,0,0,0,0,1,0,0,0,0,0,0,Matches
Mexico,Edson Álvarez,MF,24,10,10,816,9.1,0,0,0,0,0,3,0,0,0,0,0,0,Matches
Mexico,Héctor Herrera,MF,31,11,9,839,9.3,1,0,1,0,0,2,0,0.11,0,0.11,0.11,0.11,Matches
Mexico,Néstor Araujo,DF,30,9,9,786,8.7,0,0,0,0,0,2,1,0,0,0,0,0,Matches
Mexico,Hirving Lozano,FW,26,10,9,736,8.2,1,1,1,0,0,2,0,0.12,0.12,0.24,0.12,0.24,Matches
Mexico,Charly Rodríguez,MF,25,12,9,681,7.6,0,0,0,0,0,0,0,0,0,0,0,0,Matches
Mexico,Jesús Corona,FW,29,13,8,756,8.4,1,2,1,0,0,1,0,0.12,0.24,0.36,0.12,0.36,Matches
Mexico,Raúl Jiménez,FW,30,9,8,686,7.6,3,0,0,3,3,1,0,0.39,0,0.39,0,0,Matches
Mexico,Jorge Eduardo Sánchez,"DF,MF",24,8,8,635,7.1,1,0,1,0,0,0,0,0.14,0,0.14,0.14,0.14,Matches
Mexico,Alexis Vega,"FW,MF",24,9,6,438,4.9,2,0,2,0,0,2,0,0.41,0,0.41,0.41,0.41,Matches
Mexico,Rogelio Funes Mori,FW,30,8,6,431,4.8,1,0,1,0,0,0,0,0.21,0,0.21,0.21,0.21,Matches
Mexico,Julio Domínguez,DF,34,5,5,383,4.3,0,0,0,0,0,0,0,0,0,0,0,0,Matches
Mexico,Luis Romo,MF,26,10,4,453,5,0,1,0,0,0,1,0,0,0.2,0.2,0,0.2,Matches
Mexico,Héctor Moreno,DF,34,4,4,360,4,1,0,1,0,0,2,0,0.25,0,0.25,0.25,0.25,Matches
Mexico,Johan Vásquez,DF,23,4,4,360,4,0,0,0,0,0,0,0,0,0,0,0,0,Matches
Mexico,Andrés Guardado,MF,35,7,4,352,3.9,0,0,0,0,0,0,0,0,0,0,0,0,Matches
Mexico,Luis Alfonso Rodríguez,DF,31,5,3,376,4.2,0,0,0,0,0,2,0,0,0,0,0,0,Matches
Mexico,Gerardo Arteaga,DF,23,5,3,318,3.5,0,0,0,0,0,1,0,0,0,0,0,0,Matches
Mexico,Orbelín Pineda,"MF,FW",25,7,3,315,3.5,1,1,0,1,1,0,0,0.29,0.29,0.57,0,0.29,Matches
Mexico,Uriel Antuna,FW,24,7,2,223,2.5,1,0,1,0,0,0,0,0.4,0,0.4,0.4,0.4,Matches
Mexico,Francisco Sebastián Córdova,MF,24,4,2,216,2.4,1,0,1,0,0,0,0,0.42,0,0.42,0.42,0.42,Matches
Mexico,Roberto Alvarado,MF,23,4,1,155,1.7,0,0,0,0,0,0,0,0,0,0,0,0,Matches
Mexico,Erick Gutiérrez,MF,26,3,1,112,1.2,0,0,0,0,0,1,0,0,0,0,0,0,Matches
Mexico,Osvaldo Rodríguez del Portal,DF,25,1,1,63,0.7,0,0,0,0,0,0,0,0,0,0,0,0,Matches
Mexico,Jonathan dos Santos,MF,31,1,1,45,0.5,0,0,0,0,0,0,0,0,0,0,0,0,Matches
Mexico,Henry Martín,FW,29,7,0,161,1.8,2,0,2,0,0,0,0,1.12,0,1.12,1.12,1.12,Matches
Mexico,Diego Lainez,"FW,MF",21,3,0,85,0.9,0,0,0,0,0,0,0,0,0,0,0,0,Matches
Mexico,Julian Araujo,DF,20,1,0,22,0.2,0,0,0,0,0,0,0,0,0,0,0,0,Matches
Mexico,Rodolfo Pizarro,"DF,FW",27,1,0,6,0.1,0,0,0,0,0,0,0,0,0,0,0,0,Matches
Mexico,Carlos Acevedo,GK,25,0,0,,,,,,,,,,,,,,,Matches
Mexico,Squad Total,,28.5,14,154,"1,260",14,16,5,12,4,4,23,1,1.14,0.36,1.5,0.86,1.21,
Mexico,Opponent Total,,27.4,14,154,"1,260",14,8,3,8,0,0,31,4,0.57,0.21,0.79,0.57,0.79,
Morocco,Nayef Aguerd,DF,25,8,8,720,8,1,0,1,0,0,1,0,0.12,0,0.12,0.12,0.12,Matches
Morocco,Yassine Bounou,GK,30,8,8,672,7.5,0,0,0,0,0,1,0,0,0,0,0,0,Matches
Morocco,Sofyan Amrabat,MF,25,8,7,651,7.2,0,0,0,0,0,1,0,0,0,0,0,0,Matches
Morocco,Romain Saïss,DF,31,7,7,630,7,0,0,0,0,0,1,0,0,0,0,0,0,Matches
Morocco,Achraf Hakimi,"DF,MF",23,7,7,621,6.9,2,0,2,0,0,0,0,0.29,0,0.29,0.29,0.29,Matches
Morocco,Ryan Mmaee,"FW,MF",24,8,7,524,5.8,4,2,3,1,2,0,0,0.69,0.34,1.03,0.52,0.86,Matches
Morocco,Adam Masina,"DF,MF",28,7,6,542,6,0,1,0,0,0,1,0,0,0.17,0.17,0,0.17,Matches
Morocco,Imran Louza,MF,22,6,6,460,5.1,2,1,1,1,1,0,0,0.39,0.2,0.59,0.2,0.39,Matches
Morocco,Aymen Barkok,MF,23,6,6,432,4.8,1,0,1,0,0,1,0,0.21,0,0.21,0.21,0.21,Matches
Morocco,Ayoub El Kaabi,FW,28,7,5,443,4.9,5,3,5,0,0,0,0,1.02,0.61,1.63,1.02,1.63,Matches
Morocco,Ilias Chair,MF,24,5,4,287,3.2,1,0,1,0,0,1,0,0.31,0,0.31,0.31,0.31,Matches
Morocco,Selim Amallah,MF,25,6,2,291,3.2,2,0,2,0,0,1,0,0.62,0,0.62,0.62,0.62,Matches
Morocco,Souffian El Karouani,DF,21,3,2,161,1.8,0,0,0,0,0,0,0,0,0,0,0,0,Matches
Morocco,Youssef En-Nesyri,FW,24,2,2,156,1.7,0,0,0,0,0,0,0,0,0,0,0,0,Matches
Morocco,Jawad El Yamiq,DF,29,2,2,97,1.1,0,0,0,0,0,0,0,0,0,0,0,0,Matches
Morocco,Sofiane Boufal,FW,28,8,1,190,2.1,1,1,1,0,0,1,0,0.47,0.47,0.95,0.47,0.95,Matches
Morocco,Samy Mmaee,DF,25,2,1,173,1.9,0,0,0,0,0,1,0,0,0,0,0,0,Matches
Morocco,Munir El Haddadi,FW,26,4,1,149,1.7,1,0,1,0,0,1,0,0.6,0,0.6,0.6,0.6,Matches
Morocco,Sofiane Alakouch,DF,23,3,1,106,1.2,0,0,0,0,0,0,0,0,0,0,0,0,Matches
Morocco,Tarik Tissoudali,FW,28,2,1,100,1.1,2,1,2,0,0,0,0,1.8,0.9,2.7,1.8,2.7,Matches
Morocco,Sofian Chakla,DF,28,1,1,90,1,0,1,0,0,0,1,0,0,1,1,0,1,Matches
Morocco,Azzedine Ounahi,MF,21,1,1,90,1,2,0,2,0,0,0,0,2,0,2,2,2,Matches
Morocco,Zakaria Aboukhlal,MF,21,3,1,88,1,0,0,0,0,0,0,0,0,0,0,0,0,Matches
Morocco,Adel Taarabt,MF,32,1,1,69,0.8,0,0,0,0,0,0,0,0,0,0,0,0,Matches
Morocco,Fayçal Fajr,MF,33,5,0,80,0.9,0,1,0,0,0,0,0,0,1.13,1.13,0,1.13,Matches
Morocco,Munir,GK,32,1,0,48,0.5,0,0,0,0,0,0,0,0,0,0,0,0,Matches
Morocco,Achraf Bencharki,FW,27,4,0,31,0.3,0,1,0,0,0,0,0,0,2.9,2.9,0,2.9,Matches
Morocco,Yahya Attiat Allah,DF,26,1,0,10,0.1,0,0,0,0,0,0,0,0,0,0,0,0,Matches
Morocco,Mohamed Chibi,DF,29,1,0,9,0.1,0,0,0,0,0,0,0,0,0,0,0,0,Matches
Morocco,Ahmed Reda Tagnaouti,GK,25,0,0,,,,,,,,,,,,,,,Matches
Morocco,Squad Total,,26.5,8,88,720,8,24,12,22,2,3,12,0,3,1.5,4.5,2.75,4.25,
Morocco,Opponent Total,,27.5,8,88,720,8,3,2,3,0,0,21,1,0.37,0.25,0.62,0.37,0.62,
Netherlands,Memphis Depay,"FW,MF",27,10,10,899,10,12,6,8,4,6,0,0,1.2,0.6,1.8,0.8,1.4,Matches
Netherlands,Frenkie de Jong,MF,24,10,10,803,8.9,0,0,0,0,0,0,0,0,0,0,0,0,Matches
Netherlands,Davy Klaassen,MF,28,10,9,767,8.5,4,4,4,0,0,1,0,0.47,0.47,0.94,0.47,0.94,Matches
Netherlands,Daley Blind,DF,31,9,9,764,8.5,0,0,0,0,0,2,0,0,0,0,0,0,Matches
Netherlands,Georginio Wijnaldum,"MF,DF",31,9,9,725,8.1,2,2,2,0,0,2,0,0.25,0.25,0.5,0.25,0.5,Matches
Netherlands,Denzel Dumfries,DF,25,10,8,678,7.5,1,1,1,0,0,2,0,0.13,0.13,0.27,0.13,0.27,Matches
Netherlands,Steven Berghuis,FW,30,8,8,598,6.6,2,3,2,0,0,0,0,0.3,0.45,0.75,0.3,0.75,Matches
Netherlands,Justin Bijlow,GK,24,6,6,540,6,0,0,0,0,0,0,0,0,0,0,0,0,Matches
Netherlands,Virgil van Dijk,DF,30,6,6,540,6,1,0,1,0,0,1,0,0.17,0,0.17,0.17,0.17,Matches
Netherlands,Stefan de Vrij,DF,29,6,6,539,6,0,0,0,0,0,0,0,0,0,0,0,0,Matches
Netherlands,Matthijs de Ligt,DF,22,6,5,451,5,0,0,0,0,0,1,0,0,0,0,0,0,Matches
Netherlands,Tim Krul,"GK,FW",33,3,3,270,3,0,0,0,0,0,0,0,0,0,0,0,0,Matches
Netherlands,Owen Wijndal,DF,22,3,3,261,2.9,0,2,0,0,0,0,0,0,0.69,0.69,0,0.69,Matches
Netherlands,Cody Gakpo,FW,22,3,3,241,2.7,1,1,1,0,0,0,0,0.37,0.37,0.75,0.37,0.75,Matches
Netherlands,Donyell Malen,FW,23,6,2,238,2.6,3,0,3,0,0,1,0,1.13,0,1.13,1.13,1.13,Matches
Netherlands,Steven Bergwijn,FW,24,5,2,210,2.3,1,0,1,0,0,1,0,0.43,0,0.43,0.43,0.43,Matches
Netherlands,Arnaut Groeneveld,FW,25,3,2,196,2.2,1,0,1,0,0,0,0,0.46,0,0.46,0.46,0.46,Matches
Netherlands,Luuk de Jong,FW,31,3,2,187,2.1,3,0,3,0,0,1,0,1.44,0,1.44,1.44,1.44,Matches
Netherlands,Noa Lang,FW,22,3,1,119,1.3,0,1,0,0,0,0,0,0,0.76,0.76,0,0.76,Matches
Netherlands,Guus Til,MF,24,3,1,99,1.1,1,0,1,0,0,0,0,0.91,0,0.91,0.91,0.91,Matches
Netherlands,Marten de Roon,MF,30,3,1,97,1.1,0,0,0,0,0,0,0,0,0,0,0,0,Matches
Netherlands,Jasper Cillessen,GK,32,1,1,90,1,0,0,0,0,0,0,0,0,0,0,0,0,Matches
Netherlands,Tyrell Malacia,DF,22,1,1,90,1,0,1,0,0,0,0,0,0,1,1,0,1,Matches
Netherlands,Jurrien Timber,DF,20,1,1,89,1,0,0,0,0,0,0,0,0,0,0,0,0,Matches
Netherlands,Kenny Tete,GK,26,1,1,68,0.8,0,0,0,0,0,0,0,0,0,0,0,0,Matches
Netherlands,Ryan Gravenberch,MF,19,6,0,128,1.4,0,0,0,0,0,1,0,0,0,0,0,0,Matches
Netherlands,Teun Koopmeiners,"DF,MF",23,2,0,70,0.8,0,1,0,0,0,0,0,0,1.29,1.29,0,1.29,Matches
Netherlands,Wout Weghorst,FW,29,2,0,46,0.5,0,1,0,0,0,0,0,0,1.96,1.96,0,1.96,Matches
Netherlands,Donny van de Beek,MF,24,2,0,27,0.3,1,0,1,0,0,0,0,3.33,0,3.33,3.33,3.33,Matches
Netherlands,Ryan Babel,"FW,MF",35,2,0,22,0.2,0,0,0,0,0,0,0,0,0,0,0,0,Matches
Netherlands,Devyne Rensch,DF,19,1,0,20,0.2,0,2,0,0,0,0,0,0,9,9,0,9,Matches
Netherlands,Calvin Stengs,"FW,MF",23,2,0,17,0.2,0,0,0,0,0,0,0,0,0,0,0,0,Matches
Netherlands,Patrick van Aanholt,DF,31,1,0,9,0.1,0,0,0,0,0,0,0,0,0,0,0,0,Matches
Netherlands,Nathan Aké,"DF,MF",26,1,0,2,0,0,0,0,0,0,0,0,0,0,0,0,0,Matches
Netherlands,Squad Total,,27.5,10,110,900,10,33,25,29,4,6,13,0,3.3,2.5,5.8,2.9,5.4,
Netherlands,Opponent Total,,27.4,10,110,900,10,8,5,7,1,1,26,1,0.8,0.5,1.3,0.7,1.2,
Poland,Wojciech Szczęsny,GK,31,10,10,855,9.5,0,0,0,0,0,0,0,0,0,0,0,0,Matches
Poland,Robert Lewandowski,FW,33,9,9,712,7.9,9,4,8,1,1,1,0,1.14,0.51,1.64,1.01,1.52,Matches
Poland,Jakub Moder,MF,22,9,8,578,6.4,1,0,1,0,0,1,0,0.16,0,0.16,0.16,0.16,Matches
Poland,Kamil Glik,DF,33,8,7,652,7.2,0,1,0,0,0,1,0,0,0.14,0.14,0,0.14,Matches
Poland,Jan Bednarek,DF,25,7,7,629,7,0,0,0,0,0,2,0,0,0,0,0,0,Matches
Poland,Grzegorz Krychowiak,MF,32,8,7,624,6.9,1,1,1,0,0,2,0,0.14,0.14,0.29,0.14,0.29,Matches
Poland,Piotr Zieliński,"MF,FW",27,7,6,555,6.2,1,2,1,0,0,0,0,0.16,0.32,0.49,0.16,0.49,Matches
Poland,Bartosz Bereszyński,"DF,MF",29,8,6,477,5.3,0,1,0,0,0,1,0,0,0.19,0.19,0,0.19,Matches
Poland,Kamil Jóźwiak,MF,23,8,5,533,5.9,2,2,2,0,0,0,0,0.34,0.34,0.68,0.34,0.68,Matches
Poland,Karol Świderski,FW,25,9,4,396,4.4,5,1,5,0,0,1,0,1.14,0.23,1.36,1.14,1.36,Matches
Poland,Karol Linetty,MF,26,6,4,380,4.2,2,1,2,0,0,2,0,0.47,0.24,0.71,0.47,0.71,Matches
Poland,Maciej Rybus,"DF,MF",32,6,4,337,3.7,0,1,0,0,0,0,0,0,0.27,0.27,0,0.27,Matches
Poland,Tymoteusz Puchacz,DF,23,5,4,325,3.6,0,1,0,0,0,3,0,0,0.28,0.28,0,0.28,Matches
Poland,Michał Helik,DF,26,6,4,302,3.4,0,2,0,0,0,1,0,0,0.6,0.6,0,0.6,Matches
Poland,Paweł Dawidowicz,DF,26,5,3,360,4,0,0,0,0,0,0,0,0,0,0,0,0,Matches
Poland,Krzysztof Piątek,FW,26,6,3,333,3.7,2,0,2,0,0,0,0,0.54,0,0.54,0.54,0.54,Matches
Poland,Arkadiusz Milik,FW,27,5,3,289,3.2,1,1,1,0,0,1,0,0.31,0.31,0.62,0.31,0.62,Matches
Poland,Adam Buksa,FW,25,6,3,278,3.1,5,0,5,0,0,1,0,1.62,0,1.62,1.62,1.62,Matches
Poland,Tomasz Kędziora,DF,27,3,3,270,3,1,0,1,0,0,1,0,0.33,0,0.33,0.33,0.33,Matches
Poland,Przemysław Frankowski,MF,26,7,3,255,2.8,0,2,0,0,0,0,0,0,0.71,0.71,0,0.71,Matches
Poland,Mateusz Klich,MF,31,4,3,243,2.7,0,0,0,0,0,2,0,0,0,0,0,0,Matches
Poland,Kamil Piątkowski,DF,21,2,2,180,2,0,1,0,0,0,0,0,0,0.5,0.5,0,0.5,Matches
Poland,Matty Cash,MF,24,3,2,163,1.8,0,0,0,0,0,1,0,0,0,0,0,0,Matches
Poland,Sebastian Szymański,MF,22,2,2,148,1.6,0,0,0,0,0,0,0,0,0,0,0,0,Matches
Poland,Przemysław Płacheta,DF,23,3,1,129,1.4,0,1,0,0,0,0,0,0,0.7,0.7,0,0.7,Matches
Poland,Damian Szymański,MF,26,3,1,118,1.3,1,1,1,0,0,1,0,0.76,0.76,1.53,0.76,1.53,Matches
Poland,Kacper Kozłowski,MF,18,2,1,108,1.2,0,1,0,0,0,0,0,0,0.83,0.83,0,0.83,Matches
Poland,Krystian Bielik,DF,24,1,1,90,1,0,0,0,0,0,1,0,0,0,0,0,0,Matches
Poland,Robert Gumny,DF,23,1,1,90,1,0,1,0,0,0,0,0,0,1,1,0,1,Matches
Poland,Jakub Kamiński,MF,19,1,1,90,1,0,0,0,0,0,0,0,0,0,0,0,0,Matches
Poland,Arkadiusz Reca,DF,26,2,1,83,0.9,0,0,0,0,0,0,0,0,0,0,0,0,Matches
Poland,Łukasz Fabiański,GK,36,1,1,56,0.6,0,0,0,0,0,0,0,0,0,0,0,0,Matches
Poland,Jacek Góralski,MF,29,1,1,45,0.5,0,0,0,0,0,1,0,0,0,0,0,0,Matches
Poland,Łukasz Skorupski,GK,30,1,0,45,0.5,0,0,0,0,0,0,0,0,0,0,0,0,Matches
Poland,Bartosz Slisz,MF,22,1,0,45,0.5,0,0,0,0,0,0,0,0,0,0,0,0,Matches
Poland,Kamil Grosicki,MF,33,3,0,43,0.5,0,1,0,0,0,0,0,0,2.09,2.09,0,2.09,Matches
Poland,Radosław Majecki,GK,22,1,0,34,0.4,0,0,0,0,0,0,0,0,0,0,0,0,Matches
Poland,Nicola Zalewski,FW,20,1,0,25,0.3,0,1,0,0,0,0,0,0,3.6,3.6,0,3.6,Matches
Poland,Rafał Augustyniak,MF,28,1,0,15,0.2,0,0,0,0,0,0,0,0,0,0,0,0,Matches
Poland,Squad Total,,27.9,11,121,990,11,31,27,30,1,1,24,0,2.82,2.45,5.27,2.73,5.18,
Poland,Opponent Total,,27.6,11,121,990,11,11,7,10,1,1,31,2,1,0.64,1.64,0.91,1.55,
Portugal,Cristiano Ronaldo,FW,36,9,9,810,9,6,1,4,2,3,2,0,0.67,0.11,0.78,0.44,0.56,Matches
Portugal,Bernardo Silva,"FW,MF",27,9,9,728,8.1,1,4,1,0,0,0,0,0.12,0.49,0.62,0.12,0.62,Matches
Portugal,João Cancelo,DF,27,8,8,692,7.7,0,2,0,0,0,3,0,0,0.26,0.26,0,0.26,Matches
Portugal,Bruno Fernandes,MF,27,9,7,631,7,3,2,3,0,0,2,0,0.43,0.29,0.71,0.43,0.71,Matches
Portugal,Rúben Dias,DF,24,7,7,630,7,0,0,0,0,0,1,0,0,0,0,0,0,Matches
Portugal,Diogo Jota,FW,25,7,7,545,6.1,5,2,5,0,0,2,0,0.83,0.33,1.16,0.83,1.16,Matches
Portugal,João Moutinho,MF,35,8,6,477,5.3,0,0,0,0,0,2,0,0,0,0,0,0,Matches
Portugal,Nuno Mendes,DF,19,9,5,521,5.8,0,0,0,0,0,2,0,0,0,0,0,0,Matches
Portugal,Rui Patrício,GK,33,5,5,450,5,0,0,0,0,0,0,0,0,0,0,0,0,Matches
Portugal,Danilo Pereira,"DF,MF",30,5,5,449,5,0,0,0,0,0,1,0,0,0,0,0,0,Matches
Portugal,Pepe,DF,38,5,5,441,4.9,0,0,0,0,0,2,1,0,0,0,0,0,Matches
Portugal,José Fonte,DF,38,5,4,368,4.1,0,0,0,0,0,1,0,0,0,0,0,0,Matches
Portugal,André Silva,FW,26,6,4,356,4,1,0,1,0,0,0,0,0.25,0,0.25,0.25,0.25,Matches
Portugal,João Palhinha,MF,26,8,4,333,3.7,2,0,2,0,0,1,0,0.54,0,0.54,0.54,0.54,Matches
Portugal,Anthony Lopes,GK,31,3,3,270,3,0,0,0,0,0,0,0,0,0,0,0,0,Matches
Portugal,Raphaël Guerreiro,DF,28,3,3,218,2.4,0,0,0,0,0,0,0,0,0,0,0,0,Matches
Portugal,Rúben Neves,MF,24,5,2,246,2.7,0,1,0,0,0,0,0,0,0.37,0.37,0,0.37,Matches
Portugal,Renato Sanches,MF,24,4,2,207,2.3,1,0,1,0,0,2,0,0.43,0,0.43,0.43,0.43,Matches
Portugal,Diogo Costa,GK,22,2,2,180,2,0,0,0,0,0,0,0,0,0,0,0,0,Matches
Portugal,Diogo Dalot,DF,22,2,2,180,2,0,0,0,0,0,0,0,0,0,0,0,0,Matches
Portugal,Otávio,"MF,FW",26,3,2,175,1.9,1,1,1,0,0,0,0,0.51,0.51,1.03,0.51,1.03,Matches
Portugal,Pedro Neto,MF,21,2,1,112,1.2,0,2,0,0,0,0,0,0,1.61,1.61,0,1.61,Matches
Portugal,João Félix,FW,22,7,1,110,1.2,0,0,0,0,0,0,0,0,0,0,0,0,Matches
Portugal,Rafa Silva,FW,28,3,1,96,1.1,0,0,0,0,0,0,0,0,0,0,0,0,Matches
Portugal,Domingos Duarte,DF,26,1,1,90,1,0,0,0,0,0,0,0,0,0,0,0,0,Matches
Portugal,Nélson Semedo,DF,28,1,1,90,1,0,0,0,0,0,0,0,0,0,0,0,0,Matches
Portugal,Cédric Soares,DF,30,1,1,90,1,0,1,0,0,0,0,0,0,1,1,0,1,Matches
Portugal,Gonçalo Guedes,FW,25,4,1,88,1,0,0,0,0,0,0,0,0,0,0,0,0,Matches
Portugal,Sérgio Oliveira,MF,29,3,1,76,0.8,0,0,0,0,0,0,0,0,0,0,0,0,Matches
Portugal,Matheus Nunes,MF,23,4,1,74,0.8,1,0,1,0,0,0,0,1.22,0,1.22,1.22,1.22,Matches
Portugal,João Mário,MF,29,3,0,68,0.8,0,0,0,0,0,0,0,0,0,0,0,0,Matches
Portugal,Rafael Leão,"FW,MF",22,4,0,63,0.7,0,1,0,0,0,0,0,0,1.43,1.43,0,1.43,Matches
Portugal,William Carvalho,MF,29,2,0,26,0.3,0,0,0,0,0,0,0,0,0,0,0,0,Matches
Portugal,Vitinha,MF,21,1,0,1,0,0,0,0,0,0,0,0,0,0,0,0,0,Matches
Portugal,Squad Total,,28.9,10,110,900,10,21,17,19,2,3,21,1,2.1,1.7,3.8,1.9,3.6,
Portugal,Opponent Total,,27.1,10,110,900,10,7,7,7,0,1,26,2,0.7,0.7,1.4,0.7,1.4,
Qatar,Almoez Ali,FW,25,8,8,708,7.9,6,2,5,1,1,1,0,0.76,0.25,1.02,0.64,0.89,Matches
Qatar,Boualem Khoukhi,"DF,MF",31,8,8,703,7.8,1,1,1,0,0,1,0,0.13,0.13,0.26,0.13,0.26,Matches
Qatar,Hassan Al-Haydos,"MF,FW",31,8,8,648,7.2,2,0,1,1,2,1,0,0.28,0,0.28,0.14,0.14,Matches
Qatar,Saad Al Sheeb,GK,31,7,7,630,7,0,0,0,0,0,0,0,0,0,0,0,0,Matches
Qatar,Abdelkarim Hassan,"DF,MF",28,7,7,611,6.8,1,1,1,0,0,1,0,0.15,0.15,0.29,0.15,0.29,Matches
Qatar,Abdulaziz Hatem,MF,31,7,7,584,6.5,2,1,2,0,0,0,0,0.31,0.15,0.46,0.31,0.46,Matches
Qatar,Karim Boudiaf,"MF,DF",31,7,6,481,5.3,1,0,1,0,0,0,0,0.19,0,0.19,0.19,0.19,Matches
Qatar,Yusuf Abdurisag,"FW,MF",22,7,6,427,4.7,1,2,1,0,0,0,0,0.21,0.42,0.63,0.21,0.63,Matches
Qatar,Bassam Al Rawi,DF,24,6,5,497,5.5,0,0,0,0,0,0,0,0,0,0,0,0,Matches
Qatar,Tarek Salman,DF,24,5,5,450,5,0,0,0,0,0,1,0,0,0,0,0,0,Matches
Qatar,Akram Afif,"FW,MF",25,6,4,386,4.3,4,3,3,1,1,1,0,0.93,0.7,1.63,0.7,1.4,Matches
Qatar,Ró-Ró,DF,31,4,4,360,4,0,0,0,0,0,2,0,0,0,0,0,0,Matches
Qatar,Musaab Khidir,"DF,MF",29,5,4,315,3.5,0,0,0,0,0,0,0,0,0,0,0,0,Matches
Qatar,Assim Madibo,MF,25,2,2,180,2,0,0,0,0,0,1,0,0,0,0,0,0,Matches
Qatar,Mohammed Muntari,FW,28,3,2,161,1.8,0,0,0,0,0,0,0,0,0,0,0,0,Matches
Qatar,Ahmed Alaaeldin,FW,29,5,1,121,1.3,0,1,0,0,0,0,0,0,0.74,0.74,0,0.74,Matches
Qatar,Salem Al Hajri,MF,25,3,1,120,1.3,0,0,0,0,0,0,0,0,0,0,0,0,Matches
Qatar,Mohammed Waad,DF,22,2,1,104,1.2,0,0,0,0,0,0,0,0,0,0,0,0,Matches
Qatar,Meshaal Barsham,GK,23,1,1,90,1,0,0,0,0,0,0,0,0,0,0,0,0,Matches
Qatar,Fahad Al-Abdulrahman,DF,26,1,1,79,0.9,0,0,0,0,0,0,0,0,0,0,0,0,Matches
Qatar,Ismail Mohamad,FW,31,4,0,98,1.1,0,0,0,0,0,0,0,0,0,0,0,0,Matches
Qatar,Abdullah Abdulsalam,MF,24,3,0,80,0.9,0,1,0,0,0,0,0,0,1.13,1.13,0,1.13,Matches
Qatar,Homam Elamin,DF,22,3,0,33,0.4,0,0,0,0,0,0,0,0,0,0,0,0,Matches
Qatar,Moayad Hassan,FW,30,1,0,26,0.3,0,0,0,0,0,0,0,0,0,0,0,0,Matches
Qatar,Ahmed Fathy,MF,29,1,0,17,0.2,0,0,0,0,0,0,0,0,0,0,0,0,Matches
Qatar,Ali Afif,"FW,MF",34,1,0,11,0.1,0,0,0,0,0,0,0,0,0,0,0,0,Matches
Qatar,Squad Total,,28.2,8,88,720,8,18,12,15,3,4,9,0,2.25,1.5,3.75,1.87,3.38,
Qatar,Opponent Total,,27.6,8,88,720,8,1,0,1,0,1,8,1,0.12,0,0.12,0.12,0.12,
Saudi Arabia,Yasser Al-Shahrani,DF,29,15,15,"1,341",14.9,2,0,2,0,0,1,0,0.13,0,0.13,0.13,0.13,Matches
Saudi Arabia,Mohammed Al-Owais,GK,30,15,15,"1,328",14.8,0,0,0,0,0,0,0,0,0,0,0,0,Matches
Saudi Arabia,Salman Al-Faraj,MF,32,14,14,"1,258",14,4,1,3,1,1,2,0,0.29,0.07,0.36,0.21,0.29,Matches
Saudi Arabia,Salem Al-Dawsari,"MF,FW",30,13,13,"1,168",13,7,1,4,3,3,2,0,0.54,0.08,0.62,0.31,0.39,Matches
Saudi Arabia,Fahad Al Muwallad,MF,27,13,13,"1,084",12,4,3,4,0,0,2,0,0.33,0.25,0.58,0.33,0.58,Matches
Saudi Arabia,Abdulellah Al-Malki,MF,27,13,12,983,10.9,0,1,0,0,0,4,0,0,0.09,0.09,0,0.09,Matches
Saudi Arabia,Mohamed Kanno,MF,27,11,10,953,10.6,0,1,0,0,0,0,0,0,0.09,0.09,0,0.09,Matches
Saudi Arabia,Abdulelah Al-Amri,DF,25,10,10,900,10,0,0,0,0,0,2,0,0,0,0,0,0,Matches
Saudi Arabia,Abdullah Madu,DF,28,10,10,874,9.7,0,0,0,0,0,0,0,0,0,0,0,0,Matches
Saudi Arabia,Sultan Al-Ghanam,DF,27,10,10,872,9.7,0,3,0,0,0,1,0,0,0.31,0.31,0,0.31,Matches
Saudi Arabia,Saleh Al-Shehri,FW,28,13,9,765,8.5,7,2,6,1,1,0,0,0.82,0.24,1.06,0.71,0.94,Matches
Saudi Arabia,Mohammed Al-Breik,DF,29,9,7,604,6.7,0,0,0,0,0,0,0,0,0,0,0,0,Matches
Saudi Arabia,Abdullah Otayf,MF,29,7,7,526,5.8,0,0,0,0,0,2,0,0,0,0,0,0,Matches
Saudi Arabia,Ali Al-Bulaihi,DF,32,10,6,559,6.2,0,0,0,0,0,2,0,0,0,0,0,0,Matches
Saudi Arabia,Hattan Bahebri,"MF,FW",29,8,6,545,6.1,1,0,1,0,0,1,0,0.17,0,0.17,0.17,0.17,Matches
Saudi Arabia,Firas Al-Buraikan,FW,21,12,5,540,6,3,0,3,0,0,0,0,0.5,0,0.5,0.5,0.5,Matches
Saudi Arabia,Abdullah Al Hamdan,FW,22,8,4,321,3.6,1,2,1,0,1,0,0,0.28,0.56,0.84,0.28,0.84,Matches
Saudi Arabia,Sami Al-Najei,MF,24,9,3,325,3.6,2,0,2,0,0,0,0,0.55,0,0.55,0.55,0.55,Matches
Saudi Arabia,Ziyad Al-Sahafi,DF,27,5,3,274,3,0,0,0,0,0,0,0,0,0,0,0,0,Matches
Saudi Arabia,Hassan Al Tambakti,DF,22,4,3,260,2.9,0,0,0,0,0,0,0,0,0,0,0,0,Matches
Saudi Arabia,Yahya Al-Shehri,"MF,FW",31,3,3,215,2.4,0,0,0,0,0,0,0,0,0,0,0,0,Matches
Saudi Arabia,Abdulfattah Asiri,MF,27,3,2,224,2.5,2,0,2,0,0,0,0,0.8,0,0.8,0.8,0.8,Matches
Saudi Arabia,Mohammed Al-Khabrani,DF,28,3,2,190,2.1,0,0,0,0,0,0,0,0,0,0,0,0,Matches
Saudi Arabia,Nasser Al-Dawsari,DF,23,3,2,185,2.1,0,0,0,0,0,0,0,0,0,0,0,0,Matches
Saudi Arabia,Mohammed Al Yami,GK,24,2,2,180,2,0,0,0,0,0,0,0,0,0,0,0,0,Matches
Saudi Arabia,Abdulrahman Ghareeb,MF,24,3,2,141,1.6,0,1,0,0,0,0,0,0,0.64,0.64,0,0.64,Matches
Saudi Arabia,Ali Al Hassan,MF,24,6,2,112,1.2,1,0,1,0,0,0,0,0.8,0,0.8,0.8,0.8,Matches
Saudi Arabia,Abdullah Al-Khaibari,MF,25,4,1,182,2,0,0,0,0,0,0,0,0,0,0,0,0,Matches
Saudi Arabia,Saud Abdulhamid,DF,22,7,1,175,1.9,0,1,0,0,0,1,0,0,0.51,0.51,0,0.51,Matches
Saudi Arabia,Ahmed Sharahili,DF,27,2,1,115,1.3,0,0,0,0,0,0,0,0,0,0,0,0,Matches
Saudi Arabia,Omar Hawsawi,DF,36,1,1,90,1,0,0,0,0,0,0,0,0,0,0,0,0,Matches
Saudi Arabia,Abdullah Al-Mayouf,GK,35,1,1,90,1,0,0,0,0,0,0,0,0,0,0,0,0,Matches
Saudi Arabia,Hamdan Al-Shamrani,DF,25,1,1,90,1,0,0,0,0,0,0,0,0,0,0,0,0,Matches
Saudi Arabia,Ali Al Asmari,MF,25,3,1,50,0.6,0,0,0,0,0,0,0,0,0,0,0,0,Matches
Saudi Arabia,Khaled Al-Sumairi,MF,25,1,1,45,0.5,0,0,0,0,0,0,0,0,0,0,0,0,Matches
Saudi Arabia,Abdulaziz Al-Bishi,MF,27,5,0,92,1,0,0,0,0,0,1,0,0,0,0,0,0,Matches
Saudi Arabia,Khalid Al Ghannam,MF,21,2,0,32,0.4,0,0,0,0,0,0,0,0,0,0,0,0,Matches
Saudi Arabia,Mohammed Al-Kwikbi,MF,27,3,0,24,0.3,0,0,0,0,0,0,0,0,0,0,0,0,Matches
Saudi Arabia,Fawaz Al-Qarni,GK,29,1,0,22,0.2,0,0,0,0,0,0,0,0,0,0,0,0,Matches
Saudi Arabia,Haroune Camara,FW,24,1,0,21,0.2,0,0,0,0,0,0,0,0,0,0,0,0,Matches
Saudi Arabia,Nawaf Al Abed,"FW,MF",32,1,0,19,0.2,0,0,0,0,0,0,0,0,0,0,0,0,Matches
Saudi Arabia,Aiman Salem,MF,20,2,0,19,0.2,0,0,0,0,0,0,0,0,0,0,0,0,Matches
Saudi Arabia,Abdulrahman Al-Aboud,MF,26,1,0,16,0.2,0,0,0,0,0,0,0,0,0,0,0,0,Matches
Saudi Arabia,Abdurahman Al-Dossari,MF,24,1,0,11,0.1,0,0,0,0,0,0,0,0,0,0,0,0,Matches
Saudi Arabia,Squad Total,,28.2,18,198,"1,620",18,34,16,29,5,6,21,0,1.89,0.89,2.78,1.61,2.5,
Saudi Arabia,Opponent Total,,28.2,18,198,"1,620",18,10,3,8,2,2,29,1,0.56,0.17,0.72,0.44,0.61,
Senegal,Kalidou Koulibaly,DF,30,8,8,750,8.3,0,2,0,0,0,1,0,0,0.24,0.24,0,0.24,Matches
Senegal,Ismaila Sarr,"MF,FW",23,8,8,744,8.3,3,1,3,0,0,1,0,0.36,0.12,0.48,0.36,0.48,Matches
Senegal,Idrissa Gana Gueye,MF,32,8,8,711,7.9,1,0,1,0,0,1,0,0.13,0,0.13,0.13,0.13,Matches
Senegal,Saliou Ciss,DF,32,8,7,666,7.4,0,3,0,0,0,0,0,0,0.41,0.41,0,0.41,Matches
Senegal,Edouard Mendy,GK,29,7,7,660,7.3,0,0,0,0,0,0,0,0,0,0,0,0,Matches
Senegal,Sadio Mané,"MF,FW",29,7,7,599,6.7,3,4,2,1,1,1,0,0.45,0.6,1.05,0.3,0.9,Matches
Senegal,Bouna Sarr,"DF,MF",30,6,6,517,5.7,0,0,0,0,0,0,0,0,0,0,0,0,Matches
Senegal,Cheikhou Kouyaté,MF,32,6,5,449,5,0,0,0,0,0,0,0,0,0,0,0,0,Matches
Senegal,Abdou Diallo,DF,25,5,5,373,4.1,1,0,1,0,0,1,0,0.24,0,0.24,0.24,0.24,Matches
Senegal,Boulaye Dia,FW,25,5,4,354,3.9,2,1,2,0,0,0,0,0.51,0.25,0.76,0.51,0.76,Matches
Senegal,Famara Diedhiou,FW,29,5,4,304,3.4,4,0,4,0,0,0,0,1.18,0,1.18,1.18,1.18,Matches
Senegal,Pape Abou Cisse,DF,26,4,3,355,3.9,0,0,0,0,0,0,0,0,0,0,0,0,Matches
Senegal,Nampalys Mendy,MF,29,6,3,300,3.3,0,0,0,0,0,1,0,0,0,0,0,0,Matches
Senegal,Krepin Diatta,MF,22,4,3,244,2.7,0,0,0,0,0,0,0,0,0,0,0,0,Matches
Senegal,Ibrahima Mbaye,DF,27,2,2,161,1.8,0,0,0,0,0,1,0,0,0,0,0,0,Matches
Senegal,Habib Diallo,FW,26,4,1,129,1.4,1,1,1,0,0,0,0,0.7,0.7,1.4,0.7,1.4,Matches
Senegal,Youssouf Sabaly,DF,28,1,1,120,1.3,0,0,0,0,0,0,0,0,0,0,0,0,Matches
Senegal,Keita Baldé,MF,26,2,1,108,1.2,1,0,1,0,0,0,0,0.83,0,0.83,0.83,0.83,Matches
Senegal,Joseph Lopy,MF,29,2,1,108,1.2,0,0,0,0,0,0,0,0,0,0,0,0,Matches
Senegal,Pape Matar Sarr,FW,19,3,1,92,1,0,0,0,0,0,0,0,0,0,0,0,0,Matches
Senegal,Alfred Gomis,GK,28,1,1,90,1,0,0,0,0,0,0,0,0,0,0,0,0,Matches
Senegal,Fodé Ballo-Touré,DF,25,4,1,88,1,0,0,0,0,0,1,0,0,0,0,0,0,Matches
Senegal,Abdallah Sima,MF,20,2,1,69,0.8,0,0,0,0,0,0,0,0,0,0,0,0,Matches
Senegal,Bamba Dieng,FW,21,6,0,160,1.8,0,1,0,0,0,1,0,0,0.56,0.56,0,0.56,Matches
Senegal,Pape Gueye,MF,23,3,0,74,0.8,0,0,0,0,0,0,0,0,0,0,0,0,Matches
Senegal,El Hadji Moutarou Baldé,DF,28,2,0,19,0.2,0,0,0,0,0,0,0,0,0,0,0,0,Matches
Senegal,Moustapha Name,MF,26,2,0,4,0,0,0,0,0,0,0,0,0,0,0,0,0,Matches
Senegal,Abdoulaye Seck,DF,29,1,0,2,0,0,0,0,0,0,0,0,0,0,0,0,0,Matches
Senegal,Squad Total,,28.5,8,88,750,8.3,16,13,15,1,1,9,0,1.92,1.56,3.48,1.8,3.36,
Senegal,Opponent Total,,27.7,8,88,750,8.3,3,1,2,1,1,20,0,0.36,0.12,0.48,0.24,0.36,
Serbia,Sergej Milinković-Savić,"MF,FW",26,7,7,630,7,1,2,1,0,0,0,0,0.14,0.29,0.43,0.14,0.43,Matches
Serbia,Dušan Tadić,"FW,MF",33,8,7,607,6.7,2,6,1,1,1,1,0,0.3,0.89,1.19,0.15,1.04,Matches
Serbia,Filip Kostić,MF,29,8,7,585,6.5,1,2,1,0,0,0,0,0.15,0.31,0.46,0.15,0.46,Matches
Serbia,Strahinja Pavlović,DF,20,7,7,585,6.5,0,0,0,0,0,3,0,0,0,0,0,0,Matches
Serbia,Predrag Rajković,GK,26,6,6,540,6,0,0,0,0,0,0,0,0,0,0,0,0,Matches
Serbia,Nemanja Gudelj,MF,30,7,6,488,5.4,0,0,0,0,0,2,0,0,0,0,0,0,Matches
Serbia,Dušan Vlahović,FW,22,8,6,488,5.4,4,0,3,1,1,0,0,0.74,0,0.74,0.55,0.55,Matches
Serbia,Aleksandar Mitrović,FW,27,8,5,528,5.9,8,0,8,0,0,2,0,1.36,0,1.36,1.36,1.36,Matches
Serbia,Nikola Milenković,DF,24,5,5,449,5,1,0,1,0,0,1,1,0.2,0,0.2,0.2,0.2,Matches
Serbia,Saša Lukić,MF,25,5,4,360,4,0,1,0,0,0,0,0,0,0.25,0.25,0,0.25,Matches
Serbia,Stefan Mitrović,DF,31,4,4,360,4,0,0,0,0,0,0,0,0,0,0,0,0,Matches
Serbia,Miloš Veljković,DF,26,5,4,342,3.8,0,1,0,0,0,0,0,0,0.26,0.26,0,0.26,Matches
Serbia,Matija Nastasić,DF,28,3,3,262,2.9,0,0,0,0,0,0,0,0,0,0,0,0,Matches
Serbia,Darko Lazović,MF,31,5,3,226,2.5,0,1,0,0,0,0,0,0,0.4,0.4,0,0.4,Matches
Serbia,Filip Đuričić,"MF,FW",30,4,3,186,2.1,0,0,0,0,0,2,0,0,0,0,0,0,Matches
Serbia,Marko Dmitrović,GK,30,2,2,180,2,0,0,0,0,0,0,0,0,0,0,0,0,Matches
Serbia,Nemanja Radonjić,MF,25,7,1,255,2.8,0,2,0,0,0,1,0,0,0.71,0.71,0,0.71,Matches
Serbia,Uroš Spajić,DF,28,3,1,161,1.8,0,0,0,0,0,1,0,0,0,0,0,0,Matches
Serbia,Nemanja Maksimović,MF,27,7,1,152,1.7,0,0,0,0,0,1,0,0,0,0,0,0,Matches
Serbia,Luka Jović,FW,24,7,1,124,1.4,0,0,0,0,0,0,0,0,0,0,0,0,Matches
Serbia,Andrija Živković,MF,25,2,1,95,1.1,0,0,0,0,0,0,0,0,0,0,0,0,Matches
Serbia,Marko Grujić,MF,25,2,1,91,1,0,0,0,0,0,0,0,0,0,0,0,0,Matches
Serbia,Milan Gajić,MF,26,1,1,90,1,0,0,0,0,0,0,0,0,0,0,0,0,Matches
Serbia,Uroš Račić,MF,23,1,1,62,0.7,0,0,0,0,0,0,0,0,0,0,0,0,Matches
Serbia,Filip Mladenović,MF,30,2,1,48,0.5,0,0,0,0,0,0,0,0,0,0,0,0,Matches
Serbia,Mihailo Ristić,"DF,MF",26,2,0,25,0.3,0,0,0,0,0,0,0,0,0,0,0,0,Matches
Serbia,Squad Total,,27.2,8,88,720,8,17,15,15,2,2,14,1,2.12,1.87,4,1.87,3.75,
Serbia,Opponent Total,,27.8,8,88,720,8,8,6,7,1,1,17,1,1,0.75,1.75,0.87,1.62,
Spain,Unai Simón,GK,24,8,8,703,7.8,0,0,0,0,0,0,0,0,0,0,0,0,Matches
Spain,Ferrán Torres,FW,21,6,6,490,5.4,4,0,4,0,0,0,0,0.73,0,0.73,0.73,0.73,Matches
Spain,Álvaro Morata,FW,29,7,6,488,5.4,2,1,2,0,0,0,0,0.37,0.18,0.55,0.37,0.55,Matches
Spain,Sergio Busquets,MF,33,6,5,443,4.9,0,0,0,0,0,1,0,0,0,0,0,0,Matches
Spain,Koke,MF,30,5,5,415,4.6,0,2,0,0,0,0,0,0,0.43,0.43,0,0.43,Matches
Spain,Eric García,DF,21,5,5,414,4.6,0,0,0,0,0,0,0,0,0,0,0,0,Matches
Spain,Aymeric Laporte,DF,27,5,5,405,4.5,0,0,0,0,0,0,0,0,0,0,0,0,Matches
Spain,Marcos Llorente,"DF,MF",27,6,4,397,4.4,0,2,0,0,0,0,0,0,0.45,0.45,0,0.45,Matches
Spain,Jordi Alba,DF,32,4,4,360,4,0,4,0,0,0,1,0,0,1,1,0,1,Matches
Spain,Carlos Soler,MF,25,4,4,303,3.4,2,0,2,0,0,0,0,0.59,0,0.59,0.59,0.59,Matches
Spain,Iñigo Martínez,DF,30,5,3,358,4,0,0,0,0,0,1,0,0,0,0,0,0,Matches
Spain,Dani Olmo,"FW,MF",23,5,3,311,3.5,2,1,2,0,0,0,0,0.58,0.29,0.87,0.58,0.87,Matches
Spain,César Azpilicueta,DF,32,5,3,305,3.4,0,0,0,0,0,0,0,0,0,0,0,0,Matches
Spain,Rodri,MF,25,6,3,287,3.2,0,0,0,0,0,0,0,0,0,0,0,0,Matches
Spain,José Luis Gayà,DF,26,3,3,253,2.8,1,0,1,0,0,0,0,0.36,0,0.36,0.36,0.36,Matches
Spain,Pablo Sarabia,FW,29,5,3,239,2.7,2,0,1,1,1,1,0,0.75,0,0.75,0.38,0.38,Matches
Spain,Pedri,MF,19,3,2,184,2,0,1,0,0,0,0,0,0,0.49,0.49,0,0.49,Matches
Spain,Gavi Paez,MF,17,2,2,152,1.7,0,0,0,0,0,0,0,0,0,0,0,0,Matches
Spain,Raúl de Tomás,FW,27,2,2,114,1.3,0,0,0,0,0,0,0,0,0,0,0,0,Matches
Spain,Pablo Fornals,FW,25,3,1,114,1.3,1,1,1,0,0,0,0,0.79,0.79,1.58,0.79,1.58,Matches
Spain,Dani Carvajal,DF,30,1,1,90,1,0,0,0,0,0,1,0,0,0,0,0,0,Matches
Spain,Abel Ruiz,FW,22,1,1,90,1,0,0,0,0,0,0,0,0,0,0,0,0,Matches
Spain,Pau Torres,DF,25,1,1,90,1,0,0,0,0,0,0,0,0,0,0,0,0,Matches
Spain,Gerard Moreno,FW,29,2,1,86,1,1,0,1,0,0,0,0,1.05,0,1.05,1.05,1.05,Matches
Spain,Sergio Reguilón,DF,25,1,1,85,0.9,0,0,0,0,0,0,0,0,0,0,0,0,Matches
Spain,Fabián Ruiz Peña,MF,25,2,1,76,0.8,0,0,0,0,0,0,0,0,0,0,0,0,Matches
Spain,Bryan,FW,20,2,1,72,0.8,0,0,0,0,0,0,0,0,0,0,0,0,Matches
Spain,Sergio Canales,FW,30,2,1,72,0.8,0,0,0,0,0,0,0,0,0,0,0,0,Matches
Spain,Pedro Porro,DF,22,1,1,64,0.7,0,0,0,0,0,1,0,0,0,0,0,0,Matches
Spain,Sergio Ramos,DF,35,2,1,50,0.6,0,0,0,0,0,0,0,0,0,0,0,0,Matches
Spain,Diego Llorente,DF,28,1,1,45,0.5,0,0,0,0,0,1,0,0,0,0,0,0,Matches
Spain,Rodrigo,"FW,MF",30,2,0,66,0.7,0,0,0,0,0,0,0,0,0,0,0,0,Matches
Spain,Adama Traoré,"FW,MF",26,2,0,60,0.7,0,0,0,0,0,0,0,0,0,0,0,0,Matches
Spain,Thiago Alcántara,MF,30,2,0,56,0.6,0,0,0,0,0,0,0,0,0,0,0,0,Matches
Spain,Mikel Merino,MF,25,3,0,54,0.6,0,1,0,0,0,0,0,0,1.67,1.67,0,1.67,Matches
Spain,Raúl Albiol,DF,36,2,0,50,0.6,0,0,0,0,0,0,0,0,0,0,0,0,Matches
Spain,Mikel Oyarzabal,"FW,MF",24,2,0,37,0.4,0,0,0,0,0,0,0,0,0,0,0,0,Matches
Spain,Brais Méndez,"FW,MF",25,3,0,25,0.3,0,0,0,0,0,1,0,0,0,0,0,0,Matches
Spain,Robert Sánchez,GK,24,1,0,17,0.2,0,0,0,0,0,0,0,0,0,0,0,0,Matches
Spain,David de Gea,GK,31,0,0,,,,,,,,,,,,,,,Matches
Spain,Squad Total,,27,8,88,720,8,15,13,14,1,1,8,0,1.87,1.62,3.5,1.75,3.38,
Spain,Opponent Total,,27.7,8,88,720,8,5,2,4,1,1,14,1,0.62,0.25,0.87,0.5,0.75,
Switzerland,Yann Sommer,GK,33,8,8,720,8,0,0,0,0,0,0,0,0,0,0,0,0,Matches
Switzerland,Remo Freuler,MF,29,7,7,600,6.7,1,0,1,0,0,1,0,0.15,0,0.15,0.15,0.15,Matches
Switzerland,Ricardo Rodríguez,DF,29,7,7,535,5.9,0,1,0,0,0,0,0,0,0.17,0.17,0,0.17,Matches
Switzerland,Nico Elvedi,DF,25,6,6,540,6,0,0,0,0,0,1,0,0,0,0,0,0,Matches
Switzerland,Silvan Widmer,"DF,MF",28,7,6,519,5.8,1,0,1,0,0,0,0,0.17,0,0.17,0.17,0.17,Matches
Switzerland,Manuel Akanji,DF,26,6,6,502,5.6,0,0,0,0,0,2,0,0,0,0,0,0,Matches
Switzerland,Xherdan Shaqiri,MF,30,6,6,484,5.4,1,4,1,0,0,0,0,0.19,0.74,0.93,0.19,0.93,Matches
Switzerland,Denis Zakaria,MF,25,7,4,424,4.7,0,0,0,0,0,2,0,0,0,0,0,0,Matches
Switzerland,Ruben Vargas,MF,23,7,4,399,4.4,1,0,1,0,0,0,0,0.23,0,0.23,0.23,0.23,Matches
Switzerland,Renato Steffen,"MF,FW",30,6,4,348,3.9,1,1,1,0,0,0,0,0.26,0.26,0.52,0.26,0.52,Matches
Switzerland,Haris Seferović,FW,29,4,4,335,3.7,1,0,1,0,1,0,0,0.27,0,0.27,0.27,0.27,Matches
Switzerland,Breel Embolo,FW,24,4,4,330,3.7,3,3,3,0,0,0,0,0.82,0.82,1.64,0.82,1.64,Matches
Switzerland,Steven Zuber,MF,30,6,4,324,3.6,2,0,2,0,0,0,0,0.56,0,0.56,0.56,0.56,Matches
Switzerland,Fabian Schär,DF,30,4,3,307,3.4,0,2,0,0,0,1,0,0,0.59,0.59,0,0.59,Matches
Switzerland,Kevin Mbabu,"DF,MF",26,3,3,260,2.9,0,0,0,0,0,1,0,0,0,0,0,0,Matches
Switzerland,Fabian Frei,"MF,DF",33,4,3,251,2.8,0,0,0,0,0,2,0,0,0,0,0,0,Matches
Switzerland,Granit Xhaka,MF,29,2,2,180,2,0,0,0,0,0,0,0,0,0,0,0,0,Matches
Switzerland,Djibril Sow,MF,24,6,2,171,1.9,0,0,0,0,0,1,0,0,0,0,0,0,Matches
Switzerland,Noah Okafor,"MF,FW",21,2,2,145,1.6,1,1,1,0,0,0,0,0.62,0.62,1.24,0.62,1.24,Matches
Switzerland,Christian Fassnacht,MF,28,4,1,114,1.3,1,0,1,0,0,0,0,0.79,0,0.79,0.79,0.79,Matches
Switzerland,Mario Gavranović,FW,32,4,1,113,1.3,1,1,1,0,0,0,0,0.8,0.8,1.59,0.8,1.59,Matches
Switzerland,Michel Aebischer,MF,25,3,1,96,1.1,0,0,0,0,0,1,0,0,0,0,0,0,Matches
Switzerland,Ulisses Garcia,DF,26,3,0,95,1.1,0,0,0,0,0,1,0,0,0,0,0,0,Matches
Switzerland,Andi Zeqiri,FW,22,4,0,37,0.4,0,0,0,0,0,0,0,0,0,0,0,0,Matches
Switzerland,Edimilson Fernandes,MF,25,1,0,26,0.3,0,0,0,0,0,0,0,0,0,0,0,0,Matches
Switzerland,Cedric Itten,"FW,MF",25,3,0,26,0.3,1,1,1,0,0,0,0,3.46,3.46,6.92,3.46,6.92,Matches
Switzerland,Kastriot Imeri,MF,21,1,0,22,0.2,0,0,0,0,0,0,0,0,0,0,0,0,Matches
Switzerland,Admir Mehmedi,"FW,MF",30,2,0,12,0.1,0,0,0,0,0,0,0,0,0,0,0,0,Matches
Switzerland,Jordan Lotomba,"DF,MF",23,1,0,5,0.1,0,0,0,0,0,0,0,0,0,0,0,0,Matches
Switzerland,Squad Total,,28.4,8,88,720,8,15,14,15,0,1,13,0,1.87,1.75,3.62,1.87,3.62,
Switzerland,Opponent Total,,28.5,8,88,720,8,2,1,2,0,2,14,1,0.25,0.12,0.37,0.25,0.37,
Tunisia,Ali Maâloul,"DF,MF",32,8,8,720,8,1,1,1,0,0,1,0,0.12,0.12,0.25,0.12,0.25,Matches
Tunisia,Aïssa Laïdouni,MF,25,8,8,690,7.7,1,0,1,0,0,1,0,0.13,0,0.13,0.13,0.13,Matches
Tunisia,Farouk Ben Mustapha,GK,32,6,6,540,6,0,0,0,0,0,0,0,0,0,0,0,0,Matches
Tunisia,Dylan Bronn,DF,26,6,6,540,6,1,0,1,0,0,1,0,0.17,0,0.17,0.17,0.17,Matches
Tunisia,Naïm Sliti,"FW,MF",29,6,6,477,5.3,0,2,0,0,0,0,0,0,0.38,0.38,0,0.38,Matches
Tunisia,Seifeddine Jaziri,FW,28,7,5,442,4.9,1,0,1,0,0,1,0,0.2,0,0.2,0.2,0.2,Matches
Tunisia,Yassine Meriah,DF,28,5,5,434,4.8,0,1,0,0,0,1,0,0,0.21,0.21,0,0.21,Matches
Tunisia,Wahbi Khazri,FW,30,6,5,410,4.6,3,1,1,2,3,2,0,0.66,0.22,0.88,0.22,0.44,Matches
Tunisia,Ferjani Sassi,MF,29,5,5,379,4.2,0,0,0,0,0,3,0,0,0,0,0,0,Matches
Tunisia,Montassar Talbi,DF,23,6,4,378,4.2,0,0,0,0,0,0,0,0,0,0,0,0,Matches
Tunisia,Ellyes Skhiri,MF,26,5,4,365,4.1,2,0,2,0,0,0,0,0.49,0,0.49,0.49,0.49,Matches
Tunisia,Mohamed Dräger,"DF,MF",25,3,3,246,2.7,1,0,1,0,0,0,0,0.37,0,0.37,0.37,0.37,Matches
Tunisia,Wajdi Kechrida,DF,26,3,3,225,2.5,0,0,0,0,0,1,0,0,0,0,0,0,Matches
Tunisia,Anis Ben Slimane,"MF,FW",20,6,2,269,3,1,0,1,0,0,0,0,0.33,0,0.33,0.33,0.33,Matches
Tunisia,Mohamed Ali Ben Romdhane,MF,22,7,2,262,2.9,0,0,0,0,0,1,0,0,0,0,0,0,Matches
Tunisia,Hamza Mathlouthi,DF,29,4,2,249,2.8,0,0,0,0,0,1,0,0,0,0,0,0,Matches
Tunisia,Youssef Msakni,"MF,FW",31,4,2,240,2.7,0,0,0,0,0,0,0,0,0,0,0,0,Matches
Tunisia,Ghaylène Chaalali,MF,27,4,2,185,2.1,0,0,0,0,0,0,0,0,0,0,0,0,Matches
Tunisia,Bechir Ben Saïd,GK,29,2,2,180,2,0,0,0,0,0,1,0,0,0,0,0,0,Matches
Tunisia,Nader Ghandri,DF,26,2,2,180,2,0,0,0,0,0,1,0,0,0,0,0,0,Matches
Tunisia,Fakhreddine Ben Youssef,FW,30,4,2,141,1.6,0,0,0,0,0,0,0,0,0,0,0,0,Matches
Tunisia,Saîf-Eddine Khaoui,"MF,FW",26,3,2,95,1.1,0,1,0,0,0,0,0,0,0.95,0.95,0,0.95,Matches
Tunisia,Hamza Rafia,FW,22,4,1,105,1.2,0,0,0,0,0,0,0,0,0,0,0,0,Matches
Tunisia,Saad Bguir,MF,27,2,1,102,1.1,0,0,0,0,0,0,0,0,0,0,0,0,Matches
Tunisia,Taha Yassine Khenissi,FW,30,2,0,51,0.6,0,0,0,0,0,0,0,0,0,0,0,0,Matches
Tunisia,Sebastian Tounekti,FW,19,1,0,7,0.1,0,0,0,0,0,0,0,0,0,0,0,0,Matches
Tunisia,Mortadha Ben Ouannes,MF,27,1,0,6,0.1,0,0,0,0,0,0,0,0,0,0,0,0,Matches
Tunisia,Bilel Ifa,DF,31,1,0,1,0,0,0,0,0,0,0,0,0,0,0,0,0,Matches
Tunisia,Hannibal Mejbri,MF,19,1,0,1,0,0,0,0,0,0,0,0,0,0,0,0,0,Matches
Tunisia,Squad Total,,28.1,8,88,720,8,11,6,9,2,3,15,0,1.37,0.75,2.12,1.13,1.87,
Tunisia,Opponent Total,,26.1,8,88,720,8,2,0,2,0,1,15,1,0.25,0,0.25,0.25,0.25,
United States,Tyler Adams,MF,22,13,12,"1,019",11.3,0,0,0,0,0,1,0,0,0,0,0,0,Matches
United States,Antonee Robinson,DF,24,13,11,"1,062",11.8,2,3,2,0,0,0,0,0.17,0.25,0.42,0.17,0.42,Matches
United States,Miles Robinson,DF,24,11,11,962,10.7,0,0,0,0,0,3,1,0,0,0,0,0,Matches
United States,Yunus Musah,MF,19,10,10,732,8.1,0,1,0,0,0,0,0,0,0.12,0.12,0,0.12,Matches
United States,Walker Zimmerman,DF,28,10,9,815,9.1,1,1,1,0,0,0,0,0.11,0.11,0.22,0.11,0.22,Matches
United States,Matt Turner,GK,27,8,8,720,8,0,0,0,0,0,0,0,0,0,0,0,0,Matches
United States,Ricardo Pepi,FW,19,10,8,641,7.1,3,1,3,0,0,0,0,0.42,0.14,0.56,0.42,0.56,Matches
United States,Timothy Weah,FW,21,9,8,581,6.5,1,1,1,0,0,2,0,0.15,0.15,0.31,0.15,0.31,Matches
United States,Brenden Aaronson,FW,21,11,7,654,7.3,2,1,2,0,0,0,0,0.28,0.14,0.41,0.28,0.41,Matches
United States,Weston McKennie,MF,23,7,7,623,6.9,2,0,2,0,0,2,0,0.29,0,0.29,0.29,0.29,Matches
United States,Christian Pulisic,FW,23,10,7,614,6.8,5,0,3,2,2,1,0,0.73,0,0.73,0.44,0.44,Matches
United States,Kellyn Acosta,MF,26,13,6,678,7.5,0,1,0,0,0,0,0,0,0.13,0.13,0,0.13,Matches
United States,Zack Steffen,GK,26,6,6,540,6,0,0,0,0,0,1,0,0,0,0,0,0,Matches
United States,Sergiño Dest,DF,21,6,6,419,4.7,1,1,1,0,0,0,0,0.21,0.21,0.43,0.21,0.43,Matches
United States,DeAndre Yedlin,DF,28,9,5,502,5.6,0,1,0,0,0,2,0,0,0.18,0.18,0,0.18,Matches
United States,Chris Richards,DF,21,5,4,361,4,0,0,0,0,0,0,0,0,0,0,0,0,Matches
United States,Paul Arriola,FW,26,5,3,209,2.3,1,1,1,0,0,0,0,0.43,0.43,0.86,0.43,0.86,Matches
United States,Luca de la Torre,MF,23,4,2,239,2.7,0,0,0,0,0,0,0,0,0,0,0,0,Matches
United States,Sebastian Lletget,MF,29,4,2,230,2.6,1,0,1,0,0,0,0,0.39,0,0.39,0.39,0.39,Matches
United States,Jesus Ferreira,FW,21,6,2,229,2.5,1,0,1,0,0,0,0,0.39,0,0.39,0.39,0.39,Matches
United States,Shaquell Moore,DF,25,4,2,201,2.2,0,0,0,0,0,0,0,0,0,0,0,0,Matches
United States,Mark McKenzie,DF,22,2,2,180,2,0,0,0,0,0,0,0,0,0,0,0,0,Matches
United States,Gyasi Zardes,FW,30,5,2,179,2,0,0,0,0,0,0,0,0,0,0,0,0,Matches
United States,George Bello,"MF,DF",20,2,2,135,1.5,0,0,0,0,0,0,0,0,0,0,0,0,Matches
United States,John Brooks,DF,29,2,2,135,1.5,0,0,0,0,0,1,0,0,0,0,0,0,Matches
United States,Josh Sargent,FW,21,3,2,116,1.3,0,0,0,0,0,0,0,0,0,0,0,0,Matches
United States,Gio Reyna,"FW,MF",19,4,1,196,2.2,0,0,0,0,0,0,0,0,0,0,0,0,Matches
United States,Jordan Pefok,FW,25,3,1,140,1.6,0,0,0,0,0,1,0,0,0,0,0,0,Matches
United States,Jordan Morris,FW,27,6,1,139,1.5,0,0,0,0,0,0,0,0,0,0,0,0,Matches
United States,Gianluca Busio,MF,19,3,1,123,1.4,0,0,0,0,0,0,0,0,0,0,0,0,Matches
United States,Reggie Cannon,DF,23,2,1,105,1.2,0,0,0,0,0,0,0,0,0,0,0,0,Matches
United States,Tim Ream,DF,34,1,1,90,1,0,0,0,0,0,0,0,0,0,0,0,0,Matches
United States,James Sands,MF,21,1,1,72,0.8,0,0,0,0,0,0,0,0,0,0,0,0,Matches
United States,Konrad De La Fuente,FW,20,2,1,71,0.8,0,0,0,0,0,0,0,0,0,0,0,0,Matches
United States,Cristian Roldan,"FW,MF",26,5,0,80,0.9,0,0,0,0,0,0,0,0,0,0,0,0,Matches
United States,Aaron Long,DF,29,2,0,37,0.4,0,0,0,0,0,1,0,0,0,0,0,0,Matches
United States,Matthew Hoppe,FW,20,1,0,18,0.2,0,0,0,0,0,0,0,0,0,0,0,0,Matches
United States,Erik Palmer-Brown,DF,24,1,0,11,0.1,0,0,0,0,0,0,0,0,0,0,0,0,Matches
United States,Ethan Horvath,GK,26,0,0,,,,,,,,,,,,,,,Matches
United States,Squad Total,,24.2,14,154,"1,260",14,20,12,18,2,2,15,1,1.43,0.86,2.29,1.29,2.14,
United States,Opponent Total,,28,14,154,"1,260",14,10,7,10,0,0,21,0,0.71,0.5,1.21,0.71,1.21,
Uruguay,Diego Godín,DF,35,17,17,"1,516",16.8,0,0,0,0,0,1,0,0,0,0,0,0,Matches
Uruguay,Rodrigo Bentancur,MF,24,16,16,"1,223",13.6,1,0,1,0,0,6,0,0.07,0,0.07,0.07,0.07,Matches
Uruguay,Federico Valverde,MF,23,14,14,"1,229",13.7,2,0,2,0,0,2,0,0.15,0,0.15,0.15,0.15,Matches
Uruguay,José María Giménez,DF,27,13,13,"1,137",12.6,0,0,0,0,0,1,0,0,0,0,0,0,Matches
Uruguay,Luis Suárez,FW,35,14,12,"1,106",12.3,8,0,3,5,5,1,0,0.65,0,0.65,0.24,0.24,Matches
Uruguay,Nahitan Nández,"DF,MF",26,13,11,914,10.2,0,2,0,0,0,3,0,0,0.2,0.2,0,0.2,Matches
Uruguay,Matías Vecino,MF,30,11,11,793,8.8,0,1,0,0,0,2,0,0,0.11,0.11,0,0.11,Matches
Uruguay,Fernando Muslera,GK,35,10,10,900,10,0,0,0,0,0,0,0,0,0,0,0,0,Matches
Uruguay,Matías Viña,"DF,MF",24,11,10,826,9.2,0,0,0,0,0,0,0,0,0,0,0,0,Matches
Uruguay,Martín Cáceres,DF,34,11,8,775,8.6,0,0,0,0,0,3,0,0,0,0,0,0,Matches
Uruguay,Brian Rodríguez,"MF,FW",21,11,8,574,6.4,0,1,0,0,0,0,0,0,0.16,0.16,0,0.16,Matches
Uruguay,Ronald Araújo,DF,22,9,7,649,7.2,0,1,0,0,0,1,0,0,0.14,0.14,0,0.14,Matches
Uruguay,Giorgian De Arrascaeta,"MF,FW",27,8,7,548,6.1,5,0,4,1,1,0,0,0.82,0,0.82,0.66,0.66,Matches
Uruguay,Lucas Torreira,MF,25,11,6,602,6.7,0,1,0,0,0,0,0,0,0.15,0.15,0,0.15,Matches
Uruguay,Nicolás De La Cruz,MF,24,9,6,434,4.8,0,0,0,0,0,0,0,0,0,0,0,0,Matches
Uruguay,Edinson Cavani,FW,34,9,5,466,5.2,2,0,2,0,0,1,1,0.39,0,0.39,0.39,0.39,Matches
Uruguay,Martín Campaña,GK,32,4,4,360,4,0,0,0,0,0,0,0,0,0,0,0,0,Matches
Uruguay,Sebastián Coates,DF,31,4,4,360,4,0,0,0,0,0,2,0,0,0,0,0,0,Matches
Uruguay,Sergio Rochet,GK,28,4,4,360,4,0,0,0,0,0,0,0,0,0,0,0,0,Matches
Uruguay,Darwin Núñez,FW,22,8,3,429,4.8,1,0,1,0,0,0,0,0.21,0,0.21,0.21,0.21,Matches
Uruguay,Joaquín Piquerez,DF,23,7,3,336,3.7,0,1,0,0,0,0,0,0,0.27,0.27,0,0.27,Matches
Uruguay,Agustín Álvarez Martínez,FW,20,4,3,278,3.1,1,0,1,0,0,0,0,0.32,0,0.32,0.32,0.32,Matches
Uruguay,Mathías Olivera,DF,24,3,3,270,3,0,0,0,0,0,1,0,0,0,0,0,0,Matches
Uruguay,Facundo Pellistri,MF,20,3,3,218,2.4,0,0,0,0,0,2,0,0,0,0,0,0,Matches
Uruguay,Giovanni González,"MF,DF",27,5,2,252,2.8,0,0,0,0,0,1,0,0,0,0,0,0,Matches
Uruguay,Facundo Torres,MF,21,5,2,239,2.7,0,0,0,0,0,0,0,0,0,0,0,0,Matches
Uruguay,Jonathan Rodríguez,"MF,FW",28,8,2,235,2.6,0,0,0,0,0,1,0,0,0,0,0,0,Matches
Uruguay,Maxi Gómez,FW,25,6,2,174,1.9,1,0,1,0,0,1,0,0.52,0,0.52,0.52,0.52,Matches
Uruguay,Agustín Oliveros,DF,23,1,1,90,1,0,0,0,0,0,0,0,0,0,0,0,0,Matches
Uruguay,Diego Rossi,MF,23,1,1,73,0.8,0,0,0,0,0,0,0,0,0,0,0,0,Matches
Uruguay,Mauro Arambarri,MF,26,10,0,184,2,0,0,0,0,0,0,0,0,0,0,0,0,Matches
Uruguay,Damián Suárez,DF,33,4,0,49,0.5,0,0,0,0,0,0,0,0,0,0,0,0,Matches
Uruguay,David Terans,"FW,MF",27,2,0,47,0.5,0,0,0,0,0,0,0,0,0,0,0,0,Matches
Uruguay,Agustín Canobbio,MF,23,2,0,45,0.5,0,0,0,0,0,0,0,0,0,0,0,0,Matches
Uruguay,Manuel Ugarte Ribeiro,MF,20,2,0,38,0.4,0,0,0,0,0,0,0,0,0,0,0,0,Matches
Uruguay,Fernando Gorriarán,MF,27,3,0,32,0.4,0,0,0,0,0,0,0,0,0,0,0,0,Matches
Uruguay,Gastón Pereiro,"FW,MF",26,3,0,31,0.3,1,0,1,0,0,0,0,2.9,0,2.9,2.9,2.9,Matches
Uruguay,Federico Martínez,MF,25,1,0,7,0.1,0,0,0,0,0,0,0,0,0,0,0,0,Matches
Uruguay,Gabriel Neves,MF,24,1,0,1,0,0,0,0,0,0,0,0,0,0,0,0,0,Matches
Uruguay,Squad Total,,28.2,18,198,"1,620",18,22,7,16,6,6,29,1,1.22,0.39,1.61,0.89,1.28,
Uruguay,Opponent Total,,28.5,18,198,"1,620",18,22,17,21,1,2,37,3,1.22,0.94,2.17,1.17,2.11,
Wales,Daniel James,"FW,MF",24,10,10,862,9.6,2,2,2,0,0,1,0,0.21,0.21,0.42,0.21,0.42,Matches
Wales,Joe Allen,MF,31,9,9,727,8.1,0,0,0,0,0,2,0,0,0,0,0,0,Matches
Wales,Ethan Ampadu,"MF,DF",21,8,8,720,8,0,0,0,0,0,2,0,0,0,0,0,0,Matches
Wales,Joe Rodon,DF,24,8,8,720,8,0,0,0,0,0,0,0,0,0,0,0,0,Matches
Wales,Danny Ward,GK,28,8,8,719,8,0,0,0,0,0,0,0,0,0,0,0,0,Matches
Wales,Connor Roberts,"DF,MF",26,8,7,639,7.1,1,0,1,0,0,2,1,0.14,0,0.14,0.14,0.14,Matches
Wales,Neco Williams,"DF,MF",20,7,7,614,6.8,1,1,1,0,0,1,0,0.15,0.15,0.29,0.15,0.29,Matches
Wales,Chris Mepham,DF,24,8,7,592,6.6,0,0,0,0,0,0,0,0,0,0,0,0,Matches
Wales,Gareth Bale,FW,32,7,7,569,6.3,5,4,3,2,2,0,0,0.79,0.63,1.42,0.47,1.11,Matches
Wales,Ben Davies,DF,28,6,6,540,6,1,2,1,0,0,0,0,0.17,0.33,0.5,0.17,0.5,Matches
Wales,Aaron Ramsey,MF,31,6,6,508,5.6,3,0,2,1,1,1,0,0.53,0,0.53,0.35,0.35,Matches
Wales,Harry Wilson,"MF,FW",24,8,6,476,5.3,1,3,1,0,0,2,0,0.19,0.57,0.76,0.19,0.76,Matches
Wales,Joe Morrell,MF,25,8,5,533,5.9,0,0,0,0,0,2,0,0,0,0,0,0,Matches
Wales,Kieffer Moore,FW,29,6,4,381,4.2,2,0,2,0,0,3,0,0.47,0,0.47,0.47,0.47,Matches
Wales,James Lawrence,DF,29,3,3,270,3,0,0,0,0,0,1,0,0,0,0,0,0,Matches
Wales,Chris Gunter,DF,32,4,3,247,2.7,0,0,0,0,0,1,0,0,0,0,0,0,Matches
Wales,Wayne Hennessey,GK,35,3,2,181,2,0,0,0,0,0,0,0,0,0,0,0,0,Matches
Wales,Brennan Johnson,FW,20,6,1,139,1.5,0,0,0,0,0,0,0,0,0,0,0,0,Matches
Wales,Tyler Roberts,FW,23,4,1,107,1.2,0,0,0,0,0,0,0,0,0,0,0,0,Matches
Wales,Sorba Thomas,DF,22,2,1,105,1.2,0,0,0,0,0,1,0,0,0,0,0,0,Matches
Wales,Rubin Colwill,MF,19,1,1,56,0.6,0,0,0,0,0,0,0,0,0,0,0,0,Matches
Wales,Jonny Williams,"FW,MF",28,3,0,98,1.1,0,0,0,0,0,0,0,0,0,0,0,0,Matches
Wales,Mark Harris,FW,23,3,0,82,0.9,0,0,0,0,0,0,0,0,0,0,0,0,Matches
Wales,Rhys Norrington-Davies,"DF,MF",22,1,0,1,0,0,0,0,0,0,0,0,0,0,0,0,0,Matches
Wales,Squad Total,,26.7,10,110,900,10,16,12,13,3,3,19,1,1.6,1.2,2.8,1.3,2.5,
Wales,Opponent Total,,27.7,10,110,900,10,9,6,7,2,2,21,1,0.9,0.6,1.5,0.7,1.3,
