Country,Player,Age,MP,Starts,Minutes,fullgmsplayed,Gls,Ast,G_PK,PK,PKatt,CrdY,CrdR,Gls_90,Ast_90,G_A_90,G_PK_90,G_A_PK_90
Argentina,Rodrigo De Paul,27,16,16,1272,14.10,1,3,1,0,0,2,0,0.07,0.21,0.28,0.07,0.28
Argentina,Nicolás Otamendi,33,15,15,1331,14.80,0,0,0,0,0,5,0,0.00,0.00,0.00,0.00,0.00
Argentina,Lionel Messi,34,15,14,1275,14.20,7,0,5,2,2,0,0,0.49,0.00,0.49,0.35,0.35
Argentina,Leandro Paredes,27,14,14,1133,12.60,1,2,1,0,0,4,0,0.08,0.16,0.24,0.08,0.24
Argentina,Lautaro Martínez,24,14,14,1049,11.70,7,3,7,0,0,0,0,0.60,0.26,0.86,0.60,0.86
Argentina,Emiliano Martínez,29,10,10,849,9.40,0,0,0,0,0,0,0,0.00,0.00,0.00,0.00,0.00
Argentina,Nahuel Molina,23,10,9,820,9.10,0,1,0,0,0,0,0,0.00,0.11,0.11,0.00,0.11
Argentina,Giovani Lo Celso,25,11,9,779,8.70,0,5,0,0,0,1,0,0.00,0.58,0.58,0.00,0.58
Argentina,Marcos Acuña,30,10,9,772,8.60,0,0,0,0,0,2,0,0.00,0.00,0.00,0.00,0.00
Argentina,Ángel Di María,33,13,9,708,7.90,3,1,3,0,0,0,0,0.38,0.13,0.51,0.38,0.51
Argentina,Nicolás Tagliafico,29,9,8,754,8.40,0,0,0,0,0,3,0,0.00,0.00,0.00,0.00,0.00
Argentina,Gonzalo Montiel,25,7,7,610,6.80,0,0,0,0,0,2,0,0.00,0.00,0.00,0.00,0.00
Argentina,Nicolás González,23,11,7,607,6.70,3,1,3,0,0,0,0,0.44,0.15,0.59,0.44,0.59
Argentina,Cristian Romero,23,7,7,565,6.30,1,0,1,0,0,3,0,0.16,0.00,0.16,0.16,0.16
Argentina,Lucas Martínez Quarta,25,8,6,515,5.70,0,0,0,0,0,1,0,0.00,0.00,0.00,0.00,0.00
Argentina,Franco Armani,35,5,5,450,5.00,0,0,0,0,0,0,0,0.00,0.00,0.00,0.00,0.00
Argentina,Lucas Ocampos,27,7,5,349,3.90,0,0,0,0,0,1,0,0.00,0.00,0.00,0.00,0.00
Argentina,Germán Pezzella,30,6,4,425,4.70,0,0,0,0,0,2,0,0.00,0.00,0.00,0.00,0.00
Argentina,Guido Rodríguez,27,8,3,339,3.80,0,0,0,0,0,0,0,0.00,0.00,0.00,0.00,0.00
Argentina,Papu Gómez,33,7,3,308,3.40,0,0,0,0,0,0,0,0.00,0.00,0.00,0.00,0.00
Argentina,Joaquín Correa,27,10,2,395,4.40,2,0,2,0,0,0,0,0.46,0.00,0.46,0.46,0.46
Argentina,Lisandro Martínez,24,4,2,270,3.00,0,0,0,0,0,0,0,0.00,0.00,0.00,0.00,0.00
Argentina,Exequiel Palacios,23,10,2,248,2.80,0,0,0,0,0,1,0,0.00,0.00,0.00,0.00,0.00
Argentina,Alexis Mac Allister,23,2,2,127,1.40,0,0,0,0,0,1,0,0.00,0.00,0.00,0.00,0.00
Argentina,Julián Álvarez,22,6,1,160,1.80,1,0,1,0,0,0,0,0.56,0.00,0.56,0.56,0.56
Argentina,Juan Foyth,24,4,1,126,1.40,0,0,0,0,0,0,0,0.00,0.00,0.00,0.00,0.00
Argentina,Juan Musso,27,1,1,90,1.00,0,0,0,0,0,0,0,0.00,0.00,0.00,0.00,0.00
Argentina,Gerónimo Rulli,29,1,1,90,1.00,0,0,0,0,0,0,0,0.00,0.00,0.00,0.00,0.00
Argentina,Paulo Dybala,28,3,1,78,0.90,0,1,0,0,0,1,0,0.00,1.15,1.15,0.00,1.15
Argentina,Ángel Correa,26,6,0,136,1.50,1,0,1,0,0,0,0,0.66,0.00,0.66,0.66,0.66
Argentina,Agustín Marchesín,33,1,0,51,0.60,0,0,0,0,0,0,0,0.00,0.00,0.00,0.00,0.00
Argentina,Nicolás Domínguez,23,4,0,42,0.50,0,0,0,0,0,1,0,0.00,0.00,0.00,0.00,0.00
Argentina,Maximiliano Meza,29,1,0,33,0.40,0,0,0,0,0,0,0,0.00,0.00,0.00,0.00,0.00
Argentina,Eduardo Salvio,31,1,0,25,0.30,0,0,0,0,0,0,0,0.00,0.00,0.00,0.00,0.00
Argentina,Lucas Alario,29,2,0,23,0.30,0,0,0,0,0,0,0,0.00,0.00,0.00,0.00,0.00
Argentina,Facundo Medina,22,2,0,12,0.10,0,0,0,0,0,0,0,0.00,0.00,0.00,0.00,0.00
Argentina,Emi Buendía,25,1,0,11,0.10,0,0,0,0,0,0,0,0.00,0.00,0.00,0.00,0.00
Argentina,Lucas Boyé,25,1,0,3,0.00,0,0,0,0,0,0,0,0.00,0.00,0.00,0.00,0.00
Argentina,Squad Total,29,17,187,1620,18.00,27,17,25,2,2,30,0,1.50,0.94,2.44,1.39,2.33
Argentina,Opponent Total,29,17,187,1620,18.00,8,3,5,3,5,47,1,0.44,0.17,0.61,0.28,0.44
Australia,Martin Boyle,28,1,1,120,1.30,0,0,0,0,0,0,0,0.00,0.00,0.00,0.00,0.00
Australia,Ajdin Hrustic,25,1,1,120,1.30,0,0,0,0,0,0,0,0.00,0.00,0.00,0.00,0.00
Australia,Jackson Irvine,28,1,1,120,1.30,0,0,0,0,0,0,0,0.00,0.00,0.00,0.00,0.00
Australia,Aaron Mooy,31,1,1,120,1.30,0,0,0,0,0,0,0,0.00,0.00,0.00,0.00,0.00
Australia,Kye Rowles,23,1,1,120,1.30,0,0,0,0,0,0,0,0.00,0.00,0.00,0.00,0.00
Australia,Bailey Wright,29,1,1,120,1.30,0,0,0,0,0,0,0,0.00,0.00,0.00,0.00,0.00
Australia,Aziz Behich,31,1,1,119,1.30,0,0,0,0,0,0,0,0.00,0.00,0.00,0.00,0.00
Australia,Mathew Ryan,29,1,1,119,1.30,0,0,0,0,0,0,0,0.00,0.00,0.00,0.00,0.00
Australia,Nathaniel Atkinson,22,1,1,90,1.00,0,0,0,0,0,1,0,0.00,0.00,0.00,0.00,0.00
Australia,Mathew Leckie,30,1,1,85,0.90,0,0,0,0,0,0,0,0.00,0.00,0.00,0.00,0.00
Australia,Mitchell Duke,31,1,1,68,0.80,0,0,0,0,0,0,0,0.00,0.00,0.00,0.00,0.00
Australia,Awer Mabil,26,1,0,52,0.60,0,0,0,0,0,0,0,0.00,0.00,0.00,0.00,0.00
Australia,Jamie Maclaren,28,1,0,35,0.40,0,0,0,0,0,0,0,0.00,0.00,0.00,0.00,0.00
Australia,Fran Karacic,25,1,0,30,0.30,0,0,0,0,0,0,0,0.00,0.00,0.00,0.00,0.00
Australia,Craig Goodwin,30,1,0,1,0.00,0,0,0,0,0,0,0,0.00,0.00,0.00,0.00,0.00
Australia,Andrew Redmayne,33,1,0,1,0.00,0,0,0,0,0,0,0,0.00,0.00,0.00,0.00,0.00
Australia,Squad Total,28,1,11,120,1.30,0,0,0,0,0,1,0,0.00,0.00,0.00,0.00,0.00
Australia,Opponent Total,30,1,11,120,1.30,0,0,0,0,0,1,0,0.00,0.00,0.00,0.00,0.00
Belgium,Jason Denayer,26,7,6,540,6.00,0,0,0,0,0,0,0,0.00,0.00,0.00,0.00,0.00
Belgium,Toby Alderweireld,32,6,6,532,5.90,0,1,0,0,0,0,0,0.00,0.17,0.17,0.00,0.17
Belgium,Thibaut Courtois,29,5,5,450,5.00,0,0,0,0,0,0,0,0.00,0.00,0.00,0.00,0.00
Belgium,Hans Vanaken,29,5,5,440,4.90,3,4,3,0,0,0,0,0.61,0.82,1.43,0.61,1.43
Belgium,Jan Vertonghen,34,6,5,429,4.80,0,0,0,0,0,2,0,0.00,0.00,0.00,0.00,0.00
Belgium,Timothy Castagne,26,6,5,426,4.70,0,0,0,0,0,1,0,0.00,0.00,0.00,0.00,0.00
Belgium,Youri Tielemans,24,5,4,370,4.10,0,0,0,0,0,0,0,0.00,0.00,0.00,0.00,0.00
Belgium,Axel Witsel,33,4,4,360,4.00,1,0,1,0,0,1,0,0.25,0.00,0.25,0.25,0.25
Belgium,Kevin De Bruyne,30,4,4,352,3.90,2,2,2,0,0,0,0,0.51,0.51,1.02,0.51,1.02
Belgium,Romelu Lukaku,28,4,4,333,3.70,5,1,4,1,1,2,0,1.35,0.27,1.62,1.08,1.35
Belgium,Thomas Meunier,30,4,4,325,3.60,0,2,0,0,0,0,0,0.00,0.55,0.55,0.00,0.55
Belgium,Dedryck Boyata,31,4,3,315,3.50,0,0,0,0,0,0,0,0.00,0.00,0.00,0.00,0.00
Belgium,Leandro Trossard,27,7,3,299,3.30,2,1,2,0,0,0,0,0.60,0.30,0.90,0.60,0.90
Belgium,Thorgan Hazard,28,4,3,291,3.20,2,1,2,0,0,2,0,0.62,0.31,0.93,0.62,0.93
Belgium,Eden Hazard,31,4,3,237,2.60,1,1,1,0,0,0,0,0.38,0.38,0.76,0.38,0.76
Belgium,Yannick Carrasco,28,3,3,208,2.30,1,2,1,0,0,0,0,0.43,0.87,1.30,0.43,1.30
Belgium,Leander Dendoncker,26,7,2,264,2.90,0,0,0,0,0,1,0,0.00,0.00,0.00,0.00,0.00
Belgium,Alexis Saelemaekers,22,5,2,243,2.70,1,1,1,0,0,2,0,0.37,0.37,0.74,0.37,0.74
Belgium,Koen Casteels,29,2,2,180,2.00,0,0,0,0,0,0,0,0.00,0.00,0.00,0.00,0.00
Belgium,Dries Mertens,34,3,2,164,1.80,0,0,0,0,0,0,0,0.00,0.00,0.00,0.00,0.00
Belgium,Dennis Praet,27,2,2,160,1.80,2,1,2,0,0,0,0,1.13,0.56,1.69,1.13,1.69
Belgium,Michy Batshuayi,28,3,2,156,1.70,1,1,1,0,0,1,0,0.58,0.58,1.15,0.58,1.15
Belgium,Christian Benteke,31,4,1,141,1.60,2,1,2,0,0,0,0,1.28,0.64,1.91,1.28,1.91
Belgium,Dodi Lukebakio,24,3,1,93,1.00,0,0,0,0,0,0,0,0.00,0.00,0.00,0.00,0.00
Belgium,Simon Mignolet,33,1,1,90,1.00,0,0,0,0,0,0,0,0.00,0.00,0.00,0.00,0.00
Belgium,Arthur Theate,21,1,1,84,0.90,0,0,0,0,0,0,0,0.00,0.00,0.00,0.00,0.00
Belgium,Jeremy Doku,19,1,1,76,0.80,1,2,1,0,0,0,0,1.18,2.37,3.55,1.18,3.55
Belgium,Charles De Ketelaere,20,2,1,66,0.70,0,0,0,0,0,0,0,0.00,0.00,0.00,0.00,0.00
Belgium,Divock Origi,26,2,1,66,0.70,0,0,0,0,0,0,0,0.00,0.00,0.00,0.00,0.00
Belgium,Nacer Chadli,32,1,1,55,0.60,0,0,0,0,0,0,0,0.00,0.00,0.00,0.00,0.00
Belgium,Thomas Vermaelen,36,1,1,45,0.50,0,0,0,0,0,0,0,0.00,0.00,0.00,0.00,0.00
Belgium,Thomas Foket,27,3,0,67,0.70,1,0,1,0,0,0,0,1.34,0.00,1.34,1.34,1.34
Belgium,Dante Vanzeir,23,1,0,32,0.40,0,0,0,0,0,0,0,0.00,0.00,0.00,0.00,0.00
Belgium,Albert Sambi Lokonga,22,1,0,17,0.20,0,0,0,0,0,0,0,0.00,0.00,0.00,0.00,0.00
Belgium,Adnan Januzaj,26,1,0,14,0.20,0,1,0,0,0,0,0,0.00,6.43,6.43,0.00,6.43
Belgium,Squad Total,29,8,88,720,8.00,25,22,24,1,1,12,0,3.12,2.75,5.87,3.00,5.75
Belgium,Opponent Total,28,8,88,720,8.00,6,5,6,0,0,10,0,0.75,0.62,1.37,0.75,1.37
Brazil,Marquinhos,27,14,14,1181,13.10,2,0,2,0,0,3,0,0.15,0.00,0.15,0.15,0.15
Brazil,Danilo,30,13,13,1128,12.50,0,1,0,0,0,0,0,0.00,0.08,0.08,0.00,0.08
Brazil,Lucas Paquetá,24,14,11,955,10.60,3,1,3,0,0,3,0,0.28,0.09,0.38,0.28,0.38
Brazil,Neymar,29,10,10,900,10.00,8,8,4,4,4,4,0,0.80,0.80,1.60,0.40,1.20
Brazil,Thiago Silva,37,11,10,900,10.00,0,0,0,0,0,1,0,0.00,0.00,0.00,0.00,0.00
Brazil,Alex Sandro,31,10,9,811,9.00,0,0,0,0,0,0,0,0.00,0.00,0.00,0.00,0.00
Brazil,Casemiro,29,9,9,788,8.80,1,0,1,0,0,3,0,0.11,0.00,0.11,0.11,0.11
Brazil,Alisson,29,8,8,720,8.00,0,0,0,0,0,1,0,0.00,0.00,0.00,0.00,0.00
Brazil,Éder Militão,24,8,8,700,7.80,0,0,0,0,0,2,0,0.00,0.00,0.00,0.00,0.00
Brazil,Fred,28,8,8,589,6.50,0,1,0,0,0,3,0,0.00,0.15,0.15,0.00,0.15
Brazil,Gabriel Jesus,24,11,7,607,6.70,0,2,0,0,0,1,0,0.00,0.30,0.30,0.00,0.30
Brazil,Fabinho,28,9,6,535,5.90,0,0,0,0,0,2,0,0.00,0.00,0.00,0.00,0.00
Brazil,Richarlison,24,8,6,530,5.90,6,0,6,0,0,1,0,1.02,0.00,1.02,1.02,1.02
Brazil,Ederson,28,5,5,450,5.00,0,0,0,0,0,0,0,0.00,0.00,0.00,0.00,0.00
Brazil,Gabriel Barbosa,25,8,5,437,4.90,2,0,1,1,1,1,0,0.41,0.00,0.41,0.21,0.21
Brazil,Raphinha,25,7,5,419,4.70,3,2,3,0,0,1,0,0.64,0.43,1.07,0.64,1.07
Brazil,Roberto Firmino,30,6,5,405,4.50,3,1,3,0,0,0,0,0.67,0.22,0.89,0.67,0.89
Brazil,Vinicius Júnior,21,7,5,404,4.50,1,0,1,0,0,2,0,0.22,0.00,0.22,0.22,0.22
Brazil,Philippe Coutinho,29,6,5,329,3.70,3,0,2,1,1,0,0,0.82,0.00,0.82,0.55,0.55
Brazil,Everton Ribeiro,32,9,4,396,4.40,2,0,2,0,0,0,0,0.45,0.00,0.45,0.45,0.45
Brazil,Wéverton,34,4,4,360,4.00,0,0,0,0,0,0,0,0.00,0.00,0.00,0.00,0.00
Brazil,Douglas Luiz,23,6,4,352,3.90,0,0,0,0,0,2,0,0.00,0.00,0.00,0.00,0.00
Brazil,Renan Lodi,23,4,4,323,3.60,0,2,0,0,0,0,0,0.00,0.56,0.56,0.00,0.56
Brazil,Matheus Cunha,22,6,3,290,3.20,0,0,0,0,0,0,0,0.00,0.00,0.00,0.00,0.00
Brazil,Antony,21,9,2,321,3.60,2,1,2,0,0,1,0,0.56,0.28,0.84,0.56,0.84
Brazil,Dani Alves,38,4,2,266,3.00,0,0,0,0,0,0,0,0.00,0.00,0.00,0.00,0.00
Brazil,Gerson,24,4,2,230,2.60,0,0,0,0,0,1,0,0.00,0.00,0.00,0.00,0.00
Brazil,Alex Telles,29,5,2,210,2.30,0,0,0,0,0,0,0,0.00,0.00,0.00,0.00,0.00
Brazil,Guilherme Arana,24,3,2,186,2.10,0,0,0,0,0,0,0,0.00,0.00,0.00,0.00,0.00
Brazil,Lucas Veríssimo,26,2,2,180,2.00,0,0,0,0,0,0,0,0.00,0.00,0.00,0.00,0.00
Brazil,Bruno Guimarães,24,6,2,176,2.00,1,2,1,0,0,1,0,0.51,1.02,1.53,0.51,1.53
Brazil,Emerson,23,3,2,123,1.40,0,0,0,0,0,2,1,0.00,0.00,0.00,0.00,0.00
Brazil,Everton Soares,25,5,1,125,1.40,0,0,0,0,0,0,0,0.00,0.00,0.00,0.00,0.00
Brazil,Arthur Melo,25,2,1,104,1.20,1,0,1,0,0,0,0,0.87,0.00,0.87,0.87,0.87
Brazil,Allan,31,1,1,90,1.00,0,0,0,0,0,0,0,0.00,0.00,0.00,0.00,0.00
Brazil,Rodrigo Caio,28,1,0,79,0.90,0,0,0,0,0,0,0,0.00,0.00,0.00,0.00,0.00
Brazil,Rodrygo,21,3,0,55,0.60,1,0,1,0,0,0,0,1.64,0.00,1.64,1.64,1.64
Brazil,Martinelli,20,2,0,53,0.60,0,0,0,0,0,0,0,0.00,0.00,0.00,0.00,0.00
Brazil,Felipe,32,1,0,20,0.20,0,0,0,0,0,0,0,0.00,0.00,0.00,0.00,0.00
Brazil,Pedro,24,1,0,15,0.20,0,0,0,0,0,0,0,0.00,0.00,0.00,0.00,0.00
Brazil,Edenílson,32,2,0,10,0.10,0,0,0,0,0,0,0,0.00,0.00,0.00,0.00,0.00
Brazil,Hulk,35,1,0,7,0.10,0,0,0,0,0,0,0,0.00,0.00,0.00,0.00,0.00
Brazil,Squad Total,28,17,187,1620,18.00,39,21,33,6,6,35,1,2.17,1.17,3.33,1.83,3.00
Brazil,Opponent Total,29,17,187,1620,18.00,5,1,5,0,0,54,4,0.28,0.06,0.33,0.28,0.33
Cameroon,Michael Ngadeu-Ngadjui,31,8,8,750,8.30,2,1,2,0,0,0,0,0.24,0.12,0.36,0.24,0.36
Cameroon,Martin Hongla,23,8,8,605,6.70,0,2,0,0,0,0,0,0.00,0.30,0.30,0.00,0.30
Cameroon,Karl Toko Ekambi,29,8,7,565,6.30,3,0,3,0,0,0,0,0.48,0.00,0.48,0.48,0.48
Cameroon,Vincent Aboubakar,30,8,7,441,4.90,2,0,1,1,1,1,0,0.41,0.00,0.41,0.20,0.20
Cameroon,Moumi Ngamaleu,27,6,6,428,4.80,1,3,0,1,1,0,0,0.21,0.63,0.84,0.00,0.63
Cameroon,Collins Fai,29,6,5,506,5.60,0,0,0,0,0,1,0,0.00,0.00,0.00,0.00,0.00
Cameroon,Andre-Frank Zambo Anguissa,26,6,5,430,4.80,1,0,1,0,0,1,0,0.21,0.00,0.21,0.21,0.21
Cameroon,Nouhou Tolo,24,6,5,422,4.70,0,0,0,0,0,1,0,0.00,0.00,0.00,0.00,0.00
Cameroon,Eric Maxim Choupo-Moting,32,6,5,350,3.90,3,0,3,0,0,0,0,0.77,0.00,0.77,0.77,0.77
Cameroon,André Onana,25,4,4,390,4.30,0,0,0,0,0,2,0,0.00,0.00,0.00,0.00,0.00
Cameroon,Samuel Oum Gouet,24,4,4,371,4.10,0,0,0,0,0,1,0,0.00,0.00,0.00,0.00,0.00
Cameroon,Devis Epassy,28,4,4,360,4.00,0,0,0,0,0,0,0,0.00,0.00,0.00,0.00,0.00
Cameroon,Harold Moukoudi,24,4,4,360,4.00,0,0,0,0,0,0,0,0.00,0.00,0.00,0.00,0.00
Cameroon,Olivier Mbaizo,24,4,3,330,3.70,0,0,0,0,0,0,0,0.00,0.00,0.00,0.00,0.00
Cameroon,Jean-Charles Castelletto,27,2,2,210,2.30,0,0,0,0,0,0,0,0.00,0.00,0.00,0.00,0.00
Cameroon,Pierre Kunde,26,5,2,184,2.00,0,1,0,0,0,0,0,0.00,0.49,0.49,0.00,0.49
Cameroon,Léandre Tawamba,32,4,1,191,2.10,0,0,0,0,0,0,0,0.00,0.00,0.00,0.00,0.00
Cameroon,Christian Bassogog,26,5,1,187,2.10,2,0,2,0,0,1,0,0.96,0.00,0.96,0.96,0.96
Cameroon,Jean Onana,22,3,1,132,1.50,0,0,0,0,0,0,0,0.00,0.00,0.00,0.00,0.00
Cameroon,Gaël Ondoua,26,2,1,116,1.30,0,0,0,0,0,0,0,0.00,0.00,0.00,0.00,0.00
Cameroon,Jean-Claude Billong,28,1,1,90,1.00,0,0,0,0,0,0,0,0.00,0.00,0.00,0.00,0.00
Cameroon,Joyskim Dawa,25,1,1,90,1.00,0,0,0,0,0,0,0,0.00,0.00,0.00,0.00,0.00
Cameroon,Jérôme Onguéné,24,1,1,90,1.00,0,0,0,0,0,0,0,0.00,0.00,0.00,0.00,0.00
Cameroon,Duplexe Tchamba,23,1,1,90,1.00,0,0,0,0,0,0,0,0.00,0.00,0.00,0.00,0.00
Cameroon,Ambroise Oyongo,30,1,1,86,1.00,0,0,0,0,0,0,0,0.00,0.00,0.00,0.00,0.00
Cameroon,Stéphane Bahoken,29,5,0,145,1.60,0,0,0,0,0,0,0,0.00,0.00,0.00,0.00,0.00
Cameroon,James Lea Siliki,25,5,0,125,1.40,0,0,0,0,0,0,0,0.00,0.00,0.00,0.00,0.00
Cameroon,Yvan Neyou,25,2,0,71,0.80,0,0,0,0,0,1,0,0.00,0.00,0.00,0.00,0.00
Cameroon,Ignatius Ganago,22,3,0,60,0.70,0,0,0,0,0,0,0,0.00,0.00,0.00,0.00,0.00
Cameroon,Kévin Soni,23,1,0,45,0.50,0,0,0,0,0,1,0,0.00,0.00,0.00,0.00,0.00
Cameroon,John Mary,28,1,0,30,0.30,0,0,0,0,0,1,0,0.00,0.00,0.00,0.00,0.00
Cameroon,Squad Total,27,8,88,750,8.30,14,7,12,2,2,11,0,1.68,0.84,2.52,1.44,2.28
Cameroon,Opponent Total,28,8,88,750,8.30,5,3,4,1,1,19,2,0.60,0.36,0.96,0.48,0.84
Canada,Alistair Johnston,23,19,15,1375,15.30,1,1,1,0,0,0,0,0.07,0.07,0.13,0.07,0.13
Canada,Jonathan David,22,18,15,1332,14.80,9,3,8,1,1,0,0,0.61,0.20,0.81,0.54,0.74
Canada,Stephen Eustáquio,25,17,15,1327,14.70,0,2,0,0,0,1,0,0.00,0.14,0.14,0.00,0.14
Canada,Milan Borjan,34,14,14,1260,14.00,0,0,0,0,0,0,0,0.00,0.00,0.00,0.00,0.00
Canada,Richie Laryea,27,16,14,1200,13.30,1,2,1,0,0,4,0,0.07,0.15,0.23,0.07,0.23
Canada,Tajon Buchanan,22,17,12,1123,12.50,3,4,3,0,0,3,0,0.24,0.32,0.56,0.24,0.56
Canada,Alphonso Davies,21,13,12,1051,11.70,4,8,3,1,1,1,0,0.34,0.69,1.03,0.26,0.94
Canada,Cyle Larin,26,16,12,1001,11.10,13,0,12,1,1,0,0,1.17,0.00,1.17,1.08,1.08
Canada,Sam Adekugbe,27,18,11,1110,12.30,1,2,1,0,0,2,0,0.08,0.16,0.24,0.08,0.24
Canada,Steven Vitória,35,12,11,1044,11.60,0,0,0,0,0,5,0,0.00,0.00,0.00,0.00,0.00
Canada,Jonathan Osorio,29,16,11,908,10.10,1,1,1,0,0,1,0,0.10,0.10,0.20,0.10,0.20
Canada,Mark-Anthony Kaye,27,15,11,854,9.50,2,3,2,0,1,4,1,0.21,0.32,0.53,0.21,0.53
Canada,Kamal Miller,24,13,10,953,10.60,0,0,0,0,0,0,0,0.00,0.00,0.00,0.00,0.00
Canada,Atiba Hutchinson,38,11,8,761,8.50,2,0,2,0,0,1,0,0.24,0.00,0.24,0.24,0.24
Canada,Scott Kennedy,24,8,7,592,6.60,0,0,0,0,0,0,0,0.00,0.00,0.00,0.00,0.00
Canada,Junior Hoilett,31,13,7,591,6.60,3,1,2,1,1,1,0,0.46,0.15,0.61,0.30,0.46
Canada,Doneil Henry,28,8,7,560,6.20,0,0,0,0,0,3,0,0.00,0.00,0.00,0.00,0.00
Canada,Maxime Crépeau,27,5,5,450,5.00,0,0,0,0,0,0,0,0.00,0.00,0.00,0.00,0.00
Canada,Liam Millar,22,7,5,329,3.70,0,1,0,0,0,0,0,0.00,0.27,0.27,0.00,0.27
Canada,Samuel Piette,27,8,4,330,3.70,0,0,0,0,0,1,0,0.00,0.00,0.00,0.00,0.00
Canada,Lucas Cavallini,29,10,3,319,3.50,5,0,5,0,0,2,0,1.41,0.00,1.41,1.41,1.41
Canada,David Wotherspoon,32,8,3,310,3.40,1,3,1,0,0,0,0,0.29,0.87,1.16,0.29,1.16
Canada,Frank Sturing,24,2,2,180,2.00,1,0,1,0,0,0,0,0.50,0.00,0.50,0.50,0.50
Canada,Liam Fraser,23,5,1,211,2.30,0,1,0,0,0,1,0,0.00,0.43,0.43,0.00,0.43
Canada,Theo Corbeanu,19,3,1,119,1.30,1,0,1,0,0,0,0,0.76,0.00,0.76,0.76,0.76
Canada,Derek Cornelius,24,1,1,90,1.00,0,0,0,0,0,0,0,0.00,0.00,0.00,0.00,0.00
Canada,Ricardo Ferreira,29,1,1,90,1.00,0,0,0,0,0,0,0,0.00,0.00,0.00,0.00,0.00
Canada,Dayne St. Clair,24,1,1,90,1.00,0,0,0,0,0,0,0,0.00,0.00,0.00,0.00,0.00
Canada,Ismaël Koné,19,2,1,57,0.60,0,0,0,0,0,0,0,0.00,0.00,0.00,0.00,0.00
Canada,Zachary Brault-Guillard,23,2,0,65,0.70,1,0,1,0,0,0,0,1.38,0.00,1.38,1.38,1.38
Canada,Ike Ugbo,23,4,0,32,0.40,0,0,0,0,0,0,0,0.00,0.00,0.00,0.00,0.00
Canada,Charles-Andréas Brym,23,3,0,17,0.20,0,0,0,0,0,1,0,0.00,0.00,0.00,0.00,0.00
Canada,Jacob Shaffelburg,22,2,0,12,0.10,0,0,0,0,0,0,0,0.00,0.00,0.00,0.00,0.00
Canada,Squad Total,27,20,220,1800,20.00,49,32,45,4,5,31,1,2.45,1.60,4.05,2.25,3.85
Canada,Opponent Total,28,20,220,1800,20.00,8,6,7,1,1,45,0,0.40,0.30,0.70,0.35,0.65
Costa Rica,Francisco Calvo,29,1,1,90,1.00,0,0,0,0,0,0,0,0.00,0.00,0.00,0.00,0.00
Costa Rica,Anthony Contreras,22,1,1,90,1.00,0,0,0,0,0,1,0,0.00,0.00,0.00,0.00,0.00
Costa Rica,Óscar Duarte,32,1,1,90,1.00,0,0,0,0,0,0,0,0.00,0.00,0.00,0.00,0.00
Costa Rica,Keylor Navas,35,1,1,90,1.00,0,0,0,0,0,0,0,0.00,0.00,0.00,0.00,0.00
Costa Rica,Bryan Oviedo,31,1,1,90,1.00,0,0,0,0,0,0,0,0.00,0.00,0.00,0.00,0.00
Costa Rica,Yeltsin Tejeda,29,1,1,90,1.00,0,0,0,0,0,0,0,0.00,0.00,0.00,0.00,0.00
Costa Rica,Joel Campbell,29,1,1,89,1.00,1,0,1,0,0,0,0,1.01,0.00,1.01,1.01,1.01
Costa Rica,Celso Borges,33,1,1,78,0.90,0,0,0,0,0,0,0,0.00,0.00,0.00,0.00,0.00
Costa Rica,Jewison Bennette,17,1,1,45,0.50,0,1,0,0,0,0,0,0.00,2.00,2.00,0.00,2.00
Costa Rica,Keysher Fuller,27,1,1,45,0.50,0,0,0,0,0,0,0,0.00,0.00,0.00,0.00,0.00
Costa Rica,Gerson Torres,24,1,1,45,0.50,0,0,0,0,0,0,0,0.00,0.00,0.00,0.00,0.00
Costa Rica,Carlos Martínez,22,1,0,45,0.50,0,0,0,0,0,0,0,0.00,0.00,0.00,0.00,0.00
Costa Rica,Bryan Ruiz,36,1,0,45,0.50,0,0,0,0,0,1,0,0.00,0.00,0.00,0.00,0.00
Costa Rica,Kendall Waston,34,1,0,45,0.50,0,0,0,0,0,0,0,0.00,0.00,0.00,0.00,0.00
Costa Rica,Daniel Chacón,20,1,0,12,0.10,0,0,0,0,0,0,0,0.00,0.00,0.00,0.00,0.00
Costa Rica,Johan Venegas,33,1,0,1,0.00,0,0,0,0,0,0,0,0.00,0.00,0.00,0.00,0.00
Costa Rica,Squad Total,30,1,11,90,1.00,1,1,1,0,0,2,0,1.00,1.00,2.00,1.00,2.00
Costa Rica,Opponent Total,25,1,11,90,1.00,0,0,0,0,0,1,1,0.00,0.00,0.00,0.00,0.00
Croatia,Marcelo Brozovic,29,9,9,758,8.40,1,0,1,0,0,1,0,0.12,0.00,0.12,0.12,0.12
Croatia,Ivan Perišic,32,10,8,720,8.00,3,2,3,0,0,1,0,0.37,0.25,0.62,0.37,0.62
Croatia,Andrej Kramaric,30,9,7,564,6.30,2,3,2,0,0,0,0,0.32,0.48,0.80,0.32,0.80
Croatia,Mario Pašalic,26,10,7,544,6.00,3,2,3,0,0,0,0,0.50,0.33,0.83,0.50,0.83
Croatia,Josip Juranovic,26,7,6,569,6.30,0,0,0,0,0,0,0,0.00,0.00,0.00,0.00,0.00
Croatia,Nikola Vlašic,24,10,6,566,6.30,1,0,1,0,0,1,0,0.16,0.00,0.16,0.16,0.16
Croatia,Dominik Livakovic,27,6,6,540,6.00,0,0,0,0,0,0,0,0.00,0.00,0.00,0.00,0.00
Croatia,Luka Modric,36,7,6,533,5.90,3,2,2,1,2,0,0,0.51,0.34,0.84,0.34,0.68
Croatia,Dejan Lovren,32,6,6,526,5.80,0,0,0,0,0,0,0,0.00,0.00,0.00,0.00,0.00
Croatia,Mateo Kovacic,27,7,6,496,5.50,0,0,0,0,0,2,0,0.00,0.00,0.00,0.00,0.00
Croatia,Duje Caleta-Car,25,6,5,457,5.10,1,0,1,0,0,1,0,0.20,0.00,0.20,0.20,0.20
Croatia,Borna Sosa,24,5,5,450,5.00,0,0,0,0,0,0,0,0.00,0.00,0.00,0.00,0.00
Croatia,Domagoj Vida,32,5,5,450,5.00,0,0,0,0,0,2,0,0.00,0.00,0.00,0.00,0.00
Croatia,Joško Gvardiol,20,4,4,360,4.00,1,0,1,0,0,0,0,0.25,0.00,0.25,0.25,0.25
Croatia,Borna Barišic,29,5,4,349,3.90,0,1,0,0,0,2,0,0.00,0.26,0.26,0.00,0.26
Croatia,Mislav Oršic,29,7,2,276,3.10,0,1,0,0,0,0,0,0.00,0.33,0.33,0.00,0.33
Croatia,Ivo Grbic,26,2,2,180,2.00,0,0,0,0,0,1,0,0.00,0.00,0.00,0.00,0.00
Croatia,Ivica Ivušic,26,2,2,180,2.00,0,0,0,0,0,1,0,0.00,0.00,0.00,0.00,0.00
Croatia,Josip Stanišic,21,3,2,161,1.80,0,0,0,0,0,1,0,0.00,0.00,0.00,0.00,0.00
Croatia,Luka Ivanušec,23,5,2,142,1.60,0,0,0,0,0,0,0,0.00,0.00,0.00,0.00,0.00
Croatia,Šime Vrsaljko,30,2,2,135,1.50,0,0,0,0,0,1,0,0.00,0.00,0.00,0.00,0.00
Croatia,Ante Budimir,30,3,2,131,1.50,0,0,0,0,0,1,0,0.00,0.00,0.00,0.00,0.00
Croatia,Marko Livaja,28,7,1,201,2.20,2,1,2,0,0,1,0,0.90,0.45,1.34,0.90,1.34
Croatia,Josip Brekalo,23,6,1,199,2.20,1,1,1,0,0,0,0,0.45,0.45,0.90,0.45,0.90
Croatia,Lovro Majer,24,2,1,97,1.10,2,0,2,0,0,0,0,1.86,0.00,1.86,1.86,1.86
Croatia,Antonio Colak,28,2,1,59,0.70,0,0,0,0,0,0,0,0.00,0.00,0.00,0.00,0.00
Croatia,Dario Melnjak,29,1,1,56,0.60,0,0,0,0,0,0,0,0.00,0.00,0.00,0.00,0.00
Croatia,Milan Badelj,32,1,1,53,0.60,0,0,0,0,0,0,0,0.00,0.00,0.00,0.00,0.00
Croatia,Bruno Petkovic,27,2,0,70,0.80,0,0,0,0,0,0,0,0.00,0.00,0.00,0.00,0.00
Croatia,Kristijan Jakic,24,2,0,52,0.60,0,0,0,0,0,0,0,0.00,0.00,0.00,0.00,0.00
Croatia,Kristijan Lovric,26,1,0,13,0.10,0,0,0,0,0,0,0,0.00,0.00,0.00,0.00,0.00
Croatia,Mile Škoric,30,1,0,7,0.10,0,0,0,0,0,0,0,0.00,0.00,0.00,0.00,0.00
Croatia,Luka Sucic,19,1,0,6,0.10,0,0,0,0,0,0,0,0.00,0.00,0.00,0.00,0.00
Croatia,Squad Total,28,10,110,900,10.00,20,13,19,1,2,16,0,2.00,1.30,3.30,1.90,3.20
Croatia,Opponent Total,28,10,110,900,10.00,3,2,3,0,0,17,0,0.30,0.20,0.50,0.30,0.50
Denmark,Kasper Schmeichel,35,10,10,900,10.00,0,0,0,0,0,2,0,0.00,0.00,0.00,0.00,0.00
Denmark,Andreas Christensen,25,9,9,810,9.00,0,0,0,0,0,1,0,0.00,0.00,0.00,0.00,0.00
Denmark,Joakim Mæhle,24,9,8,760,8.40,5,0,5,0,0,0,0,0.59,0.00,0.59,0.59,0.59
Denmark,Simon Kjær,32,9,8,689,7.70,2,0,1,1,1,0,0,0.26,0.00,0.26,0.13,0.13
Denmark,Daniel Wass,32,8,8,683,7.60,1,2,1,0,0,1,0,0.13,0.26,0.40,0.13,0.40
Denmark,Andreas Skov Olsen,22,10,7,577,6.40,5,3,5,0,0,0,0,0.78,0.47,1.25,0.78,1.25
Denmark,Yussuf Poulsen,27,8,7,520,5.80,1,1,1,0,0,0,0,0.17,0.17,0.35,0.17,0.35
Denmark,Thomas Delaney,30,7,6,515,5.70,1,3,1,0,0,0,0,0.17,0.52,0.70,0.17,0.70
Denmark,Pierre Højbjerg,26,7,6,508,5.60,1,2,1,0,0,1,0,0.18,0.35,0.53,0.18,0.53
Denmark,Mikkel Damsgaard,21,6,5,432,4.80,2,5,2,0,0,0,0,0.42,1.04,1.46,0.42,1.46
Denmark,Christian Nørgaard,27,9,4,355,3.90,1,0,1,0,0,2,0,0.25,0.00,0.25,0.25,0.25
Denmark,Joachim Andersen,25,6,3,336,3.70,0,0,0,0,0,0,0,0.00,0.00,0.00,0.00,0.00
Denmark,Jannik Vestergaard,29,4,3,315,3.50,0,0,0,0,0,0,0,0.00,0.00,0.00,0.00,0.00
Denmark,Jens Stryger Larsen,30,8,3,309,3.40,1,1,1,0,0,0,0,0.29,0.29,0.58,0.29,0.58
Denmark,Jonas Wind,22,5,3,261,2.90,2,1,2,0,0,1,0,0.69,0.34,1.03,0.69,1.03
Denmark,Mathias Jensen,26,4,2,200,2.20,1,1,1,0,0,0,0,0.45,0.45,0.90,0.45,0.90
Denmark,Christian Eriksen,29,3,2,194,2.20,0,1,0,0,0,0,0,0.00,0.46,0.46,0.00,0.46
Denmark,Martin Braithwaite,30,2,2,166,1.80,1,1,1,0,0,1,0,0.54,0.54,1.08,0.54,1.08
Denmark,Jacob Bruun Larsen,23,3,2,141,1.60,1,0,1,0,0,0,0,0.64,0.00,0.64,0.64,0.64
Denmark,Rasmus Nissen,24,2,2,125,1.40,0,0,0,0,0,0,0,0.00,0.00,0.00,0.00,0.00
Denmark,Mohammed Daramy,20,4,2,121,1.30,0,0,0,0,0,1,0,0.00,0.00,0.00,0.00,0.00
Denmark,Kasper Dolberg,24,4,1,196,2.20,2,0,1,1,1,0,0,0.92,0.00,0.92,0.46,0.46
Denmark,Andreas Cornelius,28,4,1,114,1.30,1,0,1,0,0,0,0,0.79,0.00,0.79,0.79,0.79
Denmark,Jens Jønsson,29,3,1,93,1.00,0,0,0,0,0,0,0,0.00,0.00,0.00,0.00,0.00
Denmark,Nicolai Boilesen,29,1,1,90,1.00,0,1,0,0,0,0,0,0.00,1.00,1.00,0.00,1.00
Denmark,Victor Nelsson,23,1,1,90,1.00,0,0,0,0,0,0,0,0.00,0.00,0.00,0.00,0.00
Denmark,Lasse Schöne,35,1,1,76,0.80,0,0,0,0,0,0,0,0.00,0.00,0.00,0.00,0.00
Denmark,Anders Christiansen,31,1,1,75,0.80,0,0,0,0,0,0,0,0.00,0.00,0.00,0.00,0.00
Denmark,Jesper Lindstrøm,21,2,1,57,0.60,0,0,0,0,0,0,0,0.00,0.00,0.00,0.00,0.00
Denmark,Robert Skov,25,1,0,45,0.50,1,0,1,0,0,0,0,2.00,0.00,2.00,2.00,2.00
Denmark,Pione Sisto,26,1,0,35,0.40,0,0,0,0,0,0,0,0.00,0.00,0.00,0.00,0.00
Denmark,Jens Stage,25,1,0,35,0.40,0,0,0,0,0,0,0,0.00,0.00,0.00,0.00,0.00
Denmark,Anders Dreyer,23,2,0,34,0.40,0,0,0,0,0,0,0,0.00,0.00,0.00,0.00,0.00
Denmark,Mikael Uhre,27,1,0,19,0.20,0,0,0,0,0,0,0,0.00,0.00,0.00,0.00,0.00
Denmark,Marcus Ingvartsen,26,1,0,14,0.20,1,0,1,0,0,0,0,6.43,0.00,6.43,6.43,6.43
Denmark,Alexander Bah,24,1,0,10,0.10,0,0,0,0,0,0,0,0.00,0.00,0.00,0.00,0.00
Denmark,Squad Total,28,10,110,900,10.00,30,22,28,2,2,10,0,3.00,2.20,5.20,2.80,5.00
Denmark,Opponent Total,29,10,110,900,10.00,3,4,3,0,0,18,1,0.30,0.40,0.70,0.30,0.70
Ecuador,Pervis Estupiñán,24,17,17,1513,16.80,2,1,2,0,0,2,0,0.12,0.06,0.18,0.12,0.18
Ecuador,Carlos Gruezo,26,16,16,1395,15.50,1,0,0,1,1,2,0,0.06,0.00,0.06,0.00,0.00
Ecuador,Moisés Caicedo,20,15,15,1305,14.50,2,4,2,0,0,5,0,0.14,0.28,0.41,0.14,0.41
Ecuador,Ángel Mena,34,15,13,1079,12.00,2,3,2,0,0,2,0,0.17,0.25,0.42,0.17,0.42
Ecuador,Michael Estrada,25,17,11,1043,11.60,6,2,6,0,0,2,0,0.52,0.17,0.69,0.52,0.69
Ecuador,Piero Hincapié,20,11,11,990,11.00,1,0,1,0,0,1,0,0.09,0.00,0.09,0.09,0.09
Ecuador,Félix Torres Caicedo,25,11,11,990,11.00,2,0,2,0,0,2,0,0.18,0.00,0.18,0.18,0.18
Ecuador,Alexander Domínguez,34,10,10,824,9.20,0,0,0,0,0,2,1,0.00,0.00,0.00,0.00,0.00
Ecuador,Enner Valencia,32,12,10,758,8.40,4,1,3,1,2,5,0,0.47,0.12,0.59,0.36,0.47
Ecuador,Ángelo Preciado,23,13,8,755,8.40,0,0,0,0,0,1,0,0.00,0.00,0.00,0.00,0.00
Ecuador,Robert Arboleda,30,10,8,718,8.00,1,1,1,0,0,0,0,0.13,0.13,0.25,0.13,0.25
Ecuador,Gonzalo Plata,21,16,7,891,9.90,3,1,3,0,0,4,1,0.30,0.10,0.40,0.30,0.40
Ecuador,Byron Castillo,23,8,7,613,6.80,0,1,0,0,0,3,0,0.00,0.15,0.15,0.00,0.15
Ecuador,Xavier Arreaga,27,9,7,612,6.80,1,1,1,0,0,0,0,0.15,0.15,0.29,0.15,0.29
Ecuador,Alan Franco,23,12,7,581,6.50,0,1,0,0,0,3,0,0.00,0.15,0.15,0.00,0.15
Ecuador,Hernán Galíndez,34,6,5,468,5.20,0,0,0,0,0,0,0,0.00,0.00,0.00,0.00,0.00
Ecuador,Jhegson Méndez,24,7,4,321,3.60,0,0,0,0,0,1,0,0.00,0.00,0.00,0.00,0.00
Ecuador,Ayrton Preciado,27,7,3,252,2.80,0,0,0,0,0,1,0,0.00,0.00,0.00,0.00,0.00
Ecuador,Jeremy Sarmiento,19,5,2,236,2.60,0,0,0,0,0,0,0,0.00,0.00,0.00,0.00,0.00
Ecuador,Romario Ibarra,27,4,2,184,2.00,0,0,0,0,0,0,0,0.00,0.00,0.00,0.00,0.00
Ecuador,Moisés Ramírez,21,2,2,180,2.00,0,0,0,0,0,0,0,0.00,0.00,0.00,0.00,0.00
Ecuador,Luis Fernando León,28,2,2,179,2.00,0,1,0,0,0,0,0,0.00,0.50,0.50,0.00,0.50
Ecuador,Joao Joshimar Rojas,24,6,2,172,1.90,0,0,0,0,0,1,0,0.00,0.00,0.00,0.00,0.00
Ecuador,Renato Ibarra,31,3,2,171,1.90,0,0,0,0,0,1,0,0.00,0.00,0.00,0.00,0.00
Ecuador,Junior Sornoza,28,3,2,135,1.50,0,0,0,0,0,0,1,0.00,0.00,0.00,0.00,0.00
Ecuador,Pedro Perlaza,30,2,2,131,1.50,0,0,0,0,0,1,0,0.00,0.00,0.00,0.00,0.00
Ecuador,Fernando Gaibor,30,2,2,121,1.30,0,0,0,0,0,0,0,0.00,0.00,0.00,0.00,0.00
Ecuador,Pedro Ortíz,31,2,1,145,1.60,0,0,0,0,0,0,0,0.00,0.00,0.00,0.00,0.00
Ecuador,Jordy Caicedo,24,6,1,121,1.30,1,0,0,1,1,0,0,0.74,0.00,0.74,0.00,0.00
Ecuador,José Cifuentes,22,2,1,88,1.00,0,0,0,0,0,0,0,0.00,0.00,0.00,0.00,0.00
Ecuador,Christian Cruz,29,1,1,85,0.90,0,0,0,0,0,0,0,0.00,0.00,0.00,0.00,0.00
Ecuador,Beder Caicedo,29,2,1,81,0.90,1,0,1,0,0,0,0,1.11,0.00,1.11,1.11,1.11
Ecuador,José Carabalí,24,1,1,64,0.70,0,0,0,0,0,0,0,0.00,0.00,0.00,0.00,0.00
Ecuador,Djorkaeff Reasco,23,1,1,63,0.70,0,0,0,0,0,0,0,0.00,0.00,0.00,0.00,0.00
Ecuador,José Hurtado,20,1,1,56,0.60,0,0,0,0,0,0,0,0.00,0.00,0.00,0.00,0.00
Ecuador,Erick Ferigra,22,1,1,45,0.50,0,0,0,0,0,0,0,0.00,0.00,0.00,0.00,0.00
Ecuador,Adolfo Muñoz,24,1,1,31,0.30,0,0,0,0,0,0,0,0.00,0.00,0.00,0.00,0.00
Ecuador,Christian Noboa,36,2,0,51,0.60,0,0,0,0,0,0,0,0.00,0.00,0.00,0.00,0.00
Ecuador,Fidel Martínez,31,2,0,47,0.50,0,0,0,0,0,0,0,0.00,0.00,0.00,0.00,0.00
Ecuador,Diego Palacios,22,3,0,39,0.40,0,0,0,0,0,1,0,0.00,0.00,0.00,0.00,0.00
Ecuador,Janner Corozo,26,1,0,27,0.30,0,0,0,0,0,0,0,0.00,0.00,0.00,0.00,0.00
Ecuador,Damián Díaz,35,1,0,26,0.30,0,0,0,0,0,0,0,0.00,0.00,0.00,0.00,0.00
Ecuador,Brayan Angulo,26,4,0,25,0.30,0,1,0,0,0,0,0,0.00,3.60,3.60,0.00,3.60
Ecuador,Romario Caicedo,31,1,0,25,0.30,0,0,0,0,0,0,0,0.00,0.00,0.00,0.00,0.00
Ecuador,Washington Corozo,23,1,0,25,0.30,0,0,0,0,0,0,0,0.00,0.00,0.00,0.00,0.00
Ecuador,Michael Carcelen,24,3,0,23,0.30,0,0,0,0,0,0,0,0.00,0.00,0.00,0.00,0.00
Ecuador,Jhojan Julio,23,1,0,8,0.10,0,0,0,0,0,0,0,0.00,0.00,0.00,0.00,0.00
Ecuador,Juan Cazares,29,1,0,7,0.10,0,0,0,0,0,0,0,0.00,0.00,0.00,0.00,0.00
Ecuador,Leonardo Campana,21,1,0,6,0.10,0,0,0,0,0,0,0,0.00,0.00,0.00,0.00,0.00
Ecuador,Squad Total,26,18,198,1620,18.00,27,18,24,3,4,40,3,1.50,1.00,2.50,1.33,2.33
Ecuador,Opponent Total,29,18,198,1620,18.00,18,9,13,5,5,46,3,1.00,0.50,1.50,0.72,1.22
England,John Stones,27,9,8,662,7.40,1,1,1,0,0,1,0,0.14,0.14,0.27,0.14,0.27
England,Harry Kane,28,8,7,585,6.50,12,2,8,4,4,1,0,1.85,0.31,2.15,1.23,1.54
England,Raheem Sterling,27,7,7,555,6.20,2,2,2,0,0,1,0,0.32,0.32,0.65,0.32,0.65
England,Kalvin Phillips,26,7,7,537,6.00,0,0,0,0,0,1,0,0.00,0.00,0.00,0.00,0.00
England,Kyle Walker,31,6,6,540,6.00,0,1,0,0,0,1,0,0.00,0.17,0.17,0.00,0.17
England,Mason Mount,23,8,6,535,5.90,1,2,1,0,0,0,0,0.17,0.34,0.50,0.17,0.50
England,Phil Foden,21,7,6,497,5.50,0,4,0,0,0,0,0,0.00,0.72,0.72,0.00,0.72
England,Harry Maguire,28,6,6,495,5.50,4,0,4,0,0,1,0,0.73,0.00,0.73,0.73,0.73
England,Declan Rice,23,5,5,447,5.00,1,0,1,0,0,1,0,0.20,0.00,0.20,0.20,0.20
England,Ben Chilwell,25,5,4,405,4.50,1,1,1,0,0,0,0,0.22,0.22,0.44,0.22,0.44
England,Conor Coady,28,4,4,360,4.00,0,0,0,0,0,1,0,0.00,0.00,0.00,0.00,0.00
England,Jordan Pickford,27,4,4,360,4.00,0,0,0,0,0,0,0,0.00,0.00,0.00,0.00,0.00
England,Luke Shaw,26,4,4,360,4.00,0,2,0,0,0,1,0,0.00,0.50,0.50,0.00,0.50
England,Tyrone Mings,28,4,3,315,3.50,1,0,1,0,0,2,0,0.29,0.00,0.29,0.29,0.29
England,Jack Grealish,26,6,3,313,3.50,1,1,1,0,0,0,0,0.29,0.29,0.58,0.29,0.58
England,Bukayo Saka,20,5,3,302,3.40,3,1,3,0,0,0,0,0.89,0.30,1.19,0.89,1.19
England,Jesse Lingard,29,6,3,270,3.00,2,2,2,0,0,0,0,0.67,0.67,1.33,0.67,1.33
England,Nick Pope,29,3,3,270,3.00,0,0,0,0,0,0,0,0.00,0.00,0.00,0.00,0.00
England,Reece James,22,5,3,216,2.40,0,2,0,0,0,0,0,0.00,0.83,0.83,0.00,0.83
England,Kieran Trippier,31,3,2,225,2.50,0,0,0,0,0,0,0,0.00,0.00,0.00,0.00,0.00
England,Jude Bellingham,18,4,2,224,2.50,0,0,0,0,0,0,0,0.00,0.00,0.00,0.00,0.00
England,James Ward-Prowse,27,3,2,200,2.20,2,0,2,0,1,0,0,0.90,0.00,0.90,0.90,0.90
England,Jordan Henderson,31,4,2,198,2.20,1,1,1,0,0,0,0,0.45,0.45,0.91,0.45,0.91
England,Trent Alexander-Arnold,23,3,2,194,2.20,0,3,0,0,0,0,0,0.00,1.39,1.39,0.00,1.39
England,Sam Johnstone,28,2,2,180,2.00,0,1,0,0,0,0,0,0.00,0.50,0.50,0.00,0.50
England,Tammy Abraham,24,4,1,165,1.80,2,1,2,0,0,1,0,1.09,0.55,1.64,1.09,1.64
England,Aaron Ramsdale,23,1,1,90,1.00,0,0,0,0,0,0,0,0.00,0.00,0.00,0.00,0.00
England,Emile Smith Rowe,21,2,1,86,1.00,1,1,1,0,0,0,0,1.05,1.05,2.09,1.05,2.09
England,Jadon Sancho,21,1,1,72,0.80,0,2,0,0,0,1,0,0.00,2.50,2.50,0.00,2.50
England,Dominic Calvert-Lewin,24,2,1,64,0.70,2,0,2,0,0,0,0,2.81,0.00,2.81,2.81,2.81
England,Patrick Bamford,28,1,1,61,0.70,0,0,0,0,0,0,0,0.00,0.00,0.00,0.00,0.00
England,Conor Gallagher,21,1,0,45,0.50,0,0,0,0,0,0,0,0.00,0.00,0.00,0.00,0.00
England,Ollie Watkins,26,3,0,41,0.50,1,0,1,0,0,0,0,2.20,0.00,2.20,2.20,2.20
England,Fikayo Tomori,24,1,0,31,0.30,0,0,0,0,0,0,0,0.00,0.00,0.00,0.00,0.00
England,Eric Dier,28,0,0,,,,,,,,,,,,,,
England,Dean Henderson,24,0,0,,,,,,,,,,,,,,
England,Squad Total,26,10,110,900,10.00,38,30,34,4,5,13,0,3.80,3.00,6.80,3.40,6.40
England,Opponent Total,28,10,110,900,10.00,3,2,2,1,1,30,1,0.30,0.20,0.50,0.20,0.40
France,Hugo Lloris,35,8,8,720,8.00,0,0,0,0,0,0,0,0.00,0.00,0.00,0.00,0.00
France,Antoine Griezmann,30,8,8,648,7.20,6,1,5,1,1,0,0,0.83,0.14,0.97,0.69,0.83
France,Adrien Rabiot,26,7,6,567,6.30,1,1,1,0,0,0,0,0.16,0.16,0.32,0.16,0.32
France,Kylian Mbappé,23,6,5,464,5.20,5,2,5,0,1,0,0,0.97,0.39,1.36,0.97,1.36
France,Presnel Kimpembe,26,5,5,449,5.00,0,0,0,0,0,1,0,0.00,0.00,0.00,0.00,0.00
France,Paul Pogba,28,6,5,446,5.00,0,0,0,0,0,1,0,0.00,0.00,0.00,0.00,0.00
France,Lucas Digne,28,4,4,360,4.00,0,0,0,0,0,0,0,0.00,0.00,0.00,0.00,0.00
France,Raphaël Varane,28,4,4,360,4.00,0,0,0,0,0,1,0,0.00,0.00,0.00,0.00,0.00
France,Kurt Zouma,27,4,4,360,4.00,0,0,0,0,0,0,0,0.00,0.00,0.00,0.00,0.00
France,Leo Dubois,27,5,4,329,3.70,0,1,0,0,0,0,0,0.00,0.27,0.27,0.00,0.27
France,Kingsley Coman,25,7,4,311,3.50,0,2,0,0,0,0,0,0.00,0.58,0.58,0.00,0.58
France,Karim Benzema,34,5,3,296,3.30,3,1,3,0,0,1,0,0.91,0.30,1.22,0.91,1.22
France,Lucas Hernández,25,3,3,258,2.90,0,0,0,0,0,0,0,0.00,0.00,0.00,0.00,0.00
France,Anthony Martial,26,5,3,229,2.50,1,1,1,0,0,0,0,0.39,0.39,0.79,0.39,0.79
France,Thomas Lemar,26,3,3,224,2.50,0,0,0,0,0,1,0,0.00,0.00,0.00,0.00,0.00
France,Jules Koundé,23,3,3,196,2.20,0,0,0,0,0,0,1,0.00,0.00,0.00,0.00,0.00
France,Aurélien Tchouaméni,22,5,2,238,2.60,0,0,0,0,0,0,0,0.00,0.00,0.00,0.00,0.00
France,Benjamin Pavard,25,4,2,237,2.60,0,0,0,0,0,1,0,0.00,0.00,0.00,0.00,0.00
France,Theo Hernández,24,2,2,180,2.00,0,2,0,0,0,0,0,0.00,1.00,1.00,0.00,1.00
France,Dayot Upamecano,23,2,2,180,2.00,0,0,0,0,0,0,0,0.00,0.00,0.00,0.00,0.00
France,N'Golo Kanté,30,2,2,160,1.80,0,0,0,0,0,0,0,0.00,0.00,0.00,0.00,0.00
France,Ousmane Dembélé,24,2,1,117,1.30,1,0,1,0,0,1,0,0.77,0.00,0.77,0.77,0.77
France,Moussa Diaby,22,4,1,104,1.20,0,1,0,0,0,0,0,0.00,0.87,0.87,0.00,0.87
France,Clément Lenglet,26,3,1,103,1.10,0,0,0,0,0,0,0,0.00,0.00,0.00,0.00,0.00
France,Olivier Giroud,35,2,1,94,1.00,0,0,0,0,0,0,0,0.00,0.00,0.00,0.00,0.00
France,Tanguy Ndombele,25,1,1,81,0.90,0,0,0,0,0,0,0,0.00,0.00,0.00,0.00,0.00
France,Jordan Veretout,28,3,1,65,0.70,0,0,0,0,0,1,0,0.00,0.00,0.00,0.00,0.00
France,Wissam Ben Yedder,31,3,0,46,0.50,0,0,0,0,0,0,0,0.00,0.00,0.00,0.00,0.00
France,Mattéo Guendouzi,22,1,0,24,0.30,0,0,0,0,0,0,0,0.00,0.00,0.00,0.00,0.00
France,Nordi Mukiele,24,1,0,24,0.30,0,0,0,0,0,0,0,0.00,0.00,0.00,0.00,0.00
France,Moussa Sissoko,32,2,0,10,0.10,0,0,0,0,0,0,0,0.00,0.00,0.00,0.00,0.00
France,Alphonse Areola,28,0,0,,,,,,,,,,,,,,
France,Ferland Mendy,26,0,0,,,,,,,,,,,,,,
France,Squad Total,28,8,88,720,8.00,17,12,16,1,2,8,1,2.12,1.50,3.62,2.00,3.50
France,Opponent Total,28,8,88,720,8.00,3,2,3,0,0,12,0,0.37,0.25,0.62,0.37,0.62
Germany,Leroy Sané,26,9,9,675,7.50,4,2,4,0,0,1,0,0.53,0.27,0.80,0.53,0.80
Germany,Joshua Kimmich,26,8,8,681,7.60,0,1,0,0,0,1,0,0.00,0.13,0.13,0.00,0.13
Germany,Leon Goretzka,26,9,8,632,7.00,1,7,1,0,0,0,0,0.14,1.00,1.14,0.14,1.14
Germany,Antonio Rüdiger,28,7,7,630,7.00,1,0,1,0,0,2,0,0.14,0.00,0.14,0.14,0.14
Germany,Thilo Kehrer,25,7,7,603,6.70,0,0,0,0,0,1,0,0.00,0.00,0.00,0.00,0.00
Germany,Ilkay Gündogan,31,8,7,584,6.50,5,0,2,3,3,0,0,0.77,0.00,0.77,0.31,0.31
Germany,Serge Gnabry,26,8,7,574,6.40,5,1,5,0,0,0,0,0.78,0.16,0.94,0.78,0.94
Germany,Manuel Neuer,35,6,6,540,6.00,0,0,0,0,0,0,0,0.00,0.00,0.00,0.00,0.00
Germany,Kai Havertz,22,8,6,487,5.40,3,2,3,0,0,2,0,0.55,0.37,0.92,0.55,0.92
Germany,Timo Werner,25,8,5,470,5.20,5,1,5,0,0,0,0,0.96,0.19,1.15,0.96,1.15
Germany,Niklas Süle,26,5,5,418,4.60,0,0,0,0,0,0,0,0.00,0.00,0.00,0.00,0.00
Germany,Jonas Hofmann,29,7,5,394,4.40,2,1,2,0,0,0,0,0.46,0.23,0.69,0.46,0.69
Germany,Matthias Ginter,28,5,4,377,4.20,0,0,0,0,0,0,0,0.00,0.00,0.00,0.00,0.00
Germany,Lukas Klostermann,25,5,3,321,3.60,0,0,0,0,0,0,0,0.00,0.00,0.00,0.00,0.00
Germany,Emre Can,28,3,3,270,3.00,0,0,0,0,0,1,0,0.00,0.00,0.00,0.00,0.00
Germany,Marc-André ter Stegen,29,3,3,270,3.00,0,0,0,0,0,0,0,0.00,0.00,0.00,0.00,0.00
Germany,Thomas Müller,32,4,3,252,2.80,3,3,3,0,0,0,0,1.07,1.07,2.14,1.07,2.14
Germany,Marco Reus,32,4,3,246,2.70,2,5,2,0,0,0,0,0.73,1.83,2.56,0.73,2.56
Germany,David Raum,23,3,2,188,2.10,0,0,0,0,0,0,0,0.00,0.00,0.00,0.00,0.00
Germany,Robin Gosens,27,3,2,177,2.00,0,0,0,0,0,1,0,0.00,0.00,0.00,0.00,0.00
Germany,Ridle Baku,23,3,2,157,1.70,1,0,1,0,0,0,0,0.57,0.00,0.57,0.57,0.57
Germany,Jamal Musiala,18,6,1,152,1.70,1,1,1,0,0,1,0,0.59,0.59,1.18,0.59,1.18
Germany,Florian Neuhaus,24,5,1,149,1.70,0,1,0,0,0,1,0,0.00,0.60,0.60,0.00,0.60
Germany,Christian Günter,28,1,1,90,1.00,0,0,0,0,0,0,0,0.00,0.00,0.00,0.00,0.00
Germany,Bernd Leno,29,1,1,90,1.00,0,0,0,0,0,0,0,0.00,0.00,0.00,0.00,0.00
Germany,Jonathan Tah,25,1,1,90,1.00,0,0,0,0,0,0,0,0.00,0.00,0.00,0.00,0.00
Germany,Florian Wirtz,18,4,0,81,0.90,0,1,0,0,0,0,0,0.00,1.11,1.11,0.00,1.11
Germany,Lukas Nmecha,23,2,0,76,0.80,0,0,0,0,0,0,0,0.00,0.00,0.00,0.00,0.00
Germany,Maximilian Arnold,27,2,0,58,0.60,0,0,0,0,0,1,0,0.00,0.00,0.00,0.00,0.00
Germany,Karim Adeyemi,20,3,0,51,0.60,1,1,1,0,0,0,0,1.76,1.76,3.53,1.76,3.53
Germany,Kevin Volland,29,2,0,45,0.50,0,0,0,0,0,0,0,0.00,0.00,0.00,0.00,0.00
Germany,Amin Younes,28,3,0,41,0.50,0,0,0,0,0,0,0,0.00,0.00,0.00,0.00,0.00
Germany,Julian Brandt,25,1,0,31,0.30,0,0,0,0,0,0,0,0.00,0.00,0.00,0.00,0.00
Germany,Mahmoud Dahoud,26,0,0,,,,,,,,,,,,,,
Germany,Julian Draxler,28,0,0,,,,,,,,,,,,,,
Germany,Philipp Max,28,0,0,,,,,,,,,,,,,,
Germany,Nico Schlotterbeck,22,0,0,,,,,,,,,,,,,,
Germany,Kevin Trapp,31,0,0,,,,,,,,,,,,,,
Germany,Squad Total,28,10,110,900,10.00,34,27,31,3,3,12,0,3.40,2.70,6.10,3.10,5.80
Germany,Opponent Total,29,10,110,900,10.00,4,2,3,1,1,15,1,0.40,0.20,0.60,0.30,0.50
Ghana,Daniel Amartey,27,7,7,630,7.00,0,0,0,0,0,1,0,0.00,0.00,0.00,0.00,0.00
Ghana,Alexander Djiku,27,7,7,613,6.80,0,0,0,0,0,3,0,0.00,0.00,0.00,0.00,0.00
Ghana,Jordan Ayew,30,7,7,538,6.00,0,1,0,0,0,0,0,0.00,0.17,0.17,0.00,0.17
Ghana,Jojo Wollacott,25,6,6,540,6.00,0,0,0,0,0,2,0,0.00,0.00,0.00,0.00,0.00
Ghana,Iddrisu Baba,26,8,6,529,5.90,0,0,0,0,0,0,0,0.00,0.00,0.00,0.00,0.00
Ghana,Kudus Mohammed,21,6,6,437,4.90,1,0,1,0,0,1,0,0.21,0.00,0.21,0.21,0.21
Ghana,Baba Rahman,27,5,5,450,5.00,0,1,0,0,0,0,0,0.00,0.20,0.20,0.00,0.20
Ghana,André Ayew,32,6,5,420,4.70,3,0,2,1,1,1,0,0.64,0.00,0.64,0.43,0.43
Ghana,Kamaldeen Sulemana,19,5,5,367,4.10,0,0,0,0,0,0,0,0.00,0.00,0.00,0.00,0.00
Ghana,Thomas Partey,28,4,4,360,4.00,3,0,3,0,0,1,0,0.75,0.00,0.75,0.75,0.75
Ghana,Andy Yiadom,30,4,3,315,3.50,0,1,0,0,0,1,0,0.00,0.29,0.29,0.00,0.29
Ghana,Wakaso,31,4,3,279,3.10,1,0,1,0,0,1,0,0.32,0.00,0.32,0.32,0.32
Ghana,Gideon Mensah,23,3,3,270,3.00,0,1,0,0,0,0,0,0.00,0.33,0.33,0.00,0.33
Ghana,Jonathan Mensah,31,3,3,270,3.00,0,0,0,0,0,0,0,0.00,0.00,0.00,0.00,0.00
Ghana,Abdul Fatawu Issahaku,17,4,3,240,2.70,0,0,0,0,0,1,0,0.00,0.00,0.00,0.00,0.00
Ghana,Denis Odoi,33,2,2,180,2.00,0,0,0,0,0,0,0,0.00,0.00,0.00,0.00,0.00
Ghana,Richard Ofori,28,2,2,167,1.90,0,0,0,0,0,0,0,0.00,0.00,0.00,0.00,0.00
Ghana,Felix Afena-Gyan,19,2,2,126,1.40,0,0,0,0,0,0,0,0.00,0.00,0.00,0.00,0.00
Ghana,Benjamin Tetteh,24,2,1,117,1.30,0,0,0,0,0,0,0,0.00,0.00,0.00,0.00,0.00
Ghana,Yaw Yeboah,24,3,1,113,1.30,0,0,0,0,0,0,0,0.00,0.00,0.00,0.00,0.00
Ghana,Emmanuel Lomotey,24,2,1,111,1.20,0,0,0,0,0,0,0,0.00,0.00,0.00,0.00,0.00
Ghana,Joseph Aidoo,26,2,1,107,1.20,0,0,0,0,0,0,0,0.00,0.00,0.00,0.00,0.00
Ghana,Abdul Fatawu Mohammed,29,1,1,90,1.00,0,0,0,0,0,0,0,0.00,0.00,0.00,0.00,0.00
Ghana,Majeed Ashimeru,24,1,1,78,0.90,0,0,0,0,0,0,0,0.00,0.00,0.00,0.00,0.00
Ghana,Richmond Boakye,29,2,1,64,0.70,0,0,0,0,0,0,0,0.00,0.00,0.00,0.00,0.00
Ghana,Joel Fameyeh,24,2,1,60,0.70,0,0,0,0,0,1,0,0.00,0.00,0.00,0.00,0.00
Ghana,Jeffrey Schlupp,29,1,1,27,0.30,0,0,0,0,0,0,0,0.00,0.00,0.00,0.00,0.00
Ghana,Daniel Kyereh,25,7,0,253,2.80,0,0,0,0,0,0,0,0.00,0.00,0.00,0.00,0.00
Ghana,Elisha Owusu,24,1,0,45,0.50,0,0,0,0,0,0,0,0.00,0.00,0.00,0.00,0.00
Ghana,Kwame Opoku,22,1,0,31,0.30,0,0,0,0,0,0,0,0.00,0.00,0.00,0.00,0.00
Ghana,Osman Bukari,23,2,0,30,0.30,0,0,0,0,0,0,0,0.00,0.00,0.00,0.00,0.00
Ghana,Samuel Owusu,25,3,0,26,0.30,0,0,0,0,0,0,0,0.00,0.00,0.00,0.00,0.00
Ghana,Lawrence Ati-Zigi,25,1,0,13,0.10,0,0,0,0,0,0,0,0.00,0.00,0.00,0.00,0.00
Ghana,Caleb Ekuban,27,2,0,13,0.10,0,0,0,0,0,0,0,0.00,0.00,0.00,0.00,0.00
Ghana,Edmund Addo,21,1,0,9,0.10,0,0,0,0,0,0,0,0.00,0.00,0.00,0.00,0.00
Ghana,Kwasi Okyere Wriedt,27,2,0,2,0.00,0,0,0,0,0,0,0,0.00,0.00,0.00,0.00,0.00
Ghana,Abdul Ganiyu Ismail,25,0,0,,,,,,,,,,,,,,
Ghana,Danlad Ibrahim,19,0,0,,,,,,,,,,,,,,
Ghana,Squad Total,27,8,88,720,8.00,8,4,7,1,1,13,0,1.00,0.50,1.50,0.87,1.37
Ghana,Opponent Total,27,8,88,720,8.00,4,2,2,2,2,14,0,0.50,0.25,0.75,0.25,0.50
Iran,Hossein Kanaanizadegan,27,17,17,1522,16.90,1,2,1,0,0,1,0,0.06,0.12,0.18,0.06,0.18
Iran,Ahmad Nourollahi,28,16,14,1256,14.00,3,1,3,0,0,2,0,0.21,0.07,0.29,0.21,0.29
Iran,Sardar Azmoun,27,14,14,1164,12.90,10,4,10,0,1,3,0,0.77,0.31,1.08,0.77,1.08
Iran,Alireza Beiranvand,29,13,13,1170,13.00,0,0,0,0,0,0,0,0.00,0.00,0.00,0.00,0.00
Iran,Mehdi Taremi,29,13,13,1069,11.90,7,5,7,0,0,2,0,0.59,0.42,1.01,0.59,1.01
Iran,Sadegh Moharrami,25,12,12,1035,11.50,0,1,0,0,0,4,1,0.00,0.09,0.09,0.00,0.09
Iran,Ali Gholizadeh,25,14,12,1003,11.10,3,1,3,0,0,0,0,0.27,0.09,0.36,0.27,0.36
Iran,Shoja' Khalilzadeh,32,12,12,986,11.00,1,0,1,0,0,2,0,0.09,0.00,0.09,0.09,0.09
Iran,Alireza Jahanbakhsh,28,12,12,972,10.80,5,2,4,1,1,4,0,0.46,0.19,0.65,0.37,0.56
Iran,Vahid Amiri,33,14,11,1044,11.60,1,1,1,0,0,0,0,0.09,0.09,0.17,0.09,0.17
Iran,Saeid Ezatolahi,25,13,11,873,9.70,0,0,0,0,1,3,0,0.00,0.00,0.00,0.00,0.00
Iran,Milad Mohammadi,28,13,8,761,8.50,1,1,1,0,0,1,0,0.12,0.12,0.24,0.12,0.24
Iran,Omid Noorafkan,24,8,7,619,6.90,0,0,0,0,0,2,0,0.00,0.00,0.00,0.00,0.00
Iran,Ehsan Hajsafi,31,8,7,540,6.00,1,1,0,1,1,2,0,0.17,0.17,0.33,0.00,0.17
Iran,Amir Abedzadeh,28,5,5,450,5.00,0,0,0,0,0,0,0,0.00,0.00,0.00,0.00,0.00
Iran,Saman Ghoddos,28,9,5,447,5.00,0,2,0,0,0,1,0,0.00,0.40,0.40,0.00,0.40
Iran,Majid Hosseini,25,5,4,405,4.50,0,0,0,0,0,0,0,0.00,0.00,0.00,0.00,0.00
Iran,Ramin Rezaeian,31,4,4,360,4.00,0,2,0,0,0,0,0,0.00,0.50,0.50,0.00,0.50
Iran,Karim Ansarifard,31,12,3,326,3.60,7,4,6,1,1,0,0,1.93,1.10,3.04,1.66,2.76
Iran,Morteza Pouraliganji,29,4,3,278,3.10,1,1,1,0,0,2,0,0.32,0.32,0.65,0.32,0.65
Iran,Omid Ebrahimi,34,4,3,264,2.90,0,0,0,0,0,0,0,0.00,0.00,0.00,0.00,0.00
Iran,Mohammad Mohebbi,23,3,3,220,2.40,2,2,2,0,0,0,0,0.82,0.82,1.64,0.82,1.64
Iran,Milad Sarlak,26,7,1,142,1.60,0,0,0,0,0,0,0,0.00,0.00,0.00,0.00,0.00
Iran,Mehdi Torabi,27,5,1,136,1.50,0,1,0,0,0,1,0,0.00,0.66,0.66,0.00,0.66
Iran,Masoud Shojaei,37,2,1,114,1.30,0,0,0,0,0,2,1,0.00,0.00,0.00,0.00,0.00
Iran,Allahyar Sayyadmanesh,20,4,1,103,1.10,0,1,0,0,0,0,0,0.00,0.87,0.87,0.00,0.87
Iran,Jafar Salmani,25,1,1,45,0.50,0,0,0,0,0,0,0,0.00,0.00,0.00,0.00,0.00
Iran,Mehdi Mehdipour,27,2,0,90,1.00,0,0,0,0,0,0,0,0.00,0.00,0.00,0.00,0.00
Iran,Saleh Hardani,23,2,0,82,0.90,0,0,0,0,0,0,0,0.00,0.00,0.00,0.00,0.00
Iran,Mehdi Ghaedi,23,6,0,59,0.70,1,1,1,0,0,0,0,1.53,1.53,3.05,1.53,3.05
Iran,Mehrdad Mohammadi,28,2,0,50,0.60,1,0,1,0,0,0,0,1.80,0.00,1.80,1.80,1.80
Iran,Aref Gholami,24,1,0,49,0.50,0,0,0,0,0,0,0,0.00,0.00,0.00,0.00,0.00
Iran,Kaveh Rezaei,29,4,0,47,0.50,2,0,2,0,0,0,0,3.83,0.00,3.83,3.83,3.83
Iran,Mohammad Naderi,25,1,0,38,0.40,0,0,0,0,0,0,0,0.00,0.00,0.00,0.00,0.00
Iran,Ali Karimi,27,1,0,20,0.20,0,0,0,0,0,0,0,0.00,0.00,0.00,0.00,0.00
Iran,Amirhossein Hosseinzadeh,21,2,0,10,0.10,0,0,0,0,0,0,0,0.00,0.00,0.00,0.00,0.00
Iran,Siavash Yazdani,29,1,0,8,0.10,0,0,0,0,0,0,0,0.00,0.00,0.00,0.00,0.00
Iran,Ashkan Dejagah,35,1,0,4,0.00,0,0,0,0,0,0,0,0.00,0.00,0.00,0.00,0.00
Iran,Kamal Kamyabinia,33,1,0,4,0.00,0,0,0,0,0,0,0,0.00,0.00,0.00,0.00,0.00
Iran,Danial Esmaeilifar,28,1,0,3,0.00,0,0,0,0,0,0,0,0.00,0.00,0.00,0.00,0.00
Iran,Squad Total,29,18,198,1620,18.00,47,33,44,3,5,32,2,2.61,1.83,4.44,2.44,4.28
Iran,Opponent Total,28,18,198,1620,18.00,8,4,7,1,2,29,0,0.44,0.22,0.67,0.39,0.61
Japan,Shuichi Gonda,32,15,15,1322,14.70,0,0,0,0,0,0,0,0.00,0.00,0.00,0.00,0.00
Japan,Maya Yoshida,33,14,14,1187,13.20,2,1,2,0,0,0,0,0.15,0.08,0.23,0.15,0.23
Japan,Yuto Nagatomo,35,14,14,1110,12.30,1,2,1,0,0,1,0,0.08,0.16,0.24,0.08,0.24
Japan,Takumi Minamino,27,15,14,1076,12.00,10,4,9,1,1,0,0,0.84,0.33,1.17,0.75,1.09
Japan,Wataru Endo,28,13,13,1117,12.40,1,0,1,0,0,3,0,0.08,0.00,0.08,0.08,0.08
Japan,Junya Ito,28,14,12,1067,11.90,6,7,6,0,0,2,0,0.51,0.59,1.10,0.51,1.10
Japan,Yuya Osako,31,11,11,885,9.80,10,2,8,2,2,0,0,1.02,0.20,1.22,0.81,1.02
Japan,Hiroki Sakai,31,10,10,821,9.10,0,3,0,0,0,0,0,0.00,0.33,0.33,0.00,0.33
Japan,Gaku Shibasaki,29,11,9,757,8.40,0,0,0,0,0,1,0,0.00,0.00,0.00,0.00,0.00
Japan,Takehiro Tomiyasu,23,8,8,700,7.80,0,1,0,0,0,0,0,0.00,0.13,0.13,0.00,0.13
Japan,Hidemasa Morita,26,10,8,659,7.30,2,0,2,0,0,2,0,0.27,0.00,0.27,0.27,0.27
Japan,Ao Tanaka,23,7,6,547,6.10,1,0,1,0,0,0,0,0.16,0.00,0.16,0.16,0.16
Japan,Miki Yamane,28,6,6,525,5.80,0,2,0,0,0,0,0,0.00,0.34,0.34,0.00,0.34
Japan,Daichi Kamada,25,8,5,462,5.10,3,2,3,0,0,0,0,0.58,0.39,0.97,0.58,0.97
Japan,Genki Haraguchi,30,14,5,445,4.90,1,1,1,0,0,0,0,0.20,0.20,0.40,0.20,0.40
Japan,Takuma Asano,27,11,4,432,4.80,3,1,3,0,0,0,0,0.62,0.21,0.83,0.62,0.83
Japan,Ko Itakura,25,4,4,360,4.00,1,0,1,0,0,1,0,0.25,0.00,0.25,0.25,0.25
Japan,Naomichi Ueda,27,4,3,315,3.50,0,0,0,0,0,0,0,0.00,0.00,0.00,0.00,0.00
Japan,Kento Hashimoto,28,5,3,298,3.30,1,0,1,0,0,1,0,0.30,0.00,0.30,0.30,0.30
Japan,Shogo Taniguchi,30,4,3,287,3.20,0,0,0,0,0,0,0,0.00,0.00,0.00,0.00,0.00
Japan,Eiji Kawashima,38,3,3,270,3.00,0,0,0,0,0,0,0,0.00,0.00,0.00,0.00,0.00
Japan,Shoya Nakajima,27,4,3,245,2.70,1,2,1,0,0,0,0,0.37,0.73,1.10,0.37,1.10
Japan,Kyogo Furuhashi,27,9,2,340,3.80,3,2,3,0,0,1,0,0.79,0.53,1.32,0.79,1.32
Japan,Ryoya Ogawa,25,3,2,209,2.30,0,1,0,0,0,0,0,0.00,0.43,0.43,0.00,0.43
Japan,Shinnosuke Nakatani,25,3,2,208,2.30,0,0,0,0,0,0,0,0.00,0.00,0.00,0.00,0.00
Japan,Takefusa Kubo,20,6,2,204,2.30,0,0,0,0,0,0,0,0.00,0.00,0.00,0.00,0.00
Japan,Ritsu Doan,23,4,2,189,2.10,0,1,0,0,0,0,0,0.00,0.48,0.48,0.00,0.48
Japan,Hayao Kawabe,26,2,2,180,2.00,1,1,1,0,0,0,0,0.50,0.50,1.00,0.50,1.00
Japan,Gen Shoji,29,2,2,180,2.00,0,0,0,0,0,0,0,0.00,0.00,0.00,0.00,0.00
Japan,Kensuke Nagai,32,3,2,166,1.80,1,0,1,0,0,0,0,0.54,0.00,0.54,0.54,0.54
Japan,Yuta Nakayama,24,8,1,237,2.60,0,0,0,0,0,0,0,0.00,0.00,0.00,0.00,0.00
Japan,Sei Muroya,27,3,1,150,1.70,0,2,0,0,0,0,0,0.00,1.20,1.20,0.00,1.20
Japan,Kaoru Mitoma,24,3,1,142,1.60,2,1,2,0,0,0,0,1.27,0.63,1.90,1.27,1.90
Japan,Tatsuhiro Sakamoto,25,2,1,135,1.50,0,1,0,0,0,0,0,0.00,0.67,0.67,0.00,0.67
Japan,Ayase Ueda,23,2,1,117,1.30,0,0,0,0,0,0,0,0.00,0.00,0.00,0.00,0.00
Japan,Ken Matsubara,28,1,1,90,1.00,0,2,0,0,0,0,0,0.00,2.00,2.00,0.00,2.00
Japan,Ado Onaiwu,26,2,1,86,1.00,3,0,2,1,1,0,0,3.14,0.00,3.14,2.09,2.09
Japan,Sho Sasaki,32,3,1,86,1.00,1,0,1,0,0,0,0,1.05,0.00,1.05,1.05,1.05
Japan,Reo Hatate,24,1,1,45,0.50,0,0,0,0,0,0,0,0.00,0.00,0.00,0.00,0.00
Japan,Daizen Maeda,24,2,0,56,0.60,0,0,0,0,0,0,0,0.00,0.00,0.00,0.00,0.00
Japan,Koki Anzai,26,1,0,34,0.40,0,0,0,0,0,0,0,0.00,0.00,0.00,0.00,0.00
Japan,Sho Inagaki,30,1,0,28,0.30,2,0,2,0,0,0,0,6.43,0.00,6.43,6.43,6.43
Japan,Shinnosuke Hatanaka,26,1,0,20,0.20,0,0,0,0,0,0,0,0.00,0.00,0.00,0.00,0.00
Japan,Musashi Suzuki,27,2,0,18,0.20,0,0,0,0,0,0,0,0.00,0.00,0.00,0.00,0.00
Japan,Hotaru Yamaguchi,31,1,0,13,0.10,0,0,0,0,0,0,0,0.00,0.00,0.00,0.00,0.00
Japan,Squad Total,29,18,198,1620,18.00,56,39,52,4,4,12,0,3.11,2.17,5.28,2.89,5.06
Japan,Opponent Total,27,18,198,1620,18.00,6,3,5,1,1,22,0,0.33,0.17,0.50,0.28,0.44
Republic of Korea,Kim Min-jae,25,15,14,1254,13.90,1,2,1,0,0,2,0,0.07,0.14,0.22,0.07,0.22
Republic of Korea,Kim Seung-gyu,31,13,13,1170,13.00,0,0,0,0,0,0,0,0.00,0.00,0.00,0.00,0.00
Republic of Korea,Lee Jae-sung,29,14,13,1053,11.70,1,2,1,0,0,0,0,0.09,0.17,0.26,0.09,0.26
Republic of Korea,Kim Young-gwon,31,12,12,1080,12.00,2,0,2,0,0,2,0,0.17,0.00,0.17,0.17,0.17
Republic of Korea,Son Heung-min,29,12,12,1047,11.60,7,1,4,3,3,1,0,0.60,0.09,0.69,0.34,0.43
Republic of Korea,Jung Woo-young,32,11,11,990,11.00,1,1,1,0,0,3,0,0.09,0.09,0.18,0.09,0.18
Republic of Korea,Hwang Ui-jo,29,12,11,968,10.80,2,1,2,0,0,0,0,0.19,0.09,0.28,0.19,0.28
Republic of Korea,Hwang In-beom,25,10,10,845,9.40,1,0,1,0,0,1,0,0.11,0.00,0.11,0.11,0.11
Republic of Korea,Hwang Hee-chan,26,13,9,907,10.10,3,4,2,1,1,1,0,0.30,0.40,0.69,0.20,0.60
Republic of Korea,Lee Yong,35,11,8,797,8.90,0,0,0,0,0,1,0,0.00,0.00,0.00,0.00,0.00
Republic of Korea,Kim Jin-su,29,9,8,726,8.10,1,1,1,0,0,1,0,0.12,0.12,0.25,0.12,0.25
Republic of Korea,Hong Chul,31,9,7,604,6.70,0,2,0,0,0,1,0,0.00,0.30,0.30,0.00,0.30
Republic of Korea,Kwon Chang-hoon,27,11,5,606,6.70,4,1,4,0,0,1,0,0.59,0.15,0.74,0.59,0.74
Republic of Korea,Cho Guesung,24,7,5,397,4.40,0,0,0,0,0,1,0,0.00,0.00,0.00,0.00,0.00
Republic of Korea,Nam Tae-hee,30,7,4,392,4.40,1,2,1,0,0,0,0,0.23,0.46,0.69,0.23,0.69
Republic of Korea,Kim Tae-hwan,32,4,4,346,3.80,0,0,0,0,0,0,0,0.00,0.00,0.00,0.00,0.00
Republic of Korea,Song Minkyu,22,7,4,340,3.80,0,1,0,0,0,0,0,0.00,0.26,0.26,0.00,0.26
Republic of Korea,Kim Moonhwan,26,4,4,283,3.10,0,1,0,0,0,0,0,0.00,0.32,0.32,0.00,0.32
Republic of Korea,Kwon Kyung-won,30,4,3,274,3.00,0,0,0,0,0,0,0,0.00,0.00,0.00,0.00,0.00
Republic of Korea,Cho Hyun-woo,30,3,3,270,3.00,0,0,0,0,0,0,0,0.00,0.00,0.00,0.00,0.00
Republic of Korea,Kim Shin-wook,33,4,2,199,2.20,6,0,5,1,1,0,0,2.71,0.00,2.71,2.26,2.26
Republic of Korea,Paik Seung-ho,24,3,2,183,2.00,0,0,0,0,0,0,0,0.00,0.00,0.00,0.00,0.00
Republic of Korea,Lee Donggyeong,24,4,2,172,1.90,1,1,1,0,0,0,0,0.52,0.52,1.05,0.52,1.05
Republic of Korea,Park Ji-soo,27,6,2,162,1.80,0,0,0,0,0,0,0,0.00,0.00,0.00,0.00,0.00
Republic of Korea,Son Jun-ho,29,4,2,152,1.70,0,0,0,0,0,1,0,0.00,0.00,0.00,0.00,0.00
Republic of Korea,Na Sang-ho,25,3,2,133,1.50,1,0,1,0,0,0,0,0.68,0.00,0.68,0.68,0.68
Republic of Korea,Won Du-jae,24,2,1,114,1.30,0,0,0,0,0,0,0,0.00,0.00,0.00,0.00,0.00
Republic of Korea,Lee Kangin,20,2,1,101,1.10,0,1,0,0,0,0,0,0.00,0.89,0.89,0.00,0.89
Republic of Korea,Lee Ki-je,30,2,1,91,1.00,0,0,0,0,0,0,0,0.00,0.00,0.00,0.00,0.00
Republic of Korea,Jeong Woo-yeong,22,2,1,70,0.80,1,0,1,0,0,0,0,1.29,0.00,1.29,1.29,1.29
Republic of Korea,Lee Dongjun,24,2,0,44,0.50,0,0,0,0,0,0,0,0.00,0.00,0.00,0.00,0.00
Republic of Korea,Kang Sang-woo,28,1,0,19,0.20,0,0,0,0,0,0,0,0.00,0.00,0.00,0.00,0.00
Republic of Korea,Jeong Sangbin,19,1,0,19,0.20,1,0,1,0,0,0,0,4.74,0.00,4.74,4.74,4.74
Republic of Korea,Cho Youngwook,22,1,0,14,0.20,0,0,0,0,0,0,0,0.00,0.00,0.00,0.00,0.00
Republic of Korea,Kim Young-bin,30,1,0,10,0.10,0,0,0,0,0,0,0,0.00,0.00,0.00,0.00,0.00
Republic of Korea,Um Wonsang,23,1,0,4,0.00,0,0,0,0,0,0,0,0.00,0.00,0.00,0.00,0.00
Republic of Korea,Ju Se-jong,31,1,0,2,0.00,0,0,0,0,0,0,0,0.00,0.00,0.00,0.00,0.00
Republic of Korea,Kim Gun-hee,26,1,0,1,0.00,0,0,0,0,0,0,0,0.00,0.00,0.00,0.00,0.00
Republic of Korea,Kim Jin-kyu,24,1,0,1,0.00,0,0,0,0,0,0,0,0.00,0.00,0.00,0.00,0.00
Republic of Korea,Squad Total,29,16,176,1530,17.00,34,21,29,5,5,16,0,2.00,1.24,3.24,1.71,2.94
Republic of Korea,Opponent Total,29,16,176,1530,17.00,4,2,4,0,0,25,1,0.24,0.12,0.35,0.24,0.35
Mexico,Guillermo Ochoa,36,14,14,1260,14.00,0,0,0,0,0,0,0,0.00,0.00,0.00,0.00,0.00
Mexico,César Montes,24,10,10,888,9.90,0,0,0,0,0,2,0,0.00,0.00,0.00,0.00,0.00
Mexico,Jesús Gallardo,27,11,10,879,9.80,0,0,0,0,0,1,0,0.00,0.00,0.00,0.00,0.00
Mexico,Edson Álvarez,24,10,10,816,9.10,0,0,0,0,0,3,0,0.00,0.00,0.00,0.00,0.00
Mexico,Héctor Herrera,31,11,9,839,9.30,1,0,1,0,0,2,0,0.11,0.00,0.11,0.11,0.11
Mexico,Néstor Araujo,30,9,9,786,8.70,0,0,0,0,0,2,1,0.00,0.00,0.00,0.00,0.00
Mexico,Hirving Lozano,26,10,9,736,8.20,1,1,1,0,0,2,0,0.12,0.12,0.24,0.12,0.24
Mexico,Charly Rodríguez,25,12,9,681,7.60,0,0,0,0,0,0,0,0.00,0.00,0.00,0.00,0.00
Mexico,Jesús Corona,29,13,8,756,8.40,1,2,1,0,0,1,0,0.12,0.24,0.36,0.12,0.36
Mexico,Raúl Jiménez,30,9,8,686,7.60,3,0,0,3,3,1,0,0.39,0.00,0.39,0.00,0.00
Mexico,Jorge Eduardo Sánchez,24,8,8,635,7.10,1,0,1,0,0,0,0,0.14,0.00,0.14,0.14,0.14
Mexico,Alexis Vega,24,9,6,438,4.90,2,0,2,0,0,2,0,0.41,0.00,0.41,0.41,0.41
Mexico,Rogelio Funes Mori,30,8,6,431,4.80,1,0,1,0,0,0,0,0.21,0.00,0.21,0.21,0.21
Mexico,Julio Domínguez,34,5,5,383,4.30,0,0,0,0,0,0,0,0.00,0.00,0.00,0.00,0.00
Mexico,Luis Romo,26,10,4,453,5.00,0,1,0,0,0,1,0,0.00,0.20,0.20,0.00,0.20
Mexico,Héctor Moreno,34,4,4,360,4.00,1,0,1,0,0,2,0,0.25,0.00,0.25,0.25,0.25
Mexico,Johan Vásquez,23,4,4,360,4.00,0,0,0,0,0,0,0,0.00,0.00,0.00,0.00,0.00
Mexico,Andrés Guardado,35,7,4,352,3.90,0,0,0,0,0,0,0,0.00,0.00,0.00,0.00,0.00
Mexico,Luis Alfonso Rodríguez,31,5,3,376,4.20,0,0,0,0,0,2,0,0.00,0.00,0.00,0.00,0.00
Mexico,Gerardo Arteaga,23,5,3,318,3.50,0,0,0,0,0,1,0,0.00,0.00,0.00,0.00,0.00
Mexico,Orbelín Pineda,25,7,3,315,3.50,1,1,0,1,1,0,0,0.29,0.29,0.57,0.00,0.29
Mexico,Uriel Antuna,24,7,2,223,2.50,1,0,1,0,0,0,0,0.40,0.00,0.40,0.40,0.40
Mexico,Francisco Sebastián Córdova,24,4,2,216,2.40,1,0,1,0,0,0,0,0.42,0.00,0.42,0.42,0.42
Mexico,Roberto Alvarado,23,4,1,155,1.70,0,0,0,0,0,0,0,0.00,0.00,0.00,0.00,0.00
Mexico,Erick Gutiérrez,26,3,1,112,1.20,0,0,0,0,0,1,0,0.00,0.00,0.00,0.00,0.00
Mexico,Osvaldo Rodríguez del Portal,25,1,1,63,0.70,0,0,0,0,0,0,0,0.00,0.00,0.00,0.00,0.00
Mexico,Jonathan dos Santos,31,1,1,45,0.50,0,0,0,0,0,0,0,0.00,0.00,0.00,0.00,0.00
Mexico,Henry Martín,29,7,0,161,1.80,2,0,2,0,0,0,0,1.12,0.00,1.12,1.12,1.12
Mexico,Diego Lainez,21,3,0,85,0.90,0,0,0,0,0,0,0,0.00,0.00,0.00,0.00,0.00
Mexico,Julian Araujo,20,1,0,22,0.20,0,0,0,0,0,0,0,0.00,0.00,0.00,0.00,0.00
Mexico,Rodolfo Pizarro,27,1,0,6,0.10,0,0,0,0,0,0,0,0.00,0.00,0.00,0.00,0.00
Mexico,Carlos Acevedo,25,0,0,,,,,,,,,,,,,,
Mexico,Squad Total,29,14,154,1260,14.00,16,5,12,4,4,23,1,1.14,0.36,1.50,0.86,1.21
Mexico,Opponent Total,27,14,154,1260,14.00,8,3,8,0,0,31,4,0.57,0.21,0.79,0.57,0.79
Morocco,Nayef Aguerd,25,8,8,720,8.00,1,0,1,0,0,1,0,0.12,0.00,0.12,0.12,0.12
Morocco,Yassine Bounou,30,8,8,672,7.50,0,0,0,0,0,1,0,0.00,0.00,0.00,0.00,0.00
Morocco,Sofyan Amrabat,25,8,7,651,7.20,0,0,0,0,0,1,0,0.00,0.00,0.00,0.00,0.00
Morocco,Romain Saïss,31,7,7,630,7.00,0,0,0,0,0,1,0,0.00,0.00,0.00,0.00,0.00
Morocco,Achraf Hakimi,23,7,7,621,6.90,2,0,2,0,0,0,0,0.29,0.00,0.29,0.29,0.29
Morocco,Ryan Mmaee,24,8,7,524,5.80,4,2,3,1,2,0,0,0.69,0.34,1.03,0.52,0.86
Morocco,Adam Masina,28,7,6,542,6.00,0,1,0,0,0,1,0,0.00,0.17,0.17,0.00,0.17
Morocco,Imran Louza,22,6,6,460,5.10,2,1,1,1,1,0,0,0.39,0.20,0.59,0.20,0.39
Morocco,Aymen Barkok,23,6,6,432,4.80,1,0,1,0,0,1,0,0.21,0.00,0.21,0.21,0.21
Morocco,Ayoub El Kaabi,28,7,5,443,4.90,5,3,5,0,0,0,0,1.02,0.61,1.63,1.02,1.63
Morocco,Ilias Chair,24,5,4,287,3.20,1,0,1,0,0,1,0,0.31,0.00,0.31,0.31,0.31
Morocco,Selim Amallah,25,6,2,291,3.20,2,0,2,0,0,1,0,0.62,0.00,0.62,0.62,0.62
Morocco,Souffian El Karouani,21,3,2,161,1.80,0,0,0,0,0,0,0,0.00,0.00,0.00,0.00,0.00
Morocco,Youssef En-Nesyri,24,2,2,156,1.70,0,0,0,0,0,0,0,0.00,0.00,0.00,0.00,0.00
Morocco,Jawad El Yamiq,29,2,2,97,1.10,0,0,0,0,0,0,0,0.00,0.00,0.00,0.00,0.00
Morocco,Sofiane Boufal,28,8,1,190,2.10,1,1,1,0,0,1,0,0.47,0.47,0.95,0.47,0.95
Morocco,Samy Mmaee,25,2,1,173,1.90,0,0,0,0,0,1,0,0.00,0.00,0.00,0.00,0.00
Morocco,Munir El Haddadi,26,4,1,149,1.70,1,0,1,0,0,1,0,0.60,0.00,0.60,0.60,0.60
Morocco,Sofiane Alakouch,23,3,1,106,1.20,0,0,0,0,0,0,0,0.00,0.00,0.00,0.00,0.00
Morocco,Tarik Tissoudali,28,2,1,100,1.10,2,1,2,0,0,0,0,1.80,0.90,2.70,1.80,2.70
Morocco,Sofian Chakla,28,1,1,90,1.00,0,1,0,0,0,1,0,0.00,1.00,1.00,0.00,1.00
Morocco,Azzedine Ounahi,21,1,1,90,1.00,2,0,2,0,0,0,0,2.00,0.00,2.00,2.00,2.00
Morocco,Zakaria Aboukhlal,21,3,1,88,1.00,0,0,0,0,0,0,0,0.00,0.00,0.00,0.00,0.00
Morocco,Adel Taarabt,32,1,1,69,0.80,0,0,0,0,0,0,0,0.00,0.00,0.00,0.00,0.00
Morocco,Fayçal Fajr,33,5,0,80,0.90,0,1,0,0,0,0,0,0.00,1.13,1.13,0.00,1.13
Morocco,Munir,32,1,0,48,0.50,0,0,0,0,0,0,0,0.00,0.00,0.00,0.00,0.00
Morocco,Achraf Bencharki,27,4,0,31,0.30,0,1,0,0,0,0,0,0.00,2.90,2.90,0.00,2.90
Morocco,Yahya Attiat Allah,26,1,0,10,0.10,0,0,0,0,0,0,0,0.00,0.00,0.00,0.00,0.00
Morocco,Mohamed Chibi,29,1,0,9,0.10,0,0,0,0,0,0,0,0.00,0.00,0.00,0.00,0.00
Morocco,Ahmed Reda Tagnaouti,25,0,0,,,,,,,,,,,,,,
Morocco,Squad Total,27,8,88,720,8.00,24,12,22,2,3,12,0,3.00,1.50,4.50,2.75,4.25
Morocco,Opponent Total,28,8,88,720,8.00,3,2,3,0,0,21,1,0.37,0.25,0.62,0.37,0.62
Netherlands,Memphis Depay,27,10,10,899,10.00,12,6,8,4,6,0,0,1.20,0.60,1.80,0.80,1.40
Netherlands,Frenkie de Jong,24,10,10,803,8.90,0,0,0,0,0,0,0,0.00,0.00,0.00,0.00,0.00
Netherlands,Davy Klaassen,28,10,9,767,8.50,4,4,4,0,0,1,0,0.47,0.47,0.94,0.47,0.94
Netherlands,Daley Blind,31,9,9,764,8.50,0,0,0,0,0,2,0,0.00,0.00,0.00,0.00,0.00
Netherlands,Georginio Wijnaldum,31,9,9,725,8.10,2,2,2,0,0,2,0,0.25,0.25,0.50,0.25,0.50
Netherlands,Denzel Dumfries,25,10,8,678,7.50,1,1,1,0,0,2,0,0.13,0.13,0.27,0.13,0.27
Netherlands,Steven Berghuis,30,8,8,598,6.60,2,3,2,0,0,0,0,0.30,0.45,0.75,0.30,0.75
Netherlands,Justin Bijlow,24,6,6,540,6.00,0,0,0,0,0,0,0,0.00,0.00,0.00,0.00,0.00
Netherlands,Virgil van Dijk,30,6,6,540,6.00,1,0,1,0,0,1,0,0.17,0.00,0.17,0.17,0.17
Netherlands,Stefan de Vrij,29,6,6,539,6.00,0,0,0,0,0,0,0,0.00,0.00,0.00,0.00,0.00
Netherlands,Matthijs de Ligt,22,6,5,451,5.00,0,0,0,0,0,1,0,0.00,0.00,0.00,0.00,0.00
Netherlands,Tim Krul,33,3,3,270,3.00,0,0,0,0,0,0,0,0.00,0.00,0.00,0.00,0.00
Netherlands,Owen Wijndal,22,3,3,261,2.90,0,2,0,0,0,0,0,0.00,0.69,0.69,0.00,0.69
Netherlands,Cody Gakpo,22,3,3,241,2.70,1,1,1,0,0,0,0,0.37,0.37,0.75,0.37,0.75
Netherlands,Donyell Malen,23,6,2,238,2.60,3,0,3,0,0,1,0,1.13,0.00,1.13,1.13,1.13
Netherlands,Steven Bergwijn,24,5,2,210,2.30,1,0,1,0,0,1,0,0.43,0.00,0.43,0.43,0.43
Netherlands,Arnaut Groeneveld,25,3,2,196,2.20,1,0,1,0,0,0,0,0.46,0.00,0.46,0.46,0.46
Netherlands,Luuk de Jong,31,3,2,187,2.10,3,0,3,0,0,1,0,1.44,0.00,1.44,1.44,1.44
Netherlands,Noa Lang,22,3,1,119,1.30,0,1,0,0,0,0,0,0.00,0.76,0.76,0.00,0.76
Netherlands,Guus Til,24,3,1,99,1.10,1,0,1,0,0,0,0,0.91,0.00,0.91,0.91,0.91
Netherlands,Marten de Roon,30,3,1,97,1.10,0,0,0,0,0,0,0,0.00,0.00,0.00,0.00,0.00
Netherlands,Jasper Cillessen,32,1,1,90,1.00,0,0,0,0,0,0,0,0.00,0.00,0.00,0.00,0.00
Netherlands,Tyrell Malacia,22,1,1,90,1.00,0,1,0,0,0,0,0,0.00,1.00,1.00,0.00,1.00
Netherlands,Jurrien Timber,20,1,1,89,1.00,0,0,0,0,0,0,0,0.00,0.00,0.00,0.00,0.00
Netherlands,Kenny Tete,26,1,1,68,0.80,0,0,0,0,0,0,0,0.00,0.00,0.00,0.00,0.00
Netherlands,Ryan Gravenberch,19,6,0,128,1.40,0,0,0,0,0,1,0,0.00,0.00,0.00,0.00,0.00
Netherlands,Teun Koopmeiners,23,2,0,70,0.80,0,1,0,0,0,0,0,0.00,1.29,1.29,0.00,1.29
Netherlands,Wout Weghorst,29,2,0,46,0.50,0,1,0,0,0,0,0,0.00,1.96,1.96,0.00,1.96
Netherlands,Donny van de Beek,24,2,0,27,0.30,1,0,1,0,0,0,0,3.33,0.00,3.33,3.33,3.33
Netherlands,Ryan Babel,35,2,0,22,0.20,0,0,0,0,0,0,0,0.00,0.00,0.00,0.00,0.00
Netherlands,Devyne Rensch,19,1,0,20,0.20,0,2,0,0,0,0,0,0.00,9.00,9.00,0.00,9.00
Netherlands,Calvin Stengs,23,2,0,17,0.20,0,0,0,0,0,0,0,0.00,0.00,0.00,0.00,0.00
Netherlands,Patrick van Aanholt,31,1,0,9,0.10,0,0,0,0,0,0,0,0.00,0.00,0.00,0.00,0.00
Netherlands,Nathan Aké,26,1,0,2,0.00,0,0,0,0,0,0,0,0.00,0.00,0.00,0.00,0.00
Netherlands,Squad Total,28,10,110,900,10.00,33,25,29,4,6,13,0,3.30,2.50,5.80,2.90,5.40
Netherlands,Opponent Total,27,10,110,900,10.00,8,5,7,1,1,26,1,0.80,0.50,1.30,0.70,1.20
Poland,Wojciech Szczesny,31,10,10,855,9.50,0,0,0,0,0,0,0,0.00,0.00,0.00,0.00,0.00
Poland,Robert Lewandowski,33,9,9,712,7.90,9,4,8,1,1,1,0,1.14,0.51,1.64,1.01,1.52
Poland,Jakub Moder,22,9,8,578,6.40,1,0,1,0,0,1,0,0.16,0.00,0.16,0.16,0.16
Poland,Kamil Glik,33,8,7,652,7.20,0,1,0,0,0,1,0,0.00,0.14,0.14,0.00,0.14
Poland,Jan Bednarek,25,7,7,629,7.00,0,0,0,0,0,2,0,0.00,0.00,0.00,0.00,0.00
Poland,Grzegorz Krychowiak,32,8,7,624,6.90,1,1,1,0,0,2,0,0.14,0.14,0.29,0.14,0.29
Poland,Piotr Zielinski,27,7,6,555,6.20,1,2,1,0,0,0,0,0.16,0.32,0.49,0.16,0.49
Poland,Bartosz Bereszynski,29,8,6,477,5.30,0,1,0,0,0,1,0,0.00,0.19,0.19,0.00,0.19
Poland,Kamil Józwiak,23,8,5,533,5.90,2,2,2,0,0,0,0,0.34,0.34,0.68,0.34,0.68
Poland,Karol Swiderski,25,9,4,396,4.40,5,1,5,0,0,1,0,1.14,0.23,1.36,1.14,1.36
Poland,Karol Linetty,26,6,4,380,4.20,2,1,2,0,0,2,0,0.47,0.24,0.71,0.47,0.71
Poland,Maciej Rybus,32,6,4,337,3.70,0,1,0,0,0,0,0,0.00,0.27,0.27,0.00,0.27
Poland,Tymoteusz Puchacz,23,5,4,325,3.60,0,1,0,0,0,3,0,0.00,0.28,0.28,0.00,0.28
Poland,Michal Helik,26,6,4,302,3.40,0,2,0,0,0,1,0,0.00,0.60,0.60,0.00,0.60
Poland,Pawel Dawidowicz,26,5,3,360,4.00,0,0,0,0,0,0,0,0.00,0.00,0.00,0.00,0.00
Poland,Krzysztof Piatek,26,6,3,333,3.70,2,0,2,0,0,0,0,0.54,0.00,0.54,0.54,0.54
Poland,Arkadiusz Milik,27,5,3,289,3.20,1,1,1,0,0,1,0,0.31,0.31,0.62,0.31,0.62
Poland,Adam Buksa,25,6,3,278,3.10,5,0,5,0,0,1,0,1.62,0.00,1.62,1.62,1.62
Poland,Tomasz Kedziora,27,3,3,270,3.00,1,0,1,0,0,1,0,0.33,0.00,0.33,0.33,0.33
Poland,Przemyslaw Frankowski,26,7,3,255,2.80,0,2,0,0,0,0,0,0.00,0.71,0.71,0.00,0.71
Poland,Mateusz Klich,31,4,3,243,2.70,0,0,0,0,0,2,0,0.00,0.00,0.00,0.00,0.00
Poland,Kamil Piatkowski,21,2,2,180,2.00,0,1,0,0,0,0,0,0.00,0.50,0.50,0.00,0.50
Poland,Matty Cash,24,3,2,163,1.80,0,0,0,0,0,1,0,0.00,0.00,0.00,0.00,0.00
Poland,Sebastian Szymanski,22,2,2,148,1.60,0,0,0,0,0,0,0,0.00,0.00,0.00,0.00,0.00
Poland,Przemyslaw Placheta,23,3,1,129,1.40,0,1,0,0,0,0,0,0.00,0.70,0.70,0.00,0.70
Poland,Damian Szymanski,26,3,1,118,1.30,1,1,1,0,0,1,0,0.76,0.76,1.53,0.76,1.53
Poland,Kacper Kozlowski,18,2,1,108,1.20,0,1,0,0,0,0,0,0.00,0.83,0.83,0.00,0.83
Poland,Krystian Bielik,24,1,1,90,1.00,0,0,0,0,0,1,0,0.00,0.00,0.00,0.00,0.00
Poland,Robert Gumny,23,1,1,90,1.00,0,1,0,0,0,0,0,0.00,1.00,1.00,0.00,1.00
Poland,Jakub Kaminski,19,1,1,90,1.00,0,0,0,0,0,0,0,0.00,0.00,0.00,0.00,0.00
Poland,Arkadiusz Reca,26,2,1,83,0.90,0,0,0,0,0,0,0,0.00,0.00,0.00,0.00,0.00
Poland,Lukasz Fabianski,36,1,1,56,0.60,0,0,0,0,0,0,0,0.00,0.00,0.00,0.00,0.00
Poland,Jacek Góralski,29,1,1,45,0.50,0,0,0,0,0,1,0,0.00,0.00,0.00,0.00,0.00
Poland,Lukasz Skorupski,30,1,0,45,0.50,0,0,0,0,0,0,0,0.00,0.00,0.00,0.00,0.00
Poland,Bartosz Slisz,22,1,0,45,0.50,0,0,0,0,0,0,0,0.00,0.00,0.00,0.00,0.00
Poland,Kamil Grosicki,33,3,0,43,0.50,0,1,0,0,0,0,0,0.00,2.09,2.09,0.00,2.09
Poland,Radoslaw Majecki,22,1,0,34,0.40,0,0,0,0,0,0,0,0.00,0.00,0.00,0.00,0.00
Poland,Nicola Zalewski,20,1,0,25,0.30,0,1,0,0,0,0,0,0.00,3.60,3.60,0.00,3.60
Poland,Rafal Augustyniak,28,1,0,15,0.20,0,0,0,0,0,0,0,0.00,0.00,0.00,0.00,0.00
Poland,Squad Total,28,11,121,990,11.00,31,27,30,1,1,24,0,2.82,2.45,5.27,2.73,5.18
Poland,Opponent Total,28,11,121,990,11.00,11,7,10,1,1,31,2,1.00,0.64,1.64,0.91,1.55
Portugal,Cristiano Ronaldo,36,9,9,810,9.00,6,1,4,2,3,2,0,0.67,0.11,0.78,0.44,0.56
Portugal,Bernardo Silva,27,9,9,728,8.10,1,4,1,0,0,0,0,0.12,0.49,0.62,0.12,0.62
Portugal,João Cancelo,27,8,8,692,7.70,0,2,0,0,0,3,0,0.00,0.26,0.26,0.00,0.26
Portugal,Bruno Fernandes,27,9,7,631,7.00,3,2,3,0,0,2,0,0.43,0.29,0.71,0.43,0.71
Portugal,Rúben Dias,24,7,7,630,7.00,0,0,0,0,0,1,0,0.00,0.00,0.00,0.00,0.00
Portugal,Diogo Jota,25,7,7,545,6.10,5,2,5,0,0,2,0,0.83,0.33,1.16,0.83,1.16
Portugal,João Moutinho,35,8,6,477,5.30,0,0,0,0,0,2,0,0.00,0.00,0.00,0.00,0.00
Portugal,Nuno Mendes,19,9,5,521,5.80,0,0,0,0,0,2,0,0.00,0.00,0.00,0.00,0.00
Portugal,Rui Patrício,33,5,5,450,5.00,0,0,0,0,0,0,0,0.00,0.00,0.00,0.00,0.00
Portugal,Danilo Pereira,30,5,5,449,5.00,0,0,0,0,0,1,0,0.00,0.00,0.00,0.00,0.00
Portugal,Pepe,38,5,5,441,4.90,0,0,0,0,0,2,1,0.00,0.00,0.00,0.00,0.00
Portugal,José Fonte,38,5,4,368,4.10,0,0,0,0,0,1,0,0.00,0.00,0.00,0.00,0.00
Portugal,André Silva,26,6,4,356,4.00,1,0,1,0,0,0,0,0.25,0.00,0.25,0.25,0.25
Portugal,João Palhinha,26,8,4,333,3.70,2,0,2,0,0,1,0,0.54,0.00,0.54,0.54,0.54
Portugal,Anthony Lopes,31,3,3,270,3.00,0,0,0,0,0,0,0,0.00,0.00,0.00,0.00,0.00
Portugal,Raphaël Guerreiro,28,3,3,218,2.40,0,0,0,0,0,0,0,0.00,0.00,0.00,0.00,0.00
Portugal,Rúben Neves,24,5,2,246,2.70,0,1,0,0,0,0,0,0.00,0.37,0.37,0.00,0.37
Portugal,Renato Sanches,24,4,2,207,2.30,1,0,1,0,0,2,0,0.43,0.00,0.43,0.43,0.43
Portugal,Diogo Costa,22,2,2,180,2.00,0,0,0,0,0,0,0,0.00,0.00,0.00,0.00,0.00
Portugal,Diogo Dalot,22,2,2,180,2.00,0,0,0,0,0,0,0,0.00,0.00,0.00,0.00,0.00
Portugal,Otávio,26,3,2,175,1.90,1,1,1,0,0,0,0,0.51,0.51,1.03,0.51,1.03
Portugal,Pedro Neto,21,2,1,112,1.20,0,2,0,0,0,0,0,0.00,1.61,1.61,0.00,1.61
Portugal,João Félix,22,7,1,110,1.20,0,0,0,0,0,0,0,0.00,0.00,0.00,0.00,0.00
Portugal,Rafa Silva,28,3,1,96,1.10,0,0,0,0,0,0,0,0.00,0.00,0.00,0.00,0.00
Portugal,Domingos Duarte,26,1,1,90,1.00,0,0,0,0,0,0,0,0.00,0.00,0.00,0.00,0.00
Portugal,Nélson Semedo,28,1,1,90,1.00,0,0,0,0,0,0,0,0.00,0.00,0.00,0.00,0.00
Portugal,Cédric Soares,30,1,1,90,1.00,0,1,0,0,0,0,0,0.00,1.00,1.00,0.00,1.00
Portugal,Gonçalo Guedes,25,4,1,88,1.00,0,0,0,0,0,0,0,0.00,0.00,0.00,0.00,0.00
Portugal,Sérgio Oliveira,29,3,1,76,0.80,0,0,0,0,0,0,0,0.00,0.00,0.00,0.00,0.00
Portugal,Matheus Nunes,23,4,1,74,0.80,1,0,1,0,0,0,0,1.22,0.00,1.22,1.22,1.22
Portugal,João Mário,29,3,0,68,0.80,0,0,0,0,0,0,0,0.00,0.00,0.00,0.00,0.00
Portugal,Rafael Leão,22,4,0,63,0.70,0,1,0,0,0,0,0,0.00,1.43,1.43,0.00,1.43
Portugal,William Carvalho,29,2,0,26,0.30,0,0,0,0,0,0,0,0.00,0.00,0.00,0.00,0.00
Portugal,Vitinha,21,1,0,1,0.00,0,0,0,0,0,0,0,0.00,0.00,0.00,0.00,0.00
Portugal,Squad Total,29,10,110,900,10.00,21,17,19,2,3,21,1,2.10,1.70,3.80,1.90,3.60
Portugal,Opponent Total,27,10,110,900,10.00,7,7,7,0,1,26,2,0.70,0.70,1.40,0.70,1.40
Qatar,Almoez Ali,25,8,8,708,7.90,6,2,5,1,1,1,0,0.76,0.25,1.02,0.64,0.89
Qatar,Boualem Khoukhi,31,8,8,703,7.80,1,1,1,0,0,1,0,0.13,0.13,0.26,0.13,0.26
Qatar,Hassan Al-Haydos,31,8,8,648,7.20,2,0,1,1,2,1,0,0.28,0.00,0.28,0.14,0.14
Qatar,Saad Al Sheeb,31,7,7,630,7.00,0,0,0,0,0,0,0,0.00,0.00,0.00,0.00,0.00
Qatar,Abdelkarim Hassan,28,7,7,611,6.80,1,1,1,0,0,1,0,0.15,0.15,0.29,0.15,0.29
Qatar,Abdulaziz Hatem,31,7,7,584,6.50,2,1,2,0,0,0,0,0.31,0.15,0.46,0.31,0.46
Qatar,Karim Boudiaf,31,7,6,481,5.30,1,0,1,0,0,0,0,0.19,0.00,0.19,0.19,0.19
Qatar,Yusuf Abdurisag,22,7,6,427,4.70,1,2,1,0,0,0,0,0.21,0.42,0.63,0.21,0.63
Qatar,Bassam Al Rawi,24,6,5,497,5.50,0,0,0,0,0,0,0,0.00,0.00,0.00,0.00,0.00
Qatar,Tarek Salman,24,5,5,450,5.00,0,0,0,0,0,1,0,0.00,0.00,0.00,0.00,0.00
Qatar,Akram Afif,25,6,4,386,4.30,4,3,3,1,1,1,0,0.93,0.70,1.63,0.70,1.40
Qatar,Ró-Ró,31,4,4,360,4.00,0,0,0,0,0,2,0,0.00,0.00,0.00,0.00,0.00
Qatar,Musaab Khidir,29,5,4,315,3.50,0,0,0,0,0,0,0,0.00,0.00,0.00,0.00,0.00
Qatar,Assim Madibo,25,2,2,180,2.00,0,0,0,0,0,1,0,0.00,0.00,0.00,0.00,0.00
Qatar,Mohammed Muntari,28,3,2,161,1.80,0,0,0,0,0,0,0,0.00,0.00,0.00,0.00,0.00
Qatar,Ahmed Alaaeldin,29,5,1,121,1.30,0,1,0,0,0,0,0,0.00,0.74,0.74,0.00,0.74
Qatar,Salem Al Hajri,25,3,1,120,1.30,0,0,0,0,0,0,0,0.00,0.00,0.00,0.00,0.00
Qatar,Mohammed Waad,22,2,1,104,1.20,0,0,0,0,0,0,0,0.00,0.00,0.00,0.00,0.00
Qatar,Meshaal Barsham,23,1,1,90,1.00,0,0,0,0,0,0,0,0.00,0.00,0.00,0.00,0.00
Qatar,Fahad Al-Abdulrahman,26,1,1,79,0.90,0,0,0,0,0,0,0,0.00,0.00,0.00,0.00,0.00
Qatar,Ismail Mohamad,31,4,0,98,1.10,0,0,0,0,0,0,0,0.00,0.00,0.00,0.00,0.00
Qatar,Abdullah Abdulsalam,24,3,0,80,0.90,0,1,0,0,0,0,0,0.00,1.13,1.13,0.00,1.13
Qatar,Homam Elamin,22,3,0,33,0.40,0,0,0,0,0,0,0,0.00,0.00,0.00,0.00,0.00
Qatar,Moayad Hassan,30,1,0,26,0.30,0,0,0,0,0,0,0,0.00,0.00,0.00,0.00,0.00
Qatar,Ahmed Fathy,29,1,0,17,0.20,0,0,0,0,0,0,0,0.00,0.00,0.00,0.00,0.00
Qatar,Ali Afif,34,1,0,11,0.10,0,0,0,0,0,0,0,0.00,0.00,0.00,0.00,0.00
Qatar,Squad Total,28,8,88,720,8.00,18,12,15,3,4,9,0,2.25,1.50,3.75,1.87,3.38
Qatar,Opponent Total,28,8,88,720,8.00,1,0,1,0,1,8,1,0.12,0.00,0.12,0.12,0.12
Saudi Arabia,Yasser Al-Shahrani,29,15,15,1341,14.90,2,0,2,0,0,1,0,0.13,0.00,0.13,0.13,0.13
Saudi Arabia,Mohammed Al-Owais,30,15,15,1328,14.80,0,0,0,0,0,0,0,0.00,0.00,0.00,0.00,0.00
Saudi Arabia,Salman Al-Faraj,32,14,14,1258,14.00,4,1,3,1,1,2,0,0.29,0.07,0.36,0.21,0.29
Saudi Arabia,Salem Al-Dawsari,30,13,13,1168,13.00,7,1,4,3,3,2,0,0.54,0.08,0.62,0.31,0.39
Saudi Arabia,Fahad Al Muwallad,27,13,13,1084,12.00,4,3,4,0,0,2,0,0.33,0.25,0.58,0.33,0.58
Saudi Arabia,Abdulellah Al-Malki,27,13,12,983,10.90,0,1,0,0,0,4,0,0.00,0.09,0.09,0.00,0.09
Saudi Arabia,Mohamed Kanno,27,11,10,953,10.60,0,1,0,0,0,0,0,0.00,0.09,0.09,0.00,0.09
Saudi Arabia,Abdulelah Al-Amri,25,10,10,900,10.00,0,0,0,0,0,2,0,0.00,0.00,0.00,0.00,0.00
Saudi Arabia,Abdullah Madu,28,10,10,874,9.70,0,0,0,0,0,0,0,0.00,0.00,0.00,0.00,0.00
Saudi Arabia,Sultan Al-Ghanam,27,10,10,872,9.70,0,3,0,0,0,1,0,0.00,0.31,0.31,0.00,0.31
Saudi Arabia,Saleh Al-Shehri,28,13,9,765,8.50,7,2,6,1,1,0,0,0.82,0.24,1.06,0.71,0.94
Saudi Arabia,Mohammed Al-Breik,29,9,7,604,6.70,0,0,0,0,0,0,0,0.00,0.00,0.00,0.00,0.00
Saudi Arabia,Abdullah Otayf,29,7,7,526,5.80,0,0,0,0,0,2,0,0.00,0.00,0.00,0.00,0.00
Saudi Arabia,Ali Al-Bulaihi,32,10,6,559,6.20,0,0,0,0,0,2,0,0.00,0.00,0.00,0.00,0.00
Saudi Arabia,Hattan Bahebri,29,8,6,545,6.10,1,0,1,0,0,1,0,0.17,0.00,0.17,0.17,0.17
Saudi Arabia,Firas Al-Buraikan,21,12,5,540,6.00,3,0,3,0,0,0,0,0.50,0.00,0.50,0.50,0.50
Saudi Arabia,Abdullah Al Hamdan,22,8,4,321,3.60,1,2,1,0,1,0,0,0.28,0.56,0.84,0.28,0.84
Saudi Arabia,Sami Al-Najei,24,9,3,325,3.60,2,0,2,0,0,0,0,0.55,0.00,0.55,0.55,0.55
Saudi Arabia,Ziyad Al-Sahafi,27,5,3,274,3.00,0,0,0,0,0,0,0,0.00,0.00,0.00,0.00,0.00
Saudi Arabia,Hassan Al Tambakti,22,4,3,260,2.90,0,0,0,0,0,0,0,0.00,0.00,0.00,0.00,0.00
Saudi Arabia,Yahya Al-Shehri,31,3,3,215,2.40,0,0,0,0,0,0,0,0.00,0.00,0.00,0.00,0.00
Saudi Arabia,Abdulfattah Asiri,27,3,2,224,2.50,2,0,2,0,0,0,0,0.80,0.00,0.80,0.80,0.80
Saudi Arabia,Mohammed Al-Khabrani,28,3,2,190,2.10,0,0,0,0,0,0,0,0.00,0.00,0.00,0.00,0.00
Saudi Arabia,Nasser Al-Dawsari,23,3,2,185,2.10,0,0,0,0,0,0,0,0.00,0.00,0.00,0.00,0.00
Saudi Arabia,Mohammed Al Yami,24,2,2,180,2.00,0,0,0,0,0,0,0,0.00,0.00,0.00,0.00,0.00
Saudi Arabia,Abdulrahman Ghareeb,24,3,2,141,1.60,0,1,0,0,0,0,0,0.00,0.64,0.64,0.00,0.64
Saudi Arabia,Ali Al Hassan,24,6,2,112,1.20,1,0,1,0,0,0,0,0.80,0.00,0.80,0.80,0.80
Saudi Arabia,Abdullah Al-Khaibari,25,4,1,182,2.00,0,0,0,0,0,0,0,0.00,0.00,0.00,0.00,0.00
Saudi Arabia,Saud Abdulhamid,22,7,1,175,1.90,0,1,0,0,0,1,0,0.00,0.51,0.51,0.00,0.51
Saudi Arabia,Ahmed Sharahili,27,2,1,115,1.30,0,0,0,0,0,0,0,0.00,0.00,0.00,0.00,0.00
Saudi Arabia,Omar Hawsawi,36,1,1,90,1.00,0,0,0,0,0,0,0,0.00,0.00,0.00,0.00,0.00
Saudi Arabia,Abdullah Al-Mayouf,35,1,1,90,1.00,0,0,0,0,0,0,0,0.00,0.00,0.00,0.00,0.00
Saudi Arabia,Hamdan Al-Shamrani,25,1,1,90,1.00,0,0,0,0,0,0,0,0.00,0.00,0.00,0.00,0.00
Saudi Arabia,Ali Al Asmari,25,3,1,50,0.60,0,0,0,0,0,0,0,0.00,0.00,0.00,0.00,0.00
Saudi Arabia,Khaled Al-Sumairi,25,1,1,45,0.50,0,0,0,0,0,0,0,0.00,0.00,0.00,0.00,0.00
Saudi Arabia,Abdulaziz Al-Bishi,27,5,0,92,1.00,0,0,0,0,0,1,0,0.00,0.00,0.00,0.00,0.00
Saudi Arabia,Khalid Al Ghannam,21,2,0,32,0.40,0,0,0,0,0,0,0,0.00,0.00,0.00,0.00,0.00
Saudi Arabia,Mohammed Al-Kwikbi,27,3,0,24,0.30,0,0,0,0,0,0,0,0.00,0.00,0.00,0.00,0.00
Saudi Arabia,Fawaz Al-Qarni,29,1,0,22,0.20,0,0,0,0,0,0,0,0.00,0.00,0.00,0.00,0.00
Saudi Arabia,Haroune Camara,24,1,0,21,0.20,0,0,0,0,0,0,0,0.00,0.00,0.00,0.00,0.00
Saudi Arabia,Nawaf Al Abed,32,1,0,19,0.20,0,0,0,0,0,0,0,0.00,0.00,0.00,0.00,0.00
Saudi Arabia,Aiman Salem,20,2,0,19,0.20,0,0,0,0,0,0,0,0.00,0.00,0.00,0.00,0.00
Saudi Arabia,Abdulrahman Al-Aboud,26,1,0,16,0.20,0,0,0,0,0,0,0,0.00,0.00,0.00,0.00,0.00
Saudi Arabia,Abdurahman Al-Dossari,24,1,0,11,0.10,0,0,0,0,0,0,0,0.00,0.00,0.00,0.00,0.00
Saudi Arabia,Squad Total,28,18,198,1620,18.00,34,16,29,5,6,21,0,1.89,0.89,2.78,1.61,2.50
Saudi Arabia,Opponent Total,28,18,198,1620,18.00,10,3,8,2,2,29,1,0.56,0.17,0.72,0.44,0.61
Senegal,Kalidou Koulibaly,30,8,8,750,8.30,0,2,0,0,0,1,0,0.00,0.24,0.24,0.00,0.24
Senegal,Ismaila Sarr,23,8,8,744,8.30,3,1,3,0,0,1,0,0.36,0.12,0.48,0.36,0.48
Senegal,Idrissa Gana Gueye,32,8,8,711,7.90,1,0,1,0,0,1,0,0.13,0.00,0.13,0.13,0.13
Senegal,Saliou Ciss,32,8,7,666,7.40,0,3,0,0,0,0,0,0.00,0.41,0.41,0.00,0.41
Senegal,Edouard Mendy,29,7,7,660,7.30,0,0,0,0,0,0,0,0.00,0.00,0.00,0.00,0.00
Senegal,Sadio Mané,29,7,7,599,6.70,3,4,2,1,1,1,0,0.45,0.60,1.05,0.30,0.90
Senegal,Bouna Sarr,30,6,6,517,5.70,0,0,0,0,0,0,0,0.00,0.00,0.00,0.00,0.00
Senegal,Cheikhou Kouyaté,32,6,5,449,5.00,0,0,0,0,0,0,0,0.00,0.00,0.00,0.00,0.00
Senegal,Abdou Diallo,25,5,5,373,4.10,1,0,1,0,0,1,0,0.24,0.00,0.24,0.24,0.24
Senegal,Boulaye Dia,25,5,4,354,3.90,2,1,2,0,0,0,0,0.51,0.25,0.76,0.51,0.76
Senegal,Famara Diedhiou,29,5,4,304,3.40,4,0,4,0,0,0,0,1.18,0.00,1.18,1.18,1.18
Senegal,Pape Abou Cisse,26,4,3,355,3.90,0,0,0,0,0,0,0,0.00,0.00,0.00,0.00,0.00
Senegal,Nampalys Mendy,29,6,3,300,3.30,0,0,0,0,0,1,0,0.00,0.00,0.00,0.00,0.00
Senegal,Krepin Diatta,22,4,3,244,2.70,0,0,0,0,0,0,0,0.00,0.00,0.00,0.00,0.00
Senegal,Ibrahima Mbaye,27,2,2,161,1.80,0,0,0,0,0,1,0,0.00,0.00,0.00,0.00,0.00
Senegal,Habib Diallo,26,4,1,129,1.40,1,1,1,0,0,0,0,0.70,0.70,1.40,0.70,1.40
Senegal,Youssouf Sabaly,28,1,1,120,1.30,0,0,0,0,0,0,0,0.00,0.00,0.00,0.00,0.00
Senegal,Keita Baldé,26,2,1,108,1.20,1,0,1,0,0,0,0,0.83,0.00,0.83,0.83,0.83
Senegal,Joseph Lopy,29,2,1,108,1.20,0,0,0,0,0,0,0,0.00,0.00,0.00,0.00,0.00
Senegal,Pape Matar Sarr,19,3,1,92,1.00,0,0,0,0,0,0,0,0.00,0.00,0.00,0.00,0.00
Senegal,Alfred Gomis,28,1,1,90,1.00,0,0,0,0,0,0,0,0.00,0.00,0.00,0.00,0.00
Senegal,Fodé Ballo-Touré,25,4,1,88,1.00,0,0,0,0,0,1,0,0.00,0.00,0.00,0.00,0.00
Senegal,Abdallah Sima,20,2,1,69,0.80,0,0,0,0,0,0,0,0.00,0.00,0.00,0.00,0.00
Senegal,Bamba Dieng,21,6,0,160,1.80,0,1,0,0,0,1,0,0.00,0.56,0.56,0.00,0.56
Senegal,Pape Gueye,23,3,0,74,0.80,0,0,0,0,0,0,0,0.00,0.00,0.00,0.00,0.00
Senegal,El Hadji Moutarou Baldé,28,2,0,19,0.20,0,0,0,0,0,0,0,0.00,0.00,0.00,0.00,0.00
Senegal,Moustapha Name,26,2,0,4,0.00,0,0,0,0,0,0,0,0.00,0.00,0.00,0.00,0.00
Senegal,Abdoulaye Seck,29,1,0,2,0.00,0,0,0,0,0,0,0,0.00,0.00,0.00,0.00,0.00
Senegal,Squad Total,29,8,88,750,8.30,16,13,15,1,1,9,0,1.92,1.56,3.48,1.80,3.36
Senegal,Opponent Total,28,8,88,750,8.30,3,1,2,1,1,20,0,0.36,0.12,0.48,0.24,0.36
Serbia,Sergej Milinkovic-Savic,26,7,7,630,7.00,1,2,1,0,0,0,0,0.14,0.29,0.43,0.14,0.43
Serbia,Dušan Tadic,33,8,7,607,6.70,2,6,1,1,1,1,0,0.30,0.89,1.19,0.15,1.04
Serbia,Filip Kostic,29,8,7,585,6.50,1,2,1,0,0,0,0,0.15,0.31,0.46,0.15,0.46
Serbia,Strahinja Pavlovic,20,7,7,585,6.50,0,0,0,0,0,3,0,0.00,0.00,0.00,0.00,0.00
Serbia,Predrag Rajkovic,26,6,6,540,6.00,0,0,0,0,0,0,0,0.00,0.00,0.00,0.00,0.00
Serbia,Nemanja Gudelj,30,7,6,488,5.40,0,0,0,0,0,2,0,0.00,0.00,0.00,0.00,0.00
Serbia,Dušan Vlahovic,22,8,6,488,5.40,4,0,3,1,1,0,0,0.74,0.00,0.74,0.55,0.55
Serbia,Aleksandar Mitrovic,27,8,5,528,5.90,8,0,8,0,0,2,0,1.36,0.00,1.36,1.36,1.36
Serbia,Nikola Milenkovic,24,5,5,449,5.00,1,0,1,0,0,1,1,0.20,0.00,0.20,0.20,0.20
Serbia,Saša Lukic,25,5,4,360,4.00,0,1,0,0,0,0,0,0.00,0.25,0.25,0.00,0.25
Serbia,Stefan Mitrovic,31,4,4,360,4.00,0,0,0,0,0,0,0,0.00,0.00,0.00,0.00,0.00
Serbia,Miloš Veljkovic,26,5,4,342,3.80,0,1,0,0,0,0,0,0.00,0.26,0.26,0.00,0.26
Serbia,Matija Nastasic,28,3,3,262,2.90,0,0,0,0,0,0,0,0.00,0.00,0.00,0.00,0.00
Serbia,Darko Lazovic,31,5,3,226,2.50,0,1,0,0,0,0,0,0.00,0.40,0.40,0.00,0.40
Serbia,Filip Ðuricic,30,4,3,186,2.10,0,0,0,0,0,2,0,0.00,0.00,0.00,0.00,0.00
Serbia,Marko Dmitrovic,30,2,2,180,2.00,0,0,0,0,0,0,0,0.00,0.00,0.00,0.00,0.00
Serbia,Nemanja Radonjic,25,7,1,255,2.80,0,2,0,0,0,1,0,0.00,0.71,0.71,0.00,0.71
Serbia,Uroš Spajic,28,3,1,161,1.80,0,0,0,0,0,1,0,0.00,0.00,0.00,0.00,0.00
Serbia,Nemanja Maksimovic,27,7,1,152,1.70,0,0,0,0,0,1,0,0.00,0.00,0.00,0.00,0.00
Serbia,Luka Jovic,24,7,1,124,1.40,0,0,0,0,0,0,0,0.00,0.00,0.00,0.00,0.00
Serbia,Andrija Živkovic,25,2,1,95,1.10,0,0,0,0,0,0,0,0.00,0.00,0.00,0.00,0.00
Serbia,Marko Grujic,25,2,1,91,1.00,0,0,0,0,0,0,0,0.00,0.00,0.00,0.00,0.00
Serbia,Milan Gajic,26,1,1,90,1.00,0,0,0,0,0,0,0,0.00,0.00,0.00,0.00,0.00
Serbia,Uroš Racic,23,1,1,62,0.70,0,0,0,0,0,0,0,0.00,0.00,0.00,0.00,0.00
Serbia,Filip Mladenovic,30,2,1,48,0.50,0,0,0,0,0,0,0,0.00,0.00,0.00,0.00,0.00
Serbia,Mihailo Ristic,26,2,0,25,0.30,0,0,0,0,0,0,0,0.00,0.00,0.00,0.00,0.00
Serbia,Squad Total,27,8,88,720,8.00,17,15,15,2,2,14,1,2.12,1.87,4.00,1.87,3.75
Serbia,Opponent Total,28,8,88,720,8.00,8,6,7,1,1,17,1,1.00,0.75,1.75,0.87,1.62
Spain,Unai Simón,24,8,8,703,7.80,0,0,0,0,0,0,0,0.00,0.00,0.00,0.00,0.00
Spain,Ferrán Torres,21,6,6,490,5.40,4,0,4,0,0,0,0,0.73,0.00,0.73,0.73,0.73
Spain,Álvaro Morata,29,7,6,488,5.40,2,1,2,0,0,0,0,0.37,0.18,0.55,0.37,0.55
Spain,Sergio Busquets,33,6,5,443,4.90,0,0,0,0,0,1,0,0.00,0.00,0.00,0.00,0.00
Spain,Koke,30,5,5,415,4.60,0,2,0,0,0,0,0,0.00,0.43,0.43,0.00,0.43
Spain,Eric García,21,5,5,414,4.60,0,0,0,0,0,0,0,0.00,0.00,0.00,0.00,0.00
Spain,Aymeric Laporte,27,5,5,405,4.50,0,0,0,0,0,0,0,0.00,0.00,0.00,0.00,0.00
Spain,Marcos Llorente,27,6,4,397,4.40,0,2,0,0,0,0,0,0.00,0.45,0.45,0.00,0.45
Spain,Jordi Alba,32,4,4,360,4.00,0,4,0,0,0,1,0,0.00,1.00,1.00,0.00,1.00
Spain,Carlos Soler,25,4,4,303,3.40,2,0,2,0,0,0,0,0.59,0.00,0.59,0.59,0.59
Spain,Iñigo Martínez,30,5,3,358,4.00,0,0,0,0,0,1,0,0.00,0.00,0.00,0.00,0.00
Spain,Dani Olmo,23,5,3,311,3.50,2,1,2,0,0,0,0,0.58,0.29,0.87,0.58,0.87
Spain,César Azpilicueta,32,5,3,305,3.40,0,0,0,0,0,0,0,0.00,0.00,0.00,0.00,0.00
Spain,Rodri,25,6,3,287,3.20,0,0,0,0,0,0,0,0.00,0.00,0.00,0.00,0.00
Spain,José Luis Gayà,26,3,3,253,2.80,1,0,1,0,0,0,0,0.36,0.00,0.36,0.36,0.36
Spain,Pablo Sarabia,29,5,3,239,2.70,2,0,1,1,1,1,0,0.75,0.00,0.75,0.38,0.38
Spain,Pedri,19,3,2,184,2.00,0,1,0,0,0,0,0,0.00,0.49,0.49,0.00,0.49
Spain,Gavi Paez,17,2,2,152,1.70,0,0,0,0,0,0,0,0.00,0.00,0.00,0.00,0.00
Spain,Raúl de Tomás,27,2,2,114,1.30,0,0,0,0,0,0,0,0.00,0.00,0.00,0.00,0.00
Spain,Pablo Fornals,25,3,1,114,1.30,1,1,1,0,0,0,0,0.79,0.79,1.58,0.79,1.58
Spain,Dani Carvajal,30,1,1,90,1.00,0,0,0,0,0,1,0,0.00,0.00,0.00,0.00,0.00
Spain,Abel Ruiz,22,1,1,90,1.00,0,0,0,0,0,0,0,0.00,0.00,0.00,0.00,0.00
Spain,Pau Torres,25,1,1,90,1.00,0,0,0,0,0,0,0,0.00,0.00,0.00,0.00,0.00
Spain,Gerard Moreno,29,2,1,86,1.00,1,0,1,0,0,0,0,1.05,0.00,1.05,1.05,1.05
Spain,Sergio Reguilón,25,1,1,85,0.90,0,0,0,0,0,0,0,0.00,0.00,0.00,0.00,0.00
Spain,Fabián Ruiz Peña,25,2,1,76,0.80,0,0,0,0,0,0,0,0.00,0.00,0.00,0.00,0.00
Spain,Bryan,20,2,1,72,0.80,0,0,0,0,0,0,0,0.00,0.00,0.00,0.00,0.00
Spain,Sergio Canales,30,2,1,72,0.80,0,0,0,0,0,0,0,0.00,0.00,0.00,0.00,0.00
Spain,Pedro Porro,22,1,1,64,0.70,0,0,0,0,0,1,0,0.00,0.00,0.00,0.00,0.00
Spain,Sergio Ramos,35,2,1,50,0.60,0,0,0,0,0,0,0,0.00,0.00,0.00,0.00,0.00
Spain,Diego Llorente,28,1,1,45,0.50,0,0,0,0,0,1,0,0.00,0.00,0.00,0.00,0.00
Spain,Rodrigo,30,2,0,66,0.70,0,0,0,0,0,0,0,0.00,0.00,0.00,0.00,0.00
Spain,Adama Traoré,26,2,0,60,0.70,0,0,0,0,0,0,0,0.00,0.00,0.00,0.00,0.00
Spain,Thiago Alcántara,30,2,0,56,0.60,0,0,0,0,0,0,0,0.00,0.00,0.00,0.00,0.00
Spain,Mikel Merino,25,3,0,54,0.60,0,1,0,0,0,0,0,0.00,1.67,1.67,0.00,1.67
Spain,Raúl Albiol,36,2,0,50,0.60,0,0,0,0,0,0,0,0.00,0.00,0.00,0.00,0.00
Spain,Mikel Oyarzabal,24,2,0,37,0.40,0,0,0,0,0,0,0,0.00,0.00,0.00,0.00,0.00
Spain,Brais Méndez,25,3,0,25,0.30,0,0,0,0,0,1,0,0.00,0.00,0.00,0.00,0.00
Spain,Robert Sánchez,24,1,0,17,0.20,0,0,0,0,0,0,0,0.00,0.00,0.00,0.00,0.00
Spain,David de Gea,31,0,0,,,,,,,,,,,,,,
Spain,Squad Total,27,8,88,720,8.00,15,13,14,1,1,8,0,1.87,1.62,3.50,1.75,3.38
Spain,Opponent Total,28,8,88,720,8.00,5,2,4,1,1,14,1,0.62,0.25,0.87,0.50,0.75
Switzerland,Yann Sommer,33,8,8,720,8.00,0,0,0,0,0,0,0,0.00,0.00,0.00,0.00,0.00
Switzerland,Remo Freuler,29,7,7,600,6.70,1,0,1,0,0,1,0,0.15,0.00,0.15,0.15,0.15
Switzerland,Ricardo Rodríguez,29,7,7,535,5.90,0,1,0,0,0,0,0,0.00,0.17,0.17,0.00,0.17
Switzerland,Nico Elvedi,25,6,6,540,6.00,0,0,0,0,0,1,0,0.00,0.00,0.00,0.00,0.00
Switzerland,Silvan Widmer,28,7,6,519,5.80,1,0,1,0,0,0,0,0.17,0.00,0.17,0.17,0.17
Switzerland,Manuel Akanji,26,6,6,502,5.60,0,0,0,0,0,2,0,0.00,0.00,0.00,0.00,0.00
Switzerland,Xherdan Shaqiri,30,6,6,484,5.40,1,4,1,0,0,0,0,0.19,0.74,0.93,0.19,0.93
Switzerland,Denis Zakaria,25,7,4,424,4.70,0,0,0,0,0,2,0,0.00,0.00,0.00,0.00,0.00
Switzerland,Ruben Vargas,23,7,4,399,4.40,1,0,1,0,0,0,0,0.23,0.00,0.23,0.23,0.23
Switzerland,Renato Steffen,30,6,4,348,3.90,1,1,1,0,0,0,0,0.26,0.26,0.52,0.26,0.52
Switzerland,Haris Seferovic,29,4,4,335,3.70,1,0,1,0,1,0,0,0.27,0.00,0.27,0.27,0.27
Switzerland,Breel Embolo,24,4,4,330,3.70,3,3,3,0,0,0,0,0.82,0.82,1.64,0.82,1.64
Switzerland,Steven Zuber,30,6,4,324,3.60,2,0,2,0,0,0,0,0.56,0.00,0.56,0.56,0.56
Switzerland,Fabian Schär,30,4,3,307,3.40,0,2,0,0,0,1,0,0.00,0.59,0.59,0.00,0.59
Switzerland,Kevin Mbabu,26,3,3,260,2.90,0,0,0,0,0,1,0,0.00,0.00,0.00,0.00,0.00
Switzerland,Fabian Frei,33,4,3,251,2.80,0,0,0,0,0,2,0,0.00,0.00,0.00,0.00,0.00
Switzerland,Granit Xhaka,29,2,2,180,2.00,0,0,0,0,0,0,0,0.00,0.00,0.00,0.00,0.00
Switzerland,Djibril Sow,24,6,2,171,1.90,0,0,0,0,0,1,0,0.00,0.00,0.00,0.00,0.00
Switzerland,Noah Okafor,21,2,2,145,1.60,1,1,1,0,0,0,0,0.62,0.62,1.24,0.62,1.24
Switzerland,Christian Fassnacht,28,4,1,114,1.30,1,0,1,0,0,0,0,0.79,0.00,0.79,0.79,0.79
Switzerland,Mario Gavranovic,32,4,1,113,1.30,1,1,1,0,0,0,0,0.80,0.80,1.59,0.80,1.59
Switzerland,Michel Aebischer,25,3,1,96,1.10,0,0,0,0,0,1,0,0.00,0.00,0.00,0.00,0.00
Switzerland,Ulisses Garcia,26,3,0,95,1.10,0,0,0,0,0,1,0,0.00,0.00,0.00,0.00,0.00
Switzerland,Andi Zeqiri,22,4,0,37,0.40,0,0,0,0,0,0,0,0.00,0.00,0.00,0.00,0.00
Switzerland,Edimilson Fernandes,25,1,0,26,0.30,0,0,0,0,0,0,0,0.00,0.00,0.00,0.00,0.00
Switzerland,Cedric Itten,25,3,0,26,0.30,1,1,1,0,0,0,0,3.46,3.46,6.92,3.46,6.92
Switzerland,Kastriot Imeri,21,1,0,22,0.20,0,0,0,0,0,0,0,0.00,0.00,0.00,0.00,0.00
Switzerland,Admir Mehmedi,30,2,0,12,0.10,0,0,0,0,0,0,0,0.00,0.00,0.00,0.00,0.00
Switzerland,Jordan Lotomba,23,1,0,5,0.10,0,0,0,0,0,0,0,0.00,0.00,0.00,0.00,0.00
Switzerland,Squad Total,28,8,88,720,8.00,15,14,15,0,1,13,0,1.87,1.75,3.62,1.87,3.62
Switzerland,Opponent Total,29,8,88,720,8.00,2,1,2,0,2,14,1,0.25,0.12,0.37,0.25,0.37
Tunisia,Ali Maâloul,32,8,8,720,8.00,1,1,1,0,0,1,0,0.12,0.12,0.25,0.12,0.25
Tunisia,Aïssa Laïdouni,25,8,8,690,7.70,1,0,1,0,0,1,0,0.13,0.00,0.13,0.13,0.13
Tunisia,Farouk Ben Mustapha,32,6,6,540,6.00,0,0,0,0,0,0,0,0.00,0.00,0.00,0.00,0.00
Tunisia,Dylan Bronn,26,6,6,540,6.00,1,0,1,0,0,1,0,0.17,0.00,0.17,0.17,0.17
Tunisia,Naïm Sliti,29,6,6,477,5.30,0,2,0,0,0,0,0,0.00,0.38,0.38,0.00,0.38
Tunisia,Seifeddine Jaziri,28,7,5,442,4.90,1,0,1,0,0,1,0,0.20,0.00,0.20,0.20,0.20
Tunisia,Yassine Meriah,28,5,5,434,4.80,0,1,0,0,0,1,0,0.00,0.21,0.21,0.00,0.21
Tunisia,Wahbi Khazri,30,6,5,410,4.60,3,1,1,2,3,2,0,0.66,0.22,0.88,0.22,0.44
Tunisia,Ferjani Sassi,29,5,5,379,4.20,0,0,0,0,0,3,0,0.00,0.00,0.00,0.00,0.00
Tunisia,Montassar Talbi,23,6,4,378,4.20,0,0,0,0,0,0,0,0.00,0.00,0.00,0.00,0.00
Tunisia,Ellyes Skhiri,26,5,4,365,4.10,2,0,2,0,0,0,0,0.49,0.00,0.49,0.49,0.49
Tunisia,Mohamed Dräger,25,3,3,246,2.70,1,0,1,0,0,0,0,0.37,0.00,0.37,0.37,0.37
Tunisia,Wajdi Kechrida,26,3,3,225,2.50,0,0,0,0,0,1,0,0.00,0.00,0.00,0.00,0.00
Tunisia,Anis Ben Slimane,20,6,2,269,3.00,1,0,1,0,0,0,0,0.33,0.00,0.33,0.33,0.33
Tunisia,Mohamed Ali Ben Romdhane,22,7,2,262,2.90,0,0,0,0,0,1,0,0.00,0.00,0.00,0.00,0.00
Tunisia,Hamza Mathlouthi,29,4,2,249,2.80,0,0,0,0,0,1,0,0.00,0.00,0.00,0.00,0.00
Tunisia,Youssef Msakni,31,4,2,240,2.70,0,0,0,0,0,0,0,0.00,0.00,0.00,0.00,0.00
Tunisia,Ghaylène Chaalali,27,4,2,185,2.10,0,0,0,0,0,0,0,0.00,0.00,0.00,0.00,0.00
Tunisia,Bechir Ben Saïd,29,2,2,180,2.00,0,0,0,0,0,1,0,0.00,0.00,0.00,0.00,0.00
Tunisia,Nader Ghandri,26,2,2,180,2.00,0,0,0,0,0,1,0,0.00,0.00,0.00,0.00,0.00
Tunisia,Fakhreddine Ben Youssef,30,4,2,141,1.60,0,0,0,0,0,0,0,0.00,0.00,0.00,0.00,0.00
Tunisia,Saîf-Eddine Khaoui,26,3,2,95,1.10,0,1,0,0,0,0,0,0.00,0.95,0.95,0.00,0.95
Tunisia,Hamza Rafia,22,4,1,105,1.20,0,0,0,0,0,0,0,0.00,0.00,0.00,0.00,0.00
Tunisia,Saad Bguir,27,2,1,102,1.10,0,0,0,0,0,0,0,0.00,0.00,0.00,0.00,0.00
Tunisia,Taha Yassine Khenissi,30,2,0,51,0.60,0,0,0,0,0,0,0,0.00,0.00,0.00,0.00,0.00
Tunisia,Sebastian Tounekti,19,1,0,7,0.10,0,0,0,0,0,0,0,0.00,0.00,0.00,0.00,0.00
Tunisia,Mortadha Ben Ouannes,27,1,0,6,0.10,0,0,0,0,0,0,0,0.00,0.00,0.00,0.00,0.00
Tunisia,Bilel Ifa,31,1,0,1,0.00,0,0,0,0,0,0,0,0.00,0.00,0.00,0.00,0.00
Tunisia,Hannibal Mejbri,19,1,0,1,0.00,0,0,0,0,0,0,0,0.00,0.00,0.00,0.00,0.00
Tunisia,Squad Total,28,8,88,720,8.00,11,6,9,2,3,15,0,1.37,0.75,2.12,1.13,1.87
Tunisia,Opponent Total,26,8,88,720,8.00,2,0,2,0,1,15,1,0.25,0.00,0.25,0.25,0.25
United States,Tyler Adams,22,13,12,1019,11.30,0,0,0,0,0,1,0,0.00,0.00,0.00,0.00,0.00
United States,Antonee Robinson,24,13,11,1062,11.80,2,3,2,0,0,0,0,0.17,0.25,0.42,0.17,0.42
United States,Miles Robinson,24,11,11,962,10.70,0,0,0,0,0,3,1,0.00,0.00,0.00,0.00,0.00
United States,Yunus Musah,19,10,10,732,8.10,0,1,0,0,0,0,0,0.00,0.12,0.12,0.00,0.12
United States,Walker Zimmerman,28,10,9,815,9.10,1,1,1,0,0,0,0,0.11,0.11,0.22,0.11,0.22
United States,Matt Turner,27,8,8,720,8.00,0,0,0,0,0,0,0,0.00,0.00,0.00,0.00,0.00
United States,Ricardo Pepi,19,10,8,641,7.10,3,1,3,0,0,0,0,0.42,0.14,0.56,0.42,0.56
United States,Timothy Weah,21,9,8,581,6.50,1,1,1,0,0,2,0,0.15,0.15,0.31,0.15,0.31
United States,Brenden Aaronson,21,11,7,654,7.30,2,1,2,0,0,0,0,0.28,0.14,0.41,0.28,0.41
United States,Weston McKennie,23,7,7,623,6.90,2,0,2,0,0,2,0,0.29,0.00,0.29,0.29,0.29
United States,Christian Pulisic,23,10,7,614,6.80,5,0,3,2,2,1,0,0.73,0.00,0.73,0.44,0.44
United States,Kellyn Acosta,26,13,6,678,7.50,0,1,0,0,0,0,0,0.00,0.13,0.13,0.00,0.13
United States,Zack Steffen,26,6,6,540,6.00,0,0,0,0,0,1,0,0.00,0.00,0.00,0.00,0.00
United States,Sergiño Dest,21,6,6,419,4.70,1,1,1,0,0,0,0,0.21,0.21,0.43,0.21,0.43
United States,DeAndre Yedlin,28,9,5,502,5.60,0,1,0,0,0,2,0,0.00,0.18,0.18,0.00,0.18
United States,Chris Richards,21,5,4,361,4.00,0,0,0,0,0,0,0,0.00,0.00,0.00,0.00,0.00
United States,Paul Arriola,26,5,3,209,2.30,1,1,1,0,0,0,0,0.43,0.43,0.86,0.43,0.86
United States,Luca de la Torre,23,4,2,239,2.70,0,0,0,0,0,0,0,0.00,0.00,0.00,0.00,0.00
United States,Sebastian Lletget,29,4,2,230,2.60,1,0,1,0,0,0,0,0.39,0.00,0.39,0.39,0.39
United States,Jesus Ferreira,21,6,2,229,2.50,1,0,1,0,0,0,0,0.39,0.00,0.39,0.39,0.39
United States,Shaquell Moore,25,4,2,201,2.20,0,0,0,0,0,0,0,0.00,0.00,0.00,0.00,0.00
United States,Mark McKenzie,22,2,2,180,2.00,0,0,0,0,0,0,0,0.00,0.00,0.00,0.00,0.00
United States,Gyasi Zardes,30,5,2,179,2.00,0,0,0,0,0,0,0,0.00,0.00,0.00,0.00,0.00
United States,George Bello,20,2,2,135,1.50,0,0,0,0,0,0,0,0.00,0.00,0.00,0.00,0.00
United States,John Brooks,29,2,2,135,1.50,0,0,0,0,0,1,0,0.00,0.00,0.00,0.00,0.00
United States,Josh Sargent,21,3,2,116,1.30,0,0,0,0,0,0,0,0.00,0.00,0.00,0.00,0.00
United States,Gio Reyna,19,4,1,196,2.20,0,0,0,0,0,0,0,0.00,0.00,0.00,0.00,0.00
United States,Jordan Pefok,25,3,1,140,1.60,0,0,0,0,0,1,0,0.00,0.00,0.00,0.00,0.00
United States,Jordan Morris,27,6,1,139,1.50,0,0,0,0,0,0,0,0.00,0.00,0.00,0.00,0.00
United States,Gianluca Busio,19,3,1,123,1.40,0,0,0,0,0,0,0,0.00,0.00,0.00,0.00,0.00
United States,Reggie Cannon,23,2,1,105,1.20,0,0,0,0,0,0,0,0.00,0.00,0.00,0.00,0.00
United States,Tim Ream,34,1,1,90,1.00,0,0,0,0,0,0,0,0.00,0.00,0.00,0.00,0.00
United States,James Sands,21,1,1,72,0.80,0,0,0,0,0,0,0,0.00,0.00,0.00,0.00,0.00
United States,Konrad De La Fuente,20,2,1,71,0.80,0,0,0,0,0,0,0,0.00,0.00,0.00,0.00,0.00
United States,Cristian Roldan,26,5,0,80,0.90,0,0,0,0,0,0,0,0.00,0.00,0.00,0.00,0.00
United States,Aaron Long,29,2,0,37,0.40,0,0,0,0,0,1,0,0.00,0.00,0.00,0.00,0.00
United States,Matthew Hoppe,20,1,0,18,0.20,0,0,0,0,0,0,0,0.00,0.00,0.00,0.00,0.00
United States,Erik Palmer-Brown,24,1,0,11,0.10,0,0,0,0,0,0,0,0.00,0.00,0.00,0.00,0.00
United States,Ethan Horvath,26,0,0,,,,,,,,,,,,,,
United States,Squad Total,24,14,154,1260,14.00,20,12,18,2,2,15,1,1.43,0.86,2.29,1.29,2.14
United States,Opponent Total,28,14,154,1260,14.00,10,7,10,0,0,21,0,0.71,0.50,1.21,0.71,1.21
Uruguay,Diego Godín,35,17,17,1516,16.80,0,0,0,0,0,1,0,0.00,0.00,0.00,0.00,0.00
Uruguay,Rodrigo Bentancur,24,16,16,1223,13.60,1,0,1,0,0,6,0,0.07,0.00,0.07,0.07,0.07
Uruguay,Federico Valverde,23,14,14,1229,13.70,2,0,2,0,0,2,0,0.15,0.00,0.15,0.15,0.15
Uruguay,José María Giménez,27,13,13,1137,12.60,0,0,0,0,0,1,0,0.00,0.00,0.00,0.00,0.00
Uruguay,Luis Suárez,35,14,12,1106,12.30,8,0,3,5,5,1,0,0.65,0.00,0.65,0.24,0.24
Uruguay,Nahitan Nández,26,13,11,914,10.20,0,2,0,0,0,3,0,0.00,0.20,0.20,0.00,0.20
Uruguay,Matías Vecino,30,11,11,793,8.80,0,1,0,0,0,2,0,0.00,0.11,0.11,0.00,0.11
Uruguay,Fernando Muslera,35,10,10,900,10.00,0,0,0,0,0,0,0,0.00,0.00,0.00,0.00,0.00
Uruguay,Matías Viña,24,11,10,826,9.20,0,0,0,0,0,0,0,0.00,0.00,0.00,0.00,0.00
Uruguay,Martín Cáceres,34,11,8,775,8.60,0,0,0,0,0,3,0,0.00,0.00,0.00,0.00,0.00
Uruguay,Brian Rodríguez,21,11,8,574,6.40,0,1,0,0,0,0,0,0.00,0.16,0.16,0.00,0.16
Uruguay,Ronald Araújo,22,9,7,649,7.20,0,1,0,0,0,1,0,0.00,0.14,0.14,0.00,0.14
Uruguay,Giorgian De Arrascaeta,27,8,7,548,6.10,5,0,4,1,1,0,0,0.82,0.00,0.82,0.66,0.66
Uruguay,Lucas Torreira,25,11,6,602,6.70,0,1,0,0,0,0,0,0.00,0.15,0.15,0.00,0.15
Uruguay,Nicolás De La Cruz,24,9,6,434,4.80,0,0,0,0,0,0,0,0.00,0.00,0.00,0.00,0.00
Uruguay,Edinson Cavani,34,9,5,466,5.20,2,0,2,0,0,1,1,0.39,0.00,0.39,0.39,0.39
Uruguay,Martín Campaña,32,4,4,360,4.00,0,0,0,0,0,0,0,0.00,0.00,0.00,0.00,0.00
Uruguay,Sebastián Coates,31,4,4,360,4.00,0,0,0,0,0,2,0,0.00,0.00,0.00,0.00,0.00
Uruguay,Sergio Rochet,28,4,4,360,4.00,0,0,0,0,0,0,0,0.00,0.00,0.00,0.00,0.00
Uruguay,Darwin Núñez,22,8,3,429,4.80,1,0,1,0,0,0,0,0.21,0.00,0.21,0.21,0.21
Uruguay,Joaquín Piquerez,23,7,3,336,3.70,0,1,0,0,0,0,0,0.00,0.27,0.27,0.00,0.27
Uruguay,Agustín Álvarez Martínez,20,4,3,278,3.10,1,0,1,0,0,0,0,0.32,0.00,0.32,0.32,0.32
Uruguay,Mathías Olivera,24,3,3,270,3.00,0,0,0,0,0,1,0,0.00,0.00,0.00,0.00,0.00
Uruguay,Facundo Pellistri,20,3,3,218,2.40,0,0,0,0,0,2,0,0.00,0.00,0.00,0.00,0.00
Uruguay,Giovanni González,27,5,2,252,2.80,0,0,0,0,0,1,0,0.00,0.00,0.00,0.00,0.00
Uruguay,Facundo Torres,21,5,2,239,2.70,0,0,0,0,0,0,0,0.00,0.00,0.00,0.00,0.00
Uruguay,Jonathan Rodríguez,28,8,2,235,2.60,0,0,0,0,0,1,0,0.00,0.00,0.00,0.00,0.00
Uruguay,Maxi Gómez,25,6,2,174,1.90,1,0,1,0,0,1,0,0.52,0.00,0.52,0.52,0.52
Uruguay,Agustín Oliveros,23,1,1,90,1.00,0,0,0,0,0,0,0,0.00,0.00,0.00,0.00,0.00
Uruguay,Diego Rossi,23,1,1,73,0.80,0,0,0,0,0,0,0,0.00,0.00,0.00,0.00,0.00
Uruguay,Mauro Arambarri,26,10,0,184,2.00,0,0,0,0,0,0,0,0.00,0.00,0.00,0.00,0.00
Uruguay,Damián Suárez,33,4,0,49,0.50,0,0,0,0,0,0,0,0.00,0.00,0.00,0.00,0.00
Uruguay,David Terans,27,2,0,47,0.50,0,0,0,0,0,0,0,0.00,0.00,0.00,0.00,0.00
Uruguay,Agustín Canobbio,23,2,0,45,0.50,0,0,0,0,0,0,0,0.00,0.00,0.00,0.00,0.00
Uruguay,Manuel Ugarte Ribeiro,20,2,0,38,0.40,0,0,0,0,0,0,0,0.00,0.00,0.00,0.00,0.00
Uruguay,Fernando Gorriarán,27,3,0,32,0.40,0,0,0,0,0,0,0,0.00,0.00,0.00,0.00,0.00
Uruguay,Gastón Pereiro,26,3,0,31,0.30,1,0,1,0,0,0,0,2.90,0.00,2.90,2.90,2.90
Uruguay,Federico Martínez,25,1,0,7,0.10,0,0,0,0,0,0,0,0.00,0.00,0.00,0.00,0.00
Uruguay,Gabriel Neves,24,1,0,1,0.00,0,0,0,0,0,0,0,0.00,0.00,0.00,0.00,0.00
Uruguay,Squad Total,28,18,198,1620,18.00,22,7,16,6,6,29,1,1.22,0.39,1.61,0.89,1.28
Uruguay,Opponent Total,29,18,198,1620,18.00,22,17,21,1,2,37,3,1.22,0.94,2.17,1.17,2.11
Wales,Daniel James,24,10,10,862,9.60,2,2,2,0,0,1,0,0.21,0.21,0.42,0.21,0.42
Wales,Joe Allen,31,9,9,727,8.10,0,0,0,0,0,2,0,0.00,0.00,0.00,0.00,0.00
Wales,Ethan Ampadu,21,8,8,720,8.00,0,0,0,0,0,2,0,0.00,0.00,0.00,0.00,0.00
Wales,Joe Rodon,24,8,8,720,8.00,0,0,0,0,0,0,0,0.00,0.00,0.00,0.00,0.00
Wales,Danny Ward,28,8,8,719,8.00,0,0,0,0,0,0,0,0.00,0.00,0.00,0.00,0.00
Wales,Connor Roberts,26,8,7,639,7.10,1,0,1,0,0,2,1,0.14,0.00,0.14,0.14,0.14
Wales,Neco Williams,20,7,7,614,6.80,1,1,1,0,0,1,0,0.15,0.15,0.29,0.15,0.29
Wales,Chris Mepham,24,8,7,592,6.60,0,0,0,0,0,0,0,0.00,0.00,0.00,0.00,0.00
Wales,Gareth Bale,32,7,7,569,6.30,5,4,3,2,2,0,0,0.79,0.63,1.42,0.47,1.11
Wales,Ben Davies,28,6,6,540,6.00,1,2,1,0,0,0,0,0.17,0.33,0.50,0.17,0.50
Wales,Aaron Ramsey,31,6,6,508,5.60,3,0,2,1,1,1,0,0.53,0.00,0.53,0.35,0.35
Wales,Harry Wilson,24,8,6,476,5.30,1,3,1,0,0,2,0,0.19,0.57,0.76,0.19,0.76
Wales,Joe Morrell,25,8,5,533,5.90,0,0,0,0,0,2,0,0.00,0.00,0.00,0.00,0.00
Wales,Kieffer Moore,29,6,4,381,4.20,2,0,2,0,0,3,0,0.47,0.00,0.47,0.47,0.47
Wales,James Lawrence,29,3,3,270,3.00,0,0,0,0,0,1,0,0.00,0.00,0.00,0.00,0.00
Wales,Chris Gunter,32,4,3,247,2.70,0,0,0,0,0,1,0,0.00,0.00,0.00,0.00,0.00
Wales,Wayne Hennessey,35,3,2,181,2.00,0,0,0,0,0,0,0,0.00,0.00,0.00,0.00,0.00
Wales,Brennan Johnson,20,6,1,139,1.50,0,0,0,0,0,0,0,0.00,0.00,0.00,0.00,0.00
Wales,Tyler Roberts,23,4,1,107,1.20,0,0,0,0,0,0,0,0.00,0.00,0.00,0.00,0.00
Wales,Sorba Thomas,22,2,1,105,1.20,0,0,0,0,0,1,0,0.00,0.00,0.00,0.00,0.00
Wales,Rubin Colwill,19,1,1,56,0.60,0,0,0,0,0,0,0,0.00,0.00,0.00,0.00,0.00
Wales,Jonny Williams,28,3,0,98,1.10,0,0,0,0,0,0,0,0.00,0.00,0.00,0.00,0.00
Wales,Mark Harris,23,3,0,82,0.90,0,0,0,0,0,0,0,0.00,0.00,0.00,0.00,0.00
Wales,Rhys Norrington-Davies,22,1,0,1,0.00,0,0,0,0,0,0,0,0.00,0.00,0.00,0.00,0.00
Wales,Squad Total,27,10,110,900,10.00,16,12,13,3,3,19,1,1.60,1.20,2.80,1.30,2.50
Wales,Opponent Total,28,10,110,900,10.00,9,6,7,2,2,21,1,0.90,0.60,1.50,0.70,1.30
